{
	"credit": "Made with Blockbench",
	"texture_size": [32, 32],
	"textures": {
		"6": "custom/end_rod",
		"particle": "custom/piston_bottom"
	},
	"elements": [
		{
			"name": "end_rod_piston",
			"from": [6.875, -1.225, 1.5],
			"to": [9.125, 1.025, 13.875],
			"rotation": {"angle": 0, "axis": "y", "origin": [4, 0, 4]},
			"faces": {
				"north": {"uv": [2, 0, 4, 2], "texture": "#6"},
				"east": {"uv": [0, 0, 2, 15], "rotation": 270, "texture": "#6"},
				"south": {"uv": [0, 0, 2, 15], "texture": "#6"},
				"west": {"uv": [0, 0, 2, 15], "rotation": 90, "texture": "#6"},
				"up": {"uv": [0, 0, 2, 15], "texture": "#6"},
				"down": {"uv": [0, 0, 2, 15], "texture": "#6"}
			}
		},
		{
			"name": "end_rod_piston",
			"from": [5.75, -2.35, 13.875],
			"to": [10.25, 2.15, 15],
			"rotation": {"angle": 0, "axis": "y", "origin": [4, 0, 4]},
			"faces": {
				"north": {"uv": [2, 2, 6, 6], "texture": "#6"},
				"east": {"uv": [5, 2, 6, 6], "texture": "#6"},
				"south": {"uv": [2, 4, 6, 8], "texture": "#6"},
				"west": {"uv": [2, 2, 3, 6], "texture": "#6"},
				"up": {"uv": [2, 2, 6, 3], "texture": "#6"},
				"down": {"uv": [2, 2, 6, 3], "texture": "#6"}
			}
		}
	],
	"display": {
		"thirdperson_righthand": {
			"rotation": [19, 2, 2],
			"translation": [0, 9, 1.5],
			"scale": [0.99, 1, 1]
		},
		"thirdperson_lefthand": {
			"rotation": [12, 0, 0],
			"translation": [0.25, 8.75, 0.25],
			"scale": [0.99, 1, 1]
		},
		"firstperson_righthand": {
			"rotation": [0, 1, 0],
			"translation": [3.25, 6, -2.25],
			"scale": [0.7, 0.72, 0.59]
		},
		"firstperson_lefthand": {
			"rotation": [0, 1, 0],
			"translation": [3.25, 6.5, -2],
			"scale": [0.7, 0.72, 0.59]
		},
		"ground": {
			"translation": [0, 8, 0]
		},
		"gui": {
			"rotation": [20, 41, 0],
			"translation": [1.25, 4.25, 0],
			"scale": [0.9, 0.9, 0.9]
		},
		"head": {
			"translation": [0, 11, 0],
			"scale": [2, 2, 2]
		}
	},
	"groups": [
		{
			"name": "sheep",
			"origin": [4, 0, 4],
			"color": 0,
			"children": [0, 1]
		}
	]
}