{
	"credit": "Made with Blockbench",
	"texture_size": [32, 32],
	"textures": {
		"2": "custom/piston_bottom",
		"3": "custom/piston_side",
		"4": "custom/piston_top_sticky",
		"5": "custom/baby_sheep",
		"6": "custom/end_rod",
		"7": "custom/redstone_torch",
		"11": "custom/sheep_gun_v2",
		"particle": "custom/piston_bottom"
	},
	"elements": [
		{
			"from": [6.5, 0.75, 8.25],
			"to": [9.5, 1.7, 11.75],
			"rotation": {"angle": 0, "axis": "y", "origin": [4, 1, 4]},
			"faces": {
				"north": {"uv": [7.5, 1.5, 9, 2], "texture": "#11"},
				"east": {"uv": [6.5, 5, 8.25, 5.5], "texture": "#11"},
				"south": {"uv": [2, 7.5, 3.5, 8], "texture": "#11"},
				"west": {"uv": [7, 1, 8.75, 1.5], "texture": "#11"},
				"up": {"uv": [4.5, 1.75, 3, 0], "texture": "#11"},
				"down": {"uv": [4.5, 2, 3, 3.75], "texture": "#11"}
			}
		},
		{
			"from": [6.5, 0.75, 11.75],
			"to": [7, 5, 14.25],
			"rotation": {"angle": 0, "axis": "y", "origin": [4, 1, 7.5]},
			"faces": {
				"north": {"uv": [6.5, 7, 6.75, 9.25], "texture": "#11"},
				"east": {"uv": [0, 0, 1.25, 2.25], "texture": "#11"},
				"south": {"uv": [7.5, 6, 7.75, 8.25], "texture": "#11"},
				"west": {"uv": [1.5, 0, 2.75, 2.25], "texture": "#11"},
				"up": {"uv": [2.75, 9.75, 2.5, 8.5], "texture": "#11"},
				"down": {"uv": [3.25, 8.5, 3, 9.75], "texture": "#11"}
			}
		},
		{
			"from": [9, 0.75, 11.75],
			"to": [9.5, 5, 14.25],
			"rotation": {"angle": 0, "axis": "y", "origin": [6.5, 1, 7.5]},
			"faces": {
				"north": {"uv": [0, 8, 0.25, 10.25], "texture": "#11"},
				"east": {"uv": [0, 2.5, 1.25, 4.75], "texture": "#11"},
				"south": {"uv": [0.5, 8, 0.75, 10.25], "texture": "#11"},
				"west": {"uv": [1.5, 2.5, 2.75, 4.75], "texture": "#11"},
				"up": {"uv": [3.75, 9.75, 3.5, 8.5], "texture": "#11"},
				"down": {"uv": [8.75, 3.5, 8.5, 4.75], "texture": "#11"}
			}
		},
		{
			"from": [7, 1, 11.75],
			"to": [9, 1.75, 13.5],
			"rotation": {"angle": 0, "axis": "y", "origin": [6, 1, 7.5]},
			"faces": {
				"north": {"uv": [7.5, 3.5, 8.5, 4], "texture": "#11"},
				"east": {"uv": [7.5, 4, 8.5, 4.5], "texture": "#11"},
				"south": {"uv": [7.5, 4.5, 8.5, 5], "texture": "#11"},
				"west": {"uv": [8, 0, 9, 0.5], "texture": "#11"},
				"up": {"uv": [7, 7, 6, 6], "texture": "#11"},
				"down": {"uv": [3, 6.5, 2, 7.5], "texture": "#11"}
			}
		},
		{
			"from": [7, -3, 9.75],
			"to": [9, 0.75, 11.75],
			"rotation": {"angle": -22.5, "axis": "x", "origin": [8, 0.75, 9.75]},
			"faces": {
				"north": {"uv": [3, 4, 4, 6], "texture": "#11"},
				"east": {"uv": [4, 4, 5, 6], "texture": "#11"},
				"south": {"uv": [4.5, 0, 5.5, 2], "texture": "#11"},
				"west": {"uv": [4.5, 2, 5.5, 4], "texture": "#11"},
				"up": {"uv": [7.5, 5, 6.5, 4], "texture": "#11"},
				"down": {"uv": [1, 7, 0, 8], "texture": "#11"}
			}
		},
		{
			"from": [7.5, -0.75, 7.75],
			"to": [8.5, 0.75, 8.75],
			"rotation": {"angle": 0, "axis": "x", "origin": [8, 0.75, 7.75]},
			"faces": {
				"north": {"uv": [8, 6.5, 8.5, 7.25], "texture": "#11"},
				"east": {"uv": [7, 8, 7.5, 8.75], "texture": "#11"},
				"south": {"uv": [8, 7.5, 8.5, 8.25], "texture": "#11"},
				"west": {"uv": [2, 8.5, 2.5, 9.25], "texture": "#11"},
				"up": {"uv": [9, 5.5, 8.5, 5], "texture": "#11"},
				"down": {"uv": [9, 6.5, 8.5, 7], "texture": "#11"}
			}
		},
		{
			"from": [7.875, 0.95, 5.25],
			"to": [8.375, 1.45, 6.75],
			"rotation": {"angle": 0, "axis": "y", "origin": [5.625, 1.2, 2.25]},
			"faces": {
				"north": {"uv": [7.5, 9, 7.75, 9.25], "texture": "#11"},
				"east": {"uv": [8.5, 8.5, 9.25, 8.75], "texture": "#11"},
				"south": {"uv": [9, 7.5, 9.25, 7.75], "texture": "#11"},
				"west": {"uv": [9, 0, 9.75, 0.25], "texture": "#11"},
				"up": {"uv": [9.25, 1.75, 9, 1], "texture": "#11"},
				"down": {"uv": [9.25, 2, 9, 2.75], "texture": "#11"}
			}
		},
		{
			"from": [7.875, 0.95, 3.75],
			"to": [8.375, 1.45, 5.25],
			"rotation": {"angle": 0, "axis": "y", "origin": [5.625, 1.2, 0.75]},
			"faces": {
				"north": {"uv": [7.5, 9, 7.75, 9.25], "texture": "#11"},
				"east": {"uv": [8.5, 8.5, 9.25, 8.75], "texture": "#11"},
				"south": {"uv": [9, 7.5, 9.25, 7.75], "texture": "#11"},
				"west": {"uv": [9, 0, 9.75, 0.25], "texture": "#11"},
				"up": {"uv": [9.25, 1.75, 9, 1], "texture": "#11"},
				"down": {"uv": [9.25, 2, 9, 2.75], "texture": "#11"}
			}
		},
		{
			"from": [6.375, 0.95, 3.25],
			"to": [9.625, 1.45, 3.75],
			"rotation": {"angle": 0, "axis": "y", "origin": [4.625, 1.2, 0.5]},
			"faces": {
				"north": {"uv": [8, 0.5, 9.75, 0.75], "texture": "#11"},
				"east": {"uv": [8, 9, 8.25, 9.25], "texture": "#11"},
				"south": {"uv": [2, 8, 3.75, 8.25], "texture": "#11"},
				"west": {"uv": [9, 8, 9.25, 8.25], "texture": "#11"},
				"up": {"uv": [9.75, 5.75, 8, 5.5], "texture": "#11"},
				"down": {"uv": [9.75, 6, 8, 6.25], "texture": "#11"}
			}
		},
		{
			"from": [6.375, 0.95, 2.5],
			"to": [6.875, 1.45, 3.25],
			"rotation": {"angle": 0, "axis": "y", "origin": [4.625, 1.2, 0.25]},
			"faces": {
				"north": {"uv": [8.5, 9, 8.75, 9.25], "texture": "#11"},
				"east": {"uv": [9, 3, 9.5, 3.25], "texture": "#11"},
				"south": {"uv": [9, 9, 9.25, 9.25], "texture": "#11"},
				"west": {"uv": [9, 3.5, 9.5, 3.75], "texture": "#11"},
				"up": {"uv": [4.25, 9.5, 4, 9], "texture": "#11"},
				"down": {"uv": [9.25, 4, 9, 4.5], "texture": "#11"}
			}
		},
		{
			"from": [7.75, 0.95, 2.5],
			"to": [8.25, 1.45, 3.25],
			"rotation": {"angle": 0, "axis": "y", "origin": [6.25, 1.2, 0.25]},
			"faces": {
				"north": {"uv": [9.5, 1, 9.75, 1.25], "texture": "#11"},
				"east": {"uv": [4.5, 9, 5, 9.25], "texture": "#11"},
				"south": {"uv": [9.5, 1.5, 9.75, 1.75], "texture": "#11"},
				"west": {"uv": [9, 4.5, 9.5, 4.75], "texture": "#11"},
				"up": {"uv": [5.25, 9.5, 5, 9], "texture": "#11"},
				"down": {"uv": [9.25, 5, 9, 5.5], "texture": "#11"}
			}
		},
		{
			"from": [9.125, 0.95, 2.5],
			"to": [9.625, 1.45, 3.25],
			"rotation": {"angle": 0, "axis": "y", "origin": [7.625, 1.2, 0.25]},
			"faces": {
				"north": {"uv": [2, 9.5, 2.25, 9.75], "texture": "#11"},
				"east": {"uv": [5.5, 9, 6, 9.25], "texture": "#11"},
				"south": {"uv": [9.5, 2, 9.75, 2.25], "texture": "#11"},
				"west": {"uv": [6, 9, 6.5, 9.25], "texture": "#11"},
				"up": {"uv": [9.25, 7, 9, 6.5], "texture": "#11"},
				"down": {"uv": [7.25, 9, 7, 9.5], "texture": "#11"}
			}
		},
		{
			"from": [6.5, 0.75, 6],
			"to": [9.5, 1.7, 8.25],
			"rotation": {"angle": 0, "axis": "y", "origin": [4, 1, 4]},
			"faces": {
				"north": {"uv": [7.5, 2, 9, 2.5], "texture": "#11"},
				"east": {"uv": [7.5, 3, 8.75, 3.5], "texture": "#11"},
				"south": {"uv": [7.5, 2.5, 9, 3], "texture": "#11"},
				"west": {"uv": [3.5, 7.5, 4.75, 8], "texture": "#11"},
				"up": {"uv": [6.5, 5.25, 5, 4], "texture": "#11"},
				"down": {"uv": [7, 0, 5.5, 1.25], "texture": "#11"}
			}
		},
		{
			"from": [7, 1.75, 11.75],
			"to": [9, 4.75, 13.5],
			"rotation": {"angle": 0, "axis": "y", "origin": [4, 1, 4]},
			"faces": {
				"north": {"uv": [2, 5, 3, 6.5], "texture": "#11"},
				"east": {"uv": [5, 5.5, 6, 7], "texture": "#11"},
				"south": {"uv": [3, 6, 4, 7.5], "texture": "#11"},
				"west": {"uv": [4, 6, 5, 7.5], "texture": "#11"},
				"up": {"uv": [8, 1, 7, 0], "texture": "#11"},
				"down": {"uv": [2, 7, 1, 8], "texture": "#11"}
			}
		},
		{
			"from": [7, 1, 13.5],
			"to": [9, 4.75, 14],
			"rotation": {"angle": 0, "axis": "y", "origin": [6, 1, 5.75]},
			"faces": {
				"north": {"uv": [0, 5, 1, 7], "texture": "#11"},
				"east": {"uv": [1, 8, 1.25, 10], "texture": "#11"},
				"south": {"uv": [1, 5, 2, 7], "texture": "#11"},
				"west": {"uv": [1.5, 8, 1.75, 10], "texture": "#11"},
				"up": {"uv": [9.5, 7.25, 8.5, 7], "texture": "#11"},
				"down": {"uv": [8.5, 8.5, 7.5, 8.75], "texture": "#11"}
			}
		},
		{
			"name": "sheep",
			"from": [6.5, 1.85, -2.125],
			"to": [9.5, 4.85, 3.375],
			"rotation": {"angle": 0, "axis": "x", "origin": [4, 8.5, 2.75]},
			"faces": {
				"north": {"uv": [0, 4.5, 1.5, 6], "texture": "#5"},
				"east": {"uv": [0, 0, 2.75, 1.5], "texture": "#5"},
				"south": {"uv": [1.5, 5.5, 3, 7], "texture": "#5"},
				"west": {"uv": [0, 1.5, 2.75, 3], "texture": "#5"},
				"up": {"uv": [4.25, 2.75, 2.75, 0], "texture": "#5"},
				"down": {"uv": [4.25, 2.75, 2.75, 5.5], "texture": "#5"}
			}
		},
		{
			"name": "sheep",
			"from": [6.625, 0.85, 2],
			"to": [7.875, 1.85, 3.25],
			"rotation": {"angle": 0, "axis": "y", "origin": [4, 0, 2.75]},
			"faces": {
				"north": {"uv": [7.75, 7.5, 8.5, 8], "texture": "#5"},
				"east": {"uv": [0, 8, 0.75, 8.5], "texture": "#5"},
				"south": {"uv": [8, 2.75, 8.75, 3.25], "texture": "#5"},
				"west": {"uv": [8, 3.25, 8.75, 3.75], "texture": "#5"},
				"up": {"uv": [4.5, 7.75, 3.75, 7], "texture": "#5"},
				"down": {"uv": [5.25, 7, 4.5, 7.75], "texture": "#5"}
			}
		},
		{
			"name": "sheep",
			"from": [6.75, -0.4, 2.125],
			"to": [7.75, 1.1, 3.125],
			"rotation": {"angle": 0, "axis": "y", "origin": [4, 0, 2.75]},
			"faces": {
				"north": {"uv": [3.25, 7.75, 3.75, 8.5], "texture": "#5"},
				"east": {"uv": [3.75, 7.75, 4.25, 8.5], "texture": "#5"},
				"south": {"uv": [4.25, 7.75, 4.75, 8.5], "texture": "#5"},
				"west": {"uv": [4.75, 7.75, 5.25, 8.5], "texture": "#5"},
				"up": {"uv": [7.25, 8.5, 6.75, 8], "texture": "#5"},
				"down": {"uv": [7.75, 8, 7.25, 8.5], "texture": "#5"}
			}
		},
		{
			"name": "sheep",
			"from": [6.75, -0.4, -1.625],
			"to": [7.75, 1.1, -0.625],
			"rotation": {"angle": 0, "axis": "y", "origin": [4, 0, 2.75]},
			"faces": {
				"north": {"uv": [0.75, 7.5, 1.25, 8.25], "texture": "#5"},
				"east": {"uv": [7.5, 4.5, 8, 5.25], "texture": "#5"},
				"south": {"uv": [7.5, 5.25, 8, 6], "texture": "#5"},
				"west": {"uv": [5.75, 7.5, 6.25, 8.25], "texture": "#5"},
				"up": {"uv": [8.5, 4.75, 8, 4.25], "texture": "#5"},
				"down": {"uv": [8.5, 4.75, 8, 5.25], "texture": "#5"}
			}
		},
		{
			"name": "sheep",
			"from": [6.625, 0.85, -1.75],
			"to": [7.875, 1.85, -0.5],
			"rotation": {"angle": 0, "axis": "y", "origin": [4, 0, 2.75]},
			"faces": {
				"north": {"uv": [7.5, 6, 8.25, 6.5], "texture": "#5"},
				"east": {"uv": [6.25, 7.5, 7, 8], "texture": "#5"},
				"south": {"uv": [7.5, 6.5, 8.25, 7], "texture": "#5"},
				"west": {"uv": [7, 7.5, 7.75, 8], "texture": "#5"},
				"up": {"uv": [2.25, 5.25, 1.5, 4.5], "texture": "#5"},
				"down": {"uv": [2.25, 7, 1.5, 7.75], "texture": "#5"}
			}
		},
		{
			"name": "sheep",
			"from": [8.25, -0.4, -1.625],
			"to": [9.25, 1.1, -0.625],
			"rotation": {"angle": 0, "axis": "y", "origin": [4, 0, 2.75]},
			"faces": {
				"north": {"uv": [2.25, 4.5, 2.75, 5.25], "texture": "#5"},
				"east": {"uv": [5.25, 7, 5.75, 7.75], "texture": "#5"},
				"south": {"uv": [7.25, 1.5, 7.75, 2.25], "texture": "#5"},
				"west": {"uv": [7.25, 2.25, 7.75, 3], "texture": "#5"},
				"up": {"uv": [5.75, 8.25, 5.25, 7.75], "texture": "#5"},
				"down": {"uv": [8.5, 3.75, 8, 4.25], "texture": "#5"}
			}
		},
		{
			"name": "sheep",
			"from": [8.125, 0.85, -1.75],
			"to": [9.375, 1.85, -0.5],
			"rotation": {"angle": 0, "axis": "y", "origin": [4, 0, 2.75]},
			"faces": {
				"north": {"uv": [7.25, 3, 8, 3.5], "texture": "#5"},
				"east": {"uv": [7.25, 3.5, 8, 4], "texture": "#5"},
				"south": {"uv": [7.25, 4, 8, 4.5], "texture": "#5"},
				"west": {"uv": [0, 7.5, 0.75, 8], "texture": "#5"},
				"up": {"uv": [2.75, 3.75, 2, 3], "texture": "#5"},
				"down": {"uv": [2.75, 3.75, 2, 4.5], "texture": "#5"}
			}
		},
		{
			"name": "sheep",
			"from": [8.25, -0.4, 2.125],
			"to": [9.25, 1.1, 3.125],
			"rotation": {"angle": 0, "axis": "y", "origin": [4, 0, 2.75]},
			"faces": {
				"north": {"uv": [7.75, 0, 8.25, 0.75], "texture": "#5"},
				"east": {"uv": [7.75, 0.75, 8.25, 1.5], "texture": "#5"},
				"south": {"uv": [1.25, 7.75, 1.75, 8.5], "texture": "#5"},
				"west": {"uv": [7.75, 1.5, 8.25, 2.25], "texture": "#5"},
				"up": {"uv": [8.5, 5.75, 8, 5.25], "texture": "#5"},
				"down": {"uv": [6.75, 8, 6.25, 8.5], "texture": "#5"}
			}
		},
		{
			"name": "sheep",
			"from": [8.125, 0.85, 2],
			"to": [9.375, 1.85, 3.25],
			"rotation": {"angle": 0, "axis": "y", "origin": [4, 0, 2.75]},
			"faces": {
				"north": {"uv": [7.5, 7, 8.25, 7.5], "texture": "#5"},
				"east": {"uv": [1.75, 7.75, 2.5, 8.25], "texture": "#5"},
				"south": {"uv": [7.75, 2.25, 8.5, 2.75], "texture": "#5"},
				"west": {"uv": [2.5, 7.75, 3.25, 8.25], "texture": "#5"},
				"up": {"uv": [3, 7.75, 2.25, 7], "texture": "#5"},
				"down": {"uv": [3.75, 7, 3, 7.75], "texture": "#5"}
			}
		},
		{
			"name": "sheep",
			"from": [6.5, 3.35, -5.125],
			"to": [9.5, 6.35, -1.125],
			"rotation": {"angle": 0, "axis": "y", "origin": [4, 0, 2.75]},
			"faces": {
				"north": {"uv": [3, 5.5, 4.5, 7], "texture": "#5"},
				"east": {"uv": [0, 3, 2, 4.5], "texture": "#5"},
				"south": {"uv": [4.5, 5.5, 6, 7], "texture": "#5"},
				"west": {"uv": [4.25, 0, 6.25, 1.5], "texture": "#5"},
				"up": {"uv": [5.75, 3.5, 4.25, 1.5], "texture": "#5"},
				"down": {"uv": [5.75, 3.5, 4.25, 5.5], "texture": "#5"}
			}
		},
		{
			"name": "sheep",
			"from": [6.2, 3.05, -4.425],
			"to": [9.8, 6.65, -0.825],
			"rotation": {"angle": 0, "axis": "y", "origin": [4, 0, 2.75]},
			"faces": {
				"north": {"uv": [5.75, 1.5, 7.25, 3], "texture": "#5"},
				"east": {"uv": [5.75, 3, 7.25, 4.5], "texture": "#5"},
				"south": {"uv": [0, 6, 1.5, 7.5], "texture": "#5"},
				"west": {"uv": [6, 4.5, 7.5, 6], "texture": "#5"},
				"up": {"uv": [7.5, 7.5, 6, 6], "texture": "#5"},
				"down": {"uv": [7.75, 0, 6.25, 1.5], "texture": "#5"}
			}
		},
		{
			"name": "end_rod_piston",
			"from": [7.71875, 3.44375, 4.375],
			"to": [8.28125, 4.00625, 7.46875],
			"rotation": {"angle": 0, "axis": "y", "origin": [4, 0, 4]},
			"faces": {
				"north": {"uv": [2, 0, 4, 2], "texture": "#6"},
				"east": {"uv": [0, 0, 2, 15], "rotation": 270, "texture": "#6"},
				"south": {"uv": [0, 0, 2, 15], "texture": "#6"},
				"west": {"uv": [0, 0, 2, 15], "rotation": 90, "texture": "#6"},
				"up": {"uv": [0, 0, 2, 15], "texture": "#6"},
				"down": {"uv": [0, 0, 2, 15], "texture": "#6"}
			}
		},
		{
			"name": "end_rod_piston",
			"from": [7.4375, 3.1625, 7.46875],
			"to": [8.5625, 4.2875, 7.75],
			"rotation": {"angle": 0, "axis": "y", "origin": [4, 0, 4]},
			"faces": {
				"north": {"uv": [2, 2, 6, 6], "texture": "#6"},
				"east": {"uv": [5, 2, 6, 6], "texture": "#6"},
				"south": {"uv": [2, 4, 6, 8], "texture": "#6"},
				"west": {"uv": [2, 2, 3, 6], "texture": "#6"},
				"up": {"uv": [2, 2, 6, 3], "texture": "#6"},
				"down": {"uv": [2, 2, 6, 3], "texture": "#6"}
			}
		},
		{
			"name": "end_rod_piston",
			"from": [6, 1.725, 7.75],
			"to": [10, 5.725, 11.75],
			"rotation": {"angle": 0, "axis": "y", "origin": [4, 0, 4]},
			"faces": {
				"north": {"uv": [1, 1, 15, 15], "texture": "#4"},
				"east": {"uv": [1, 0, 15, 14], "rotation": 90, "texture": "#3"},
				"south": {"uv": [1, 1, 15, 15], "texture": "#2"},
				"west": {"uv": [1, 0, 15, 14], "rotation": 270, "texture": "#3"},
				"up": {"uv": [1, 0, 15, 14], "texture": "#3"},
				"down": {"uv": [1, 0, 15, 14], "rotation": 180, "texture": "#3"}
			}
		},
		{
			"from": [7.5, 1.5, 13.5],
			"to": [8.5, 6.25, 14.5],
			"rotation": {"angle": 22.5, "axis": "x", "origin": [8, 1.5, 13.5]},
			"faces": {
				"north": {"uv": [7, 6, 9, 16], "texture": "#7"},
				"east": {"uv": [7, 6, 9, 16], "texture": "#7"},
				"south": {"uv": [7, 6, 9, 16], "texture": "#7"},
				"west": {"uv": [7, 6, 9, 16], "texture": "#7"},
				"up": {"uv": [9, 8, 7, 6], "texture": "#7"},
				"down": {"uv": [9, 16, 7, 14], "rotation": 90, "texture": "#7"}
			}
		},
		{
			"from": [7.5, 5.25, 13],
			"to": [7.5, 6.25, 13.5],
			"rotation": {"angle": 22.5, "axis": "x", "origin": [8, 1.5, 13.5]},
			"faces": {
				"north": {"uv": [1, 1, 3, 3], "texture": "#7"},
				"east": {"uv": [1, 2, 3, 3], "rotation": 90, "texture": "#7"},
				"south": {"uv": [7, 5, 9, 6], "rotation": 90, "texture": "#7"},
				"west": {"uv": [7, 5, 9, 6], "rotation": 270, "texture": "#7"},
				"up": {"uv": [1, 1, 3, 3], "texture": "#7"},
				"down": {"uv": [1, 1, 3, 3], "rotation": 180, "texture": "#7"}
			}
		},
		{
			"from": [7.5, 5.25, 14.5],
			"to": [7.5, 6.25, 15],
			"rotation": {"angle": 22.5, "axis": "x", "origin": [8, 1.5, 13.5]},
			"faces": {
				"north": {"uv": [1, 1, 3, 3], "rotation": 180, "texture": "#7"},
				"east": {"uv": [1, 1, 3, 3], "rotation": 270, "texture": "#7"},
				"south": {"uv": [1, 1, 3, 3], "texture": "#7"},
				"west": {"uv": [7, 5, 9, 6], "rotation": 90, "texture": "#7"},
				"up": {"uv": [1, 1, 3, 3], "rotation": 180, "texture": "#7"},
				"down": {"uv": [1, 1, 3, 3], "texture": "#7"}
			}
		},
		{
			"from": [7, 5.25, 13.5],
			"to": [7.5, 6.25, 13.5],
			"rotation": {"angle": 22.5, "axis": "x", "origin": [8, 1.5, 13.5]},
			"faces": {
				"north": {"uv": [7, 5, 9, 6], "rotation": 90, "texture": "#7"},
				"east": {"uv": [1, 1, 3, 3], "rotation": 180, "texture": "#7"},
				"south": {"uv": [1, 1, 3, 3], "rotation": 270, "texture": "#7"},
				"west": {"uv": [1, 1, 3, 3], "texture": "#7"},
				"up": {"uv": [1, 1, 3, 3], "rotation": 270, "texture": "#7"},
				"down": {"uv": [1, 1, 3, 3], "rotation": 270, "texture": "#7"}
			}
		},
		{
			"from": [8.5, 5.25, 13],
			"to": [8.5, 6.25, 13.5],
			"rotation": {"angle": 22.5, "axis": "x", "origin": [8, 1.5, 13.5]},
			"faces": {
				"north": {"uv": [1, 1, 3, 3], "texture": "#7"},
				"east": {"uv": [7, 5, 9, 6], "rotation": 90, "texture": "#7"},
				"south": {"uv": [1, 1, 3, 3], "rotation": 180, "texture": "#7"},
				"west": {"uv": [1, 1, 3, 3], "rotation": 270, "texture": "#7"},
				"up": {"uv": [1, 1, 3, 3], "texture": "#7"},
				"down": {"uv": [1, 1, 3, 3], "rotation": 180, "texture": "#7"}
			}
		},
		{
			"from": [7.5, 6.25, 13.5],
			"to": [7.5, 6.75, 14.5],
			"rotation": {"angle": 22.5, "axis": "x", "origin": [8, 1.5, 13.5]},
			"faces": {
				"north": {"uv": [1, 1, 3, 3], "texture": "#7"},
				"east": {"uv": [1, 1, 3, 3], "texture": "#7"},
				"south": {"uv": [1, 1, 3, 3], "texture": "#7"},
				"west": {"uv": [7, 5, 9, 6], "texture": "#7"},
				"up": {"uv": [1, 1, 3, 3], "texture": "#7"},
				"down": {"uv": [1, 1, 3, 3], "texture": "#7"}
			}
		},
		{
			"from": [7.5, 6.25, 13.5],
			"to": [8.5, 6.75, 13.5],
			"rotation": {"angle": 22.5, "axis": "x", "origin": [8, 1.5, 13.5]},
			"faces": {
				"north": {"uv": [7, 5, 9, 6], "texture": "#7"},
				"east": {"uv": [1, 1, 3, 3], "texture": "#7"},
				"south": {"uv": [1, 1, 3, 3], "texture": "#7"},
				"west": {"uv": [1, 1, 3, 3], "texture": "#7"},
				"up": {"uv": [1, 1, 3, 3], "rotation": 90, "texture": "#7"},
				"down": {"uv": [1, 1, 3, 3], "rotation": 270, "texture": "#7"}
			}
		},
		{
			"from": [8.5, 5.25, 14.5],
			"to": [9, 6.25, 14.5],
			"rotation": {"angle": 22.5, "axis": "x", "origin": [8, 1.5, 13.5]},
			"faces": {
				"north": {"uv": [1, 1, 3, 3], "rotation": 270, "texture": "#7"},
				"east": {"uv": [1, 1, 3, 3], "texture": "#7"},
				"south": {"uv": [7, 5, 9, 6], "rotation": 90, "texture": "#7"},
				"west": {"uv": [1, 1, 3, 3], "rotation": 180, "texture": "#7"},
				"up": {"uv": [1, 1, 3, 3], "rotation": 90, "texture": "#7"},
				"down": {"uv": [1, 1, 3, 3], "rotation": 90, "texture": "#7"}
			}
		},
		{
			"from": [8.5, 5.25, 14.5],
			"to": [8.5, 6.25, 15],
			"rotation": {"angle": 22.5, "axis": "x", "origin": [8, 1.5, 13.5]},
			"faces": {
				"north": {"uv": [7, 5, 9, 6], "rotation": 90, "texture": "#7"},
				"east": {"uv": [7, 5, 9, 6], "rotation": 270, "texture": "#7"},
				"south": {"uv": [1, 1, 3, 3], "texture": "#7"},
				"west": {"uv": [1, 2, 3, 3], "rotation": 90, "texture": "#7"},
				"up": {"uv": [1, 1, 3, 3], "rotation": 180, "texture": "#7"},
				"down": {"uv": [1, 1, 3, 3], "texture": "#7"}
			}
		},
		{
			"from": [7, 5.25, 14.5],
			"to": [7.5, 6.25, 14.5],
			"rotation": {"angle": 22.5, "axis": "x", "origin": [8, 1.5, 13.5]},
			"faces": {
				"north": {"uv": [1, 2, 3, 3], "rotation": 90, "texture": "#7"},
				"east": {"uv": [7, 5, 9, 6], "rotation": 90, "texture": "#7"},
				"south": {"uv": [7, 5, 9, 6], "rotation": 270, "texture": "#7"},
				"west": {"uv": [1, 1, 3, 3], "texture": "#7"},
				"up": {"uv": [1, 1, 3, 3], "rotation": 270, "texture": "#7"},
				"down": {"uv": [1, 1, 3, 3], "rotation": 270, "texture": "#7"}
			}
		},
		{
			"from": [7.5, 6.25, 14.5],
			"to": [8.5, 6.75, 14.5],
			"rotation": {"angle": 22.5, "axis": "x", "origin": [8, 1.5, 13.5]},
			"faces": {
				"north": {"uv": [1, 1, 3, 3], "texture": "#7"},
				"east": {"uv": [1, 1, 3, 3], "texture": "#7"},
				"south": {"uv": [7, 5, 9, 6], "texture": "#7"},
				"west": {"uv": [1, 1, 3, 3], "texture": "#7"},
				"up": {"uv": [1, 1, 3, 3], "rotation": 270, "texture": "#7"},
				"down": {"uv": [1, 1, 3, 3], "rotation": 90, "texture": "#7"}
			}
		},
		{
			"from": [8.5, 6.25, 13.5],
			"to": [8.5, 6.75, 14.5],
			"rotation": {"angle": 22.5, "axis": "x", "origin": [8, 1.5, 13.5]},
			"faces": {
				"north": {"uv": [1, 1, 3, 3], "texture": "#7"},
				"east": {"uv": [7, 5, 9, 6], "texture": "#7"},
				"south": {"uv": [1, 1, 3, 3], "texture": "#7"},
				"west": {"uv": [1, 1, 3, 3], "texture": "#7"},
				"up": {"uv": [1, 1, 3, 3], "rotation": 180, "texture": "#7"},
				"down": {"uv": [1, 1, 3, 3], "rotation": 180, "texture": "#7"}
			}
		},
		{
			"from": [8.5, 5.25, 13.5],
			"to": [9, 6.25, 13.5],
			"rotation": {"angle": 22.5, "axis": "x", "origin": [8, 1.5, 13.5]},
			"faces": {
				"north": {"uv": [7, 5, 9, 6], "rotation": 270, "texture": "#7"},
				"east": {"uv": [1, 1, 3, 3], "texture": "#7"},
				"south": {"uv": [1, 2, 3, 3], "rotation": 90, "texture": "#7"},
				"west": {"uv": [7, 5, 9, 6], "rotation": 90, "texture": "#7"},
				"up": {"uv": [1, 1, 3, 3], "rotation": 90, "texture": "#7"},
				"down": {"uv": [1, 1, 3, 3], "rotation": 90, "texture": "#7"}
			}
		}
	],
	"display": {
		"thirdperson_righthand": {
			"rotation": [19, 2, 2],
			"translation": [0, 9, 1.5],
			"scale": [0.99, 1, 1]
		},
		"thirdperson_lefthand": {
			"rotation": [12, 0, 0],
			"translation": [0.25, 8.75, 0.25],
			"scale": [0.99, 1, 1]
		},
		"firstperson_righthand": {
			"rotation": [0, -10, 0],
			"translation": [16, 5, -1.25],
			"scale": [0.7, 0.72, 0.59]
		},
		"firstperson_lefthand": {
			"rotation": [0, 1, 0],
			"translation": [3.25, 6.5, -2],
			"scale": [0.7, 0.72, 0.59]
		},
		"ground": {
			"translation": [0, 8, 0]
		},
		"gui": {
			"rotation": [20, 41, 0],
			"translation": [1.25, 4.25, 0],
			"scale": [0.9, 0.9, 0.9]
		},
		"head": {
			"translation": [0, 23, 0]
		}
	},
	"groups": [
		0,
		1,
		2,
		3,
		4,
		5,
		6,
		7,
		8,
		9,
		10,
		11,
		12,
		13,
		14,
		{
			"name": "sheep",
			"origin": [4, 0, 4],
			"color": 0,
			"children": [
				{
					"name": "group",
					"origin": [4, 0, 3.75],
					"color": 0,
					"children": [15, 16, 17, 18, 19, 20, 21, 22, 23, 24, 25]
				},
				26,
				27,
				28
			]
		},
		{
			"name": "redstone_torch",
			"origin": [8, 13, 13.5],
			"color": 0,
			"children": [29, 30, 31, 32, 33, 34, 35, 36, 37, 38, 39, 40, 41]
		}
	]
}