{
	"credit": "Made with Blockbench",
	"texture_size": [32, 32],
	"textures": {
		"2": "custom/piston_bottom",
		"3": "custom/piston_side",
		"4": "custom/piston_top_sticky",
		"6": "custom/end_rod",
		"9": "custom/sheep_gun_v3",
		"particle": "custom/piston_bottom"
	},
	"elements": [
		{
			"name": "end_rod_piston",
			"from": [7.71875, 3.44375, 4.375],
			"to": [8.28125, 4.00625, 7.46875],
			"rotation": {"angle": 0, "axis": "y", "origin": [4, 0, 4]},
			"faces": {
				"north": {"uv": [2, 0, 4, 2], "texture": "#6"},
				"east": {"uv": [0, 0, 2, 15], "rotation": 270, "texture": "#6"},
				"south": {"uv": [0, 0, 2, 15], "texture": "#6"},
				"west": {"uv": [0, 0, 2, 15], "rotation": 90, "texture": "#6"},
				"up": {"uv": [0, 0, 2, 15], "texture": "#6"},
				"down": {"uv": [0, 0, 2, 15], "texture": "#6"}
			}
		},
		{
			"name": "end_rod_piston",
			"from": [7.4375, 3.1625, 7.46875],
			"to": [8.5625, 4.2875, 7.75],
			"rotation": {"angle": 0, "axis": "y", "origin": [4, 0, 4]},
			"faces": {
				"north": {"uv": [2, 2, 6, 6], "texture": "#6"},
				"east": {"uv": [5, 2, 6, 6], "texture": "#6"},
				"south": {"uv": [2, 4, 6, 8], "texture": "#6"},
				"west": {"uv": [2, 2, 3, 6], "texture": "#6"},
				"up": {"uv": [2, 2, 6, 3], "texture": "#6"},
				"down": {"uv": [2, 2, 6, 3], "texture": "#6"}
			}
		},
		{
			"name": "end_rod_piston",
			"from": [6, 1.725, 7.75],
			"to": [10, 5.725, 11.75],
			"rotation": {"angle": 0, "axis": "y", "origin": [4, 0, 4]},
			"faces": {
				"north": {"uv": [1, 1, 15, 15], "texture": "#4"},
				"east": {"uv": [1, 0, 15, 14], "rotation": 90, "texture": "#3"},
				"south": {"uv": [1, 1, 15, 15], "texture": "#2"},
				"west": {"uv": [1, 0, 15, 14], "rotation": 270, "texture": "#3"},
				"up": {"uv": [1, 0, 15, 14], "texture": "#3"},
				"down": {"uv": [1, 0, 15, 14], "rotation": 180, "texture": "#3"}
			}
		},
		{
			"from": [6.5, 0.75, 6],
			"to": [9.5, 1.7, 8.25],
			"rotation": {"angle": 0, "axis": "y", "origin": [4, 1, 4]},
			"faces": {
				"north": {"uv": [9, 6, 10.5, 6.5], "texture": "#9"},
				"east": {"uv": [9.5, 2.5, 10.75, 3], "texture": "#9"},
				"south": {"uv": [9, 8.5, 10.5, 9], "texture": "#9"},
				"west": {"uv": [9.5, 3, 10.75, 3.5], "texture": "#9"},
				"up": {"uv": [8.5, 5.25, 7, 4], "texture": "#9"},
				"down": {"uv": [9, 0, 7.5, 1.25], "texture": "#9"}
			}
		},
		{
			"from": [6.5, 0.75, 8.25],
			"to": [9.5, 1.7, 11.75],
			"rotation": {"angle": 0, "axis": "y", "origin": [4, 1, 4]},
			"faces": {
				"north": {"uv": [9, 9, 10.5, 9.5], "texture": "#9"},
				"east": {"uv": [8.5, 5, 10.25, 5.5], "texture": "#9"},
				"south": {"uv": [1.5, 9.5, 3, 10], "texture": "#9"},
				"west": {"uv": [9, 0, 10.75, 0.5], "texture": "#9"},
				"up": {"uv": [7, 4.25, 5.5, 2.5], "texture": "#9"},
				"down": {"uv": [7, 4.5, 5.5, 6.25], "texture": "#9"}
			}
		},
		{
			"from": [7, -3, 9.75],
			"to": [9, 0.75, 11.75],
			"rotation": {"angle": -22.5, "axis": "x", "origin": [8, 0.75, 9.75]},
			"faces": {
				"north": {"uv": [4.5, 6.5, 5.5, 8.5], "texture": "#9"},
				"east": {"uv": [5.5, 6.5, 6.5, 8.5], "texture": "#9"},
				"south": {"uv": [6.5, 6.5, 7.5, 8.5], "texture": "#9"},
				"west": {"uv": [7, 2, 8, 4], "texture": "#9"},
				"up": {"uv": [5.5, 3.5, 4.5, 2.5], "texture": "#9"},
				"down": {"uv": [9.5, 4, 8.5, 5], "texture": "#9"}
			}
		},
		{
			"from": [7.5, -0.75, 7.75],
			"to": [8.5, 0.75, 8.75],
			"rotation": {"angle": 0, "axis": "x", "origin": [8, 0.75, 7.75]},
			"faces": {
				"north": {"uv": [4, 10, 4.5, 10.75], "texture": "#9"},
				"east": {"uv": [4.5, 10, 5, 10.75], "texture": "#9"},
				"south": {"uv": [5, 10, 5.5, 10.75], "texture": "#9"},
				"west": {"uv": [5.5, 10, 6, 10.75], "texture": "#9"},
				"up": {"uv": [6.5, 2.5, 6, 2], "texture": "#9"},
				"down": {"uv": [3.5, 6, 3, 6.5], "texture": "#9"}
			}
		},
		{
			"from": [6.48921, 0.95, 4.55711],
			"to": [6.98921, 1.45, 6.05711],
			"rotation": {"angle": 45, "axis": "y", "origin": [6.98921, 1.2, 6.05711]},
			"faces": {
				"north": {"uv": [12.5, 5.5, 12.75, 5.75], "texture": "#9"},
				"east": {"uv": [11, 1, 11.75, 1.25], "texture": "#9"},
				"south": {"uv": [6, 12.5, 6.25, 12.75], "texture": "#9"},
				"west": {"uv": [11, 2.5, 11.75, 2.75], "texture": "#9"},
				"up": {"uv": [4.25, 11.75, 4, 11], "texture": "#9"},
				"down": {"uv": [4.75, 11, 4.5, 11.75], "texture": "#9"}
			}
		},
		{
			"from": [9.925, 0.95, 2.6],
			"to": [10.425, 1.45, 3.85],
			"rotation": {"angle": 45, "axis": "y", "origin": [10.425, 1.2, 3.85]},
			"faces": {
				"north": {"uv": [12.5, 6, 12.75, 6.25], "texture": "#9"},
				"east": {"uv": [11, 3, 11.75, 3.25], "texture": "#9"},
				"south": {"uv": [6.5, 12.5, 6.75, 12.75], "texture": "#9"},
				"west": {"uv": [11, 4.5, 11.75, 4.75], "texture": "#9"},
				"up": {"uv": [5.25, 11.75, 5, 11], "texture": "#9"},
				"down": {"uv": [5.75, 11, 5.5, 11.75], "texture": "#9"}
			}
		},
		{
			"from": [9.36434, 0.95, 5.91066],
			"to": [10.86434, 1.45, 6.41066],
			"rotation": {"angle": 45, "axis": "y", "origin": [9.36434, 1.2, 6.41066]},
			"faces": {
				"north": {"uv": [11, 5.5, 11.75, 5.75], "texture": "#9"},
				"east": {"uv": [12.5, 6.5, 12.75, 6.75], "texture": "#9"},
				"south": {"uv": [11, 6, 11.75, 6.25], "texture": "#9"},
				"west": {"uv": [7, 12.5, 7.25, 12.75], "texture": "#9"},
				"up": {"uv": [11.75, 6.75, 11, 6.5], "texture": "#9"},
				"down": {"uv": [11.75, 7, 11, 7.25], "texture": "#9"}
			}
		},
		{
			"from": [5.575, 0.95, 3.85],
			"to": [6.075, 1.45, 5.35],
			"rotation": {"angle": 0, "axis": "y", "origin": [6.075, 1.2, 5.35]},
			"faces": {
				"north": {"uv": [12.5, 7, 12.75, 7.25], "texture": "#9"},
				"east": {"uv": [11, 7.5, 11.75, 7.75], "texture": "#9"},
				"south": {"uv": [7.5, 12.5, 7.75, 12.75], "texture": "#9"},
				"west": {"uv": [11, 8, 11.75, 8.25], "texture": "#9"},
				"up": {"uv": [11.25, 9.25, 11, 8.5], "texture": "#9"},
				"down": {"uv": [10.75, 11, 10.5, 11.75], "texture": "#9"}
			}
		},
		{
			"from": [9.925, 0.95, 3.85],
			"to": [10.425, 1.45, 5.35],
			"rotation": {"angle": 0, "axis": "y", "origin": [5.425, 1.2, 5.35]},
			"faces": {
				"north": {"uv": [12.5, 7.5, 12.75, 7.75], "texture": "#9"},
				"east": {"uv": [11, 11, 11.75, 11.25], "texture": "#9"},
				"south": {"uv": [8, 12.5, 8.25, 12.75], "texture": "#9"},
				"west": {"uv": [11.5, 0.5, 12.25, 0.75], "texture": "#9"},
				"up": {"uv": [11.75, 2.25, 11.5, 1.5], "texture": "#9"},
				"down": {"uv": [3.25, 11.5, 3, 12.25], "texture": "#9"}
			}
		},
		{
			"from": [5.425, 0.95, 2.7],
			"to": [5.925, 1.45, 4.2],
			"rotation": {"angle": -45, "axis": "y", "origin": [5.925, 1.2, 4.2]},
			"faces": {
				"north": {"uv": [12.5, 8, 12.75, 8.25], "texture": "#9"},
				"east": {"uv": [11.5, 3.5, 12.25, 3.75], "texture": "#9"},
				"south": {"uv": [8.5, 12.5, 8.75, 12.75], "texture": "#9"},
				"west": {"uv": [11.5, 5, 12.25, 5.25], "texture": "#9"},
				"up": {"uv": [6.25, 12.25, 6, 11.5], "texture": "#9"},
				"down": {"uv": [6.75, 11.5, 6.5, 12.25], "texture": "#9"}
			}
		},
		{
			"from": [6.375, 0.95, 1.75],
			"to": [6.875, 1.45, 3.5],
			"rotation": {"angle": 0, "axis": "y", "origin": [4.625, 1.2, 0.25]},
			"faces": {
				"north": {"uv": [12.5, 8.5, 12.75, 8.75], "texture": "#9"},
				"east": {"uv": [2, 8, 3, 8.25], "texture": "#9"},
				"south": {"uv": [9, 12.5, 9.25, 12.75], "texture": "#9"},
				"west": {"uv": [10.5, 1.5, 11.5, 1.75], "texture": "#9"},
				"up": {"uv": [10.75, 8.5, 10.5, 7.5], "texture": "#9"},
				"down": {"uv": [8.25, 10.5, 8, 11.5], "texture": "#9"}
			}
		},
		{
			"from": [9.125, 0.95, 1.75],
			"to": [9.625, 1.45, 3.5],
			"rotation": {"angle": 0, "axis": "y", "origin": [7.375, 1.2, 0.25]},
			"faces": {
				"north": {"uv": [12.5, 9, 12.75, 9.25], "texture": "#9"},
				"east": {"uv": [10.5, 2, 11.5, 2.25], "texture": "#9"},
				"south": {"uv": [9.5, 12.5, 9.75, 12.75], "texture": "#9"},
				"west": {"uv": [10.5, 3.5, 11.5, 3.75], "texture": "#9"},
				"up": {"uv": [8.75, 11.5, 8.5, 10.5], "texture": "#9"},
				"down": {"uv": [10.75, 8.5, 10.5, 9.5], "texture": "#9"}
			}
		},
		{
			"from": [6.875, 0.95, 1.75],
			"to": [7.625, 1.45, 2.25],
			"rotation": {"angle": 0, "axis": "y", "origin": [5.125, 1.2, 0.25]},
			"faces": {
				"north": {"uv": [12, 2.5, 12.5, 2.75], "texture": "#9"},
				"east": {"uv": [12.5, 9.5, 12.75, 9.75], "texture": "#9"},
				"south": {"uv": [12, 3, 12.5, 3.25], "texture": "#9"},
				"west": {"uv": [10, 12.5, 10.25, 12.75], "texture": "#9"},
				"up": {"uv": [4, 12.25, 3.5, 12], "texture": "#9"},
				"down": {"uv": [4.5, 12, 4, 12.25], "texture": "#9"}
			}
		},
		{
			"from": [8.375, 0.95, 1.75],
			"to": [9.125, 1.45, 2.25],
			"rotation": {"angle": 0, "axis": "y", "origin": [6.625, 1.2, 0.25]},
			"faces": {
				"north": {"uv": [12, 4, 12.5, 4.25], "texture": "#9"},
				"east": {"uv": [12.5, 10, 12.75, 10.25], "texture": "#9"},
				"south": {"uv": [4.5, 12, 5, 12.25], "texture": "#9"},
				"west": {"uv": [10.5, 12.5, 10.75, 12.75], "texture": "#9"},
				"up": {"uv": [12.5, 4.75, 12, 4.5], "texture": "#9"},
				"down": {"uv": [5.5, 12, 5, 12.25], "texture": "#9"}
			}
		},
		{
			"from": [6.875, 0.95, 3],
			"to": [7.625, 1.45, 3.5],
			"rotation": {"angle": 0, "axis": "y", "origin": [5.125, 1.2, 1.5]},
			"faces": {
				"north": {"uv": [5.5, 12, 6, 12.25], "texture": "#9"},
				"east": {"uv": [12.5, 10.5, 12.75, 10.75], "texture": "#9"},
				"south": {"uv": [12, 5.5, 12.5, 5.75], "texture": "#9"},
				"west": {"uv": [11, 12.5, 11.25, 12.75], "texture": "#9"},
				"up": {"uv": [12.5, 6.25, 12, 6], "texture": "#9"},
				"down": {"uv": [12.5, 6.5, 12, 6.75], "texture": "#9"}
			}
		},
		{
			"from": [8.375, 0.95, 3],
			"to": [9.125, 1.45, 3.5],
			"rotation": {"angle": 0, "axis": "y", "origin": [6.625, 1.2, 1.5]},
			"faces": {
				"north": {"uv": [7, 12, 7.5, 12.25], "texture": "#9"},
				"east": {"uv": [12.5, 11, 12.75, 11.25], "texture": "#9"},
				"south": {"uv": [12, 7, 12.5, 7.25], "texture": "#9"},
				"west": {"uv": [11.5, 12.5, 11.75, 12.75], "texture": "#9"},
				"up": {"uv": [8, 12.25, 7.5, 12], "texture": "#9"},
				"down": {"uv": [12.5, 7.5, 12, 7.75], "texture": "#9"}
			}
		},
		{
			"from": [5.75, 1.5, 8.75],
			"to": [10.25, 2, 9.5],
			"rotation": {"angle": 0, "axis": "y", "origin": [2, -2.5, -2.25]},
			"faces": {
				"north": {"uv": [9.5, 4, 11.75, 4.25], "texture": "#9"},
				"east": {"uv": [8, 12, 8.5, 12.25], "texture": "#9"},
				"south": {"uv": [4.5, 9.5, 6.75, 9.75], "texture": "#9"},
				"west": {"uv": [12, 8, 12.5, 8.25], "texture": "#9"},
				"up": {"uv": [10.25, 4, 8, 3.5], "texture": "#9"},
				"down": {"uv": [4.25, 8.5, 2, 9], "texture": "#9"}
			}
		},
		{
			"from": [6.25, 0.5, 8.75],
			"to": [9.75, 1.5, 9.5],
			"rotation": {"angle": 0, "axis": "y", "origin": [2, -3, -2.25]},
			"faces": {
				"north": {"uv": [9, 0.5, 10.75, 1], "texture": "#9"},
				"east": {"uv": [3.5, 6, 4, 6.5], "texture": "#9"},
				"south": {"uv": [9, 1, 10.75, 1.5], "texture": "#9"},
				"west": {"uv": [6.5, 2, 7, 2.5], "texture": "#9"},
				"up": {"uv": [3.25, 9.5, 1.5, 9], "texture": "#9"},
				"down": {"uv": [10.75, 5.5, 9, 6], "texture": "#9"}
			}
		},
		{
			"from": [7.25, 0.5, 7.5],
			"to": [8.75, 0.75, 8.75],
			"rotation": {"angle": 0, "axis": "y", "origin": [2, -3, -3]},
			"faces": {
				"north": {"uv": [8, 11.5, 8.75, 11.75], "texture": "#9"},
				"east": {"uv": [11.5, 8.5, 12.25, 8.75], "texture": "#9"},
				"south": {"uv": [9, 11.5, 9.75, 11.75], "texture": "#9"},
				"west": {"uv": [11.5, 9, 12.25, 9.25], "texture": "#9"},
				"up": {"uv": [10.25, 7.25, 9.5, 6.5], "texture": "#9"},
				"down": {"uv": [7.75, 9.5, 7, 10.25], "texture": "#9"}
			}
		},
		{
			"from": [6.75, 2.25, 11.75],
			"to": [9.25, 5.75, 16.25],
			"rotation": {"angle": 0, "axis": "y", "origin": [2, 1.5, 0.75]},
			"faces": {
				"north": {"uv": [1.5, 6, 2.75, 7.75], "texture": "#9"},
				"east": {"uv": [0, 0, 2.25, 1.75], "texture": "#9"},
				"south": {"uv": [3, 6.5, 4.25, 8.25], "texture": "#9"},
				"west": {"uv": [0, 2, 2.25, 3.75], "texture": "#9"},
				"up": {"uv": [5.25, 6.25, 4, 4], "texture": "#9"},
				"down": {"uv": [5.75, 0, 4.5, 2.25], "texture": "#9"}
			}
		},
		{
			"from": [6.75, 0.75, 11.75],
			"to": [9.25, 2.25, 13.75],
			"rotation": {"angle": 0, "axis": "y", "origin": [2, -2, 0.75]},
			"faces": {
				"north": {"uv": [4.5, 8.5, 5.75, 9.25], "texture": "#9"},
				"east": {"uv": [3.5, 9, 4.5, 9.75], "texture": "#9"},
				"south": {"uv": [6, 8.5, 7.25, 9.25], "texture": "#9"},
				"west": {"uv": [9.5, 1.5, 10.5, 2.25], "texture": "#9"},
				"up": {"uv": [9.25, 2.5, 8, 1.5], "texture": "#9"},
				"down": {"uv": [9.25, 2.5, 8, 3.5], "texture": "#9"}
			}
		},
		{
			"from": [7.75, 2, 13.75],
			"to": [8.25, 5.25, 16.5],
			"rotation": {"angle": 0, "axis": "y", "origin": [2, -2, 0.75]},
			"faces": {
				"north": {"uv": [3, 9.5, 3.25, 11.25], "texture": "#9"},
				"east": {"uv": [0, 6, 1.5, 7.75], "texture": "#9"},
				"south": {"uv": [9, 9.5, 9.25, 11.25], "texture": "#9"},
				"west": {"uv": [6, 0, 7.5, 1.75], "texture": "#9"},
				"up": {"uv": [6.25, 11.5, 6, 10], "texture": "#9"},
				"down": {"uv": [6.75, 10, 6.5, 11.5], "texture": "#9"}
			}
		},
		{
			"from": [7.75, 0.5, 11.75],
			"to": [8.25, 2, 14],
			"rotation": {"angle": 0, "axis": "y", "origin": [2, -5.25, -1.75]},
			"faces": {
				"north": {"uv": [11.5, 9.5, 11.75, 10.25], "texture": "#9"},
				"east": {"uv": [7.5, 8.5, 8.75, 9.25], "texture": "#9"},
				"south": {"uv": [10, 11.5, 10.25, 12.25], "texture": "#9"},
				"west": {"uv": [0, 9, 1.25, 9.75], "texture": "#9"},
				"up": {"uv": [7.25, 11.75, 7, 10.5], "texture": "#9"},
				"down": {"uv": [7.75, 10.5, 7.5, 11.75], "texture": "#9"}
			}
		},
		{
			"from": [7, 1, 13.75],
			"to": [7.5, 1.5, 14.75],
			"rotation": {"angle": 0, "axis": "y", "origin": [1.25, -5.75, 0.75]},
			"faces": {
				"north": {"uv": [12.5, 11.5, 12.75, 11.75], "texture": "#9"},
				"east": {"uv": [8.5, 12, 9, 12.25], "texture": "#9"},
				"south": {"uv": [12, 12.5, 12.25, 12.75], "texture": "#9"},
				"west": {"uv": [9, 12, 9.5, 12.25], "texture": "#9"},
				"up": {"uv": [9.75, 12.5, 9.5, 12], "texture": "#9"},
				"down": {"uv": [12.25, 9.5, 12, 10], "texture": "#9"}
			}
		},
		{
			"from": [7, 1, 14.75],
			"to": [9, 1.5, 15.25],
			"rotation": {"angle": 0, "axis": "y", "origin": [1.25, -5.75, 1.75]},
			"faces": {
				"north": {"uv": [10.5, 5, 11.5, 5.25], "texture": "#9"},
				"east": {"uv": [12.5, 12, 12.75, 12.25], "texture": "#9"},
				"south": {"uv": [10.5, 10, 11.5, 10.25], "texture": "#9"},
				"west": {"uv": [12.5, 12.5, 12.75, 12.75], "texture": "#9"},
				"up": {"uv": [11.5, 10.75, 10.5, 10.5], "texture": "#9"},
				"down": {"uv": [12, 0, 11, 0.25], "texture": "#9"}
			}
		},
		{
			"from": [7.75, 1.28701, 14.80709],
			"to": [8.25, 2.53701, 15.30709],
			"rotation": {"angle": 22.5, "axis": "x", "origin": [7.5, 1.28701, 14.55709]},
			"faces": {
				"north": {"uv": [11, 11.5, 11.25, 12.25], "texture": "#9"},
				"east": {"uv": [11.5, 11.5, 11.75, 12.25], "texture": "#9"},
				"south": {"uv": [0, 12, 0.25, 12.75], "texture": "#9"},
				"west": {"uv": [0.5, 12, 0.75, 12.75], "texture": "#9"},
				"up": {"uv": [0.75, 13.25, 0.5, 13], "texture": "#9"},
				"down": {"uv": [13.25, 0.5, 13, 0.75], "texture": "#9"}
			}
		},
		{
			"from": [8.5, 1, 13.75],
			"to": [9, 1.5, 14.75],
			"rotation": {"angle": 0, "axis": "y", "origin": [2.75, -5.75, 0.75]},
			"faces": {
				"north": {"uv": [1, 13, 1.25, 13.25], "texture": "#9"},
				"east": {"uv": [12, 11.5, 12.5, 11.75], "texture": "#9"},
				"south": {"uv": [13, 1, 13.25, 1.25], "texture": "#9"},
				"west": {"uv": [12, 12, 12.5, 12.25], "texture": "#9"},
				"up": {"uv": [12.75, 0.5, 12.5, 0], "texture": "#9"},
				"down": {"uv": [12.75, 0.5, 12.5, 1], "texture": "#9"}
			}
		},
		{
			"from": [6.25, 3.5, 14.25],
			"to": [9.75, 5, 15.75],
			"rotation": {"angle": 0, "axis": "y", "origin": [2, 0.75, 0.25]},
			"faces": {
				"north": {"uv": [7, 5.5, 8.75, 6.25], "texture": "#9"},
				"east": {"uv": [9.5, 7.5, 10.25, 8.25], "texture": "#9"},
				"south": {"uv": [7.5, 6.5, 9.25, 7.25], "texture": "#9"},
				"west": {"uv": [8, 9.5, 8.75, 10.25], "texture": "#9"},
				"up": {"uv": [9.25, 8.25, 7.5, 7.5], "texture": "#9"},
				"down": {"uv": [1.75, 8, 0, 8.75], "texture": "#9"}
			}
		},
		{
			"from": [5.75, 2.5, 13.25],
			"to": [6.25, 6, 16.75],
			"rotation": {"angle": 0, "axis": "y", "origin": [-2, 0.75, 0.25]},
			"faces": {
				"north": {"uv": [9.5, 9.5, 9.75, 11.25], "texture": "#9"},
				"east": {"uv": [2.5, 0, 4.25, 1.75], "texture": "#9"},
				"south": {"uv": [0, 10, 0.25, 11.75], "texture": "#9"},
				"west": {"uv": [2.5, 2, 4.25, 3.75], "texture": "#9"},
				"up": {"uv": [0.75, 11.75, 0.5, 10], "texture": "#9"},
				"down": {"uv": [1.25, 10, 1, 11.75], "texture": "#9"}
			}
		},
		{
			"from": [9.75, 2.5, 13.25],
			"to": [10.25, 6, 16.75],
			"rotation": {"angle": 0, "axis": "y", "origin": [2, 0.75, 0.25]},
			"faces": {
				"north": {"uv": [1.5, 10, 1.75, 11.75], "texture": "#9"},
				"east": {"uv": [0, 4, 1.75, 5.75], "texture": "#9"},
				"south": {"uv": [2, 10, 2.25, 11.75], "texture": "#9"},
				"west": {"uv": [2, 4, 3.75, 5.75], "texture": "#9"},
				"up": {"uv": [2.75, 11.75, 2.5, 10], "texture": "#9"},
				"down": {"uv": [3.75, 10, 3.5, 11.75], "texture": "#9"}
			}
		},
		{
			"from": [7.75, 6, 10.5],
			"to": [8.25, 7, 11],
			"rotation": {"angle": 0, "axis": "x", "origin": [8, 6.25, 10.5]},
			"faces": {
				"north": {"uv": [12.5, 1, 12.75, 1.5], "texture": "#9"},
				"east": {"uv": [12.5, 1.5, 12.75, 2], "texture": "#9"},
				"south": {"uv": [12.5, 2, 12.75, 2.5], "texture": "#9"},
				"west": {"uv": [2.5, 12.5, 2.75, 13], "texture": "#9"},
				"up": {"uv": [1.75, 13.25, 1.5, 13], "texture": "#9"},
				"down": {"uv": [13.25, 1.5, 13, 1.75], "texture": "#9"}
			}
		},
		{
			"from": [7.75, 5.75, 14.41421],
			"to": [8.25, 7, 14.91421],
			"rotation": {"angle": 0, "axis": "x", "origin": [8, 6.25, 14.41421]},
			"faces": {
				"north": {"uv": [1, 12, 1.25, 12.75], "texture": "#9"},
				"east": {"uv": [12, 1, 12.25, 1.75], "texture": "#9"},
				"south": {"uv": [1.5, 12, 1.75, 12.75], "texture": "#9"},
				"west": {"uv": [2, 12, 2.25, 12.75], "texture": "#9"},
				"up": {"uv": [2.25, 13.25, 2, 13], "texture": "#9"},
				"down": {"uv": [13.25, 2, 13, 2.25], "texture": "#9"}
			}
		},
		{
			"from": [7.5, 5.75, 14.175],
			"to": [8.5, 6, 15.175],
			"rotation": {"angle": 0, "axis": "x", "origin": [8, 6.25, 14.425]},
			"faces": {
				"north": {"uv": [12.5, 2.5, 13, 2.75], "texture": "#9"},
				"east": {"uv": [3, 12.5, 3.5, 12.75], "texture": "#9"},
				"south": {"uv": [12.5, 3, 13, 3.25], "texture": "#9"},
				"west": {"uv": [3.5, 12.5, 4, 12.75], "texture": "#9"},
				"up": {"uv": [8, 2, 7.5, 1.5], "texture": "#9"},
				"down": {"uv": [11.5, 0.5, 11, 1], "texture": "#9"}
			}
		},
		{
			"from": [7.75, 6.5, 10.5],
			"to": [8.25, 7, 11.5],
			"rotation": {"angle": -45, "axis": "x", "origin": [8, 7, 10.5]},
			"faces": {
				"north": {"uv": [2.5, 13, 2.75, 13.25], "texture": "#9"},
				"east": {"uv": [12.5, 3.5, 13, 3.75], "texture": "#9"},
				"south": {"uv": [13, 2.5, 13.25, 2.75], "texture": "#9"},
				"west": {"uv": [4, 12.5, 4.5, 12.75], "texture": "#9"},
				"up": {"uv": [12.75, 4.5, 12.5, 4], "texture": "#9"},
				"down": {"uv": [4.75, 12.5, 4.5, 13], "texture": "#9"}
			}
		},
		{
			"from": [7.75, 6.70711, 13.70711],
			"to": [8.25, 7.70711, 14.20711],
			"rotation": {"angle": -45, "axis": "x", "origin": [8, 7.70711, 14.20711]},
			"faces": {
				"north": {"uv": [12.5, 4.5, 12.75, 5], "texture": "#9"},
				"east": {"uv": [5, 12.5, 5.25, 13], "texture": "#9"},
				"south": {"uv": [12.5, 5, 12.75, 5.5], "texture": "#9"},
				"west": {"uv": [5.5, 12.5, 5.75, 13], "texture": "#9"},
				"up": {"uv": [3.25, 13.25, 3, 13], "texture": "#9"},
				"down": {"uv": [13.25, 3, 13, 3.25], "texture": "#9"}
			}
		},
		{
			"from": [7.75, 7.20711, 11.20711],
			"to": [8.25, 7.70711, 14.20711],
			"rotation": {"angle": 0, "axis": "x", "origin": [8, 7.70711, 11.20711]},
			"faces": {
				"north": {"uv": [3.5, 13, 3.75, 13.25], "texture": "#9"},
				"east": {"uv": [9.5, 4.5, 11, 4.75], "texture": "#9"},
				"south": {"uv": [13, 3.5, 13.25, 3.75], "texture": "#9"},
				"west": {"uv": [10, 9.5, 11.5, 9.75], "texture": "#9"},
				"up": {"uv": [10.25, 11.5, 10, 10], "texture": "#9"},
				"down": {"uv": [10.75, 6, 10.5, 7.5], "texture": "#9"}
			}
		},
		{
			"from": [7.5, 5.5, 10.25],
			"to": [8.5, 6, 11.25],
			"rotation": {"angle": 0, "axis": "y", "origin": [2, 1.25, -0.75]},
			"faces": {
				"north": {"uv": [11.5, 10.5, 12, 10.75], "texture": "#9"},
				"east": {"uv": [12, 0, 12.5, 0.25], "texture": "#9"},
				"south": {"uv": [12, 2, 12.5, 2.25], "texture": "#9"},
				"west": {"uv": [2.5, 12, 3, 12.25], "texture": "#9"},
				"up": {"uv": [5, 4, 4.5, 3.5], "texture": "#9"},
				"down": {"uv": [5.5, 3.5, 5, 4], "texture": "#9"}
			}
		}
	],
	"display": {
		"thirdperson_righthand": {
			"rotation": [10.2, -7.83, 2.8],
			"translation": [0, 9, 0.75],
			"scale": [0.99, 1, 1]
		},
		"thirdperson_lefthand": {
			"rotation": [10.2, -7.83, 2.8],
			"translation": [0, 9, 0.75],
			"scale": [0.99, 1, 1]
		},
		"firstperson_righthand": {
			"rotation": [0, -10, 0],
			"translation": [16, 13, -1.25],
			"scale": [0.7, 0.72, 0.59]
		},
		"firstperson_lefthand": {
			"rotation": [0, 1, 0],
			"translation": [3.25, 13, -2],
			"scale": [0.7, 0.72, 0.59]
		},
		"ground": {
			"translation": [0, 8, 0]
		},
		"gui": {
			"rotation": [20, 41, 0],
			"translation": [1.25, 4.25, 0],
			"scale": [0.9, 0.9, 0.9]
		},
		"head": {
			"translation": [0, 23, 0]
		},
		"fixed": {
			"rotation": [0, -90, 0],
			"translation": [-1.25, 5.25, 0]
		}
	},
	"groups": [
		{
			"name": "sheep",
			"origin": [4, 0, 4],
			"color": 0,
			"children": [0, 1, 2]
		},
		3,
		4,
		5,
		6,
		7,
		8,
		9,
		10,
		11,
		12,
		13,
		14,
		15,
		16,
		17,
		18,
		19,
		20,
		21,
		22,
		23,
		24,
		25,
		26,
		27,
		28,
		29,
		30,
		31,
		32,
		33,
		34,
		35,
		36,
		37,
		38,
		39
	]
}