{
	"credit": "Made with Blockbench",
	"texture_size": [64, 64],
	"textures": {
		"2": "custom/piston_bottom",
		"3": "custom/piston_side",
		"4": "custom/piston_top_sticky",
		"5": "custom/baby_sheep",
		"6": "custom/end_rod",
		"9": "custom/sheep_gun",
		"particle": "custom/piston_bottom"
	},
	"elements": [
		{
			"from": [6.75, 4.25, 10.75],
			"to": [9.25, 7.25, 12],
			"rotation": {"angle": -22.5, "axis": "x", "origin": [7.25, 6.5, 11.75]},
			"faces": {
				"north": {"uv": [5.75, 0.5, 6.375, 1], "texture": "#9"},
				"east": {"uv": [7.25, 7.5, 7.5625, 8], "texture": "#9"},
				"south": {"uv": [0.75, 5.75, 1.375, 6.25], "texture": "#9"},
				"west": {"uv": [0.5, 7.75, 0.8125, 8.25], "texture": "#9"},
				"up": {"uv": [5.125, 7.0625, 4.5, 6.75], "texture": "#9"},
				"down": {"uv": [1.625, 7.25, 1, 7.5625], "texture": "#9"}
			}
		},
		{
			"from": [6.65, 7, 10.65],
			"to": [9.35, 7.5, 12.1],
			"rotation": {"angle": -22.5, "axis": "x", "origin": [7.25, 6.5, 11.75]},
			"faces": {
				"north": {"uv": [4.5, 9, 5.1875, 9.125], "texture": "#9"},
				"east": {"uv": [9.5, 6.25, 9.875, 6.375], "texture": "#9"},
				"south": {"uv": [5.25, 9, 5.9375, 9.125], "texture": "#9"},
				"west": {"uv": [9.5, 6.5, 9.875, 6.625], "texture": "#9"},
				"up": {"uv": [7.1875, 0.375, 6.5, 0], "texture": "#9"},
				"down": {"uv": [7.1875, 0.5, 6.5, 0.875], "texture": "#9"}
			}
		},
		{
			"from": [7, 6.8, 10.05],
			"to": [9, 7.8, 12.05],
			"rotation": {"angle": 45, "axis": "x", "origin": [7.25, 8.05, 11.3]},
			"faces": {
				"north": {"uv": [2.5, 7.75, 3, 8], "texture": "#9"},
				"east": {"uv": [1.75, 8, 2.25, 8.25], "texture": "#9"},
				"south": {"uv": [3.25, 8.25, 3.75, 8.5], "texture": "#9"},
				"west": {"uv": [8.25, 3.25, 8.75, 3.5], "texture": "#9"},
				"up": {"uv": [1.5, 7.25, 1, 6.75], "texture": "#9"},
				"down": {"uv": [7.25, 2, 6.75, 2.5], "texture": "#9"}
			}
		},
		{
			"from": [6.9, 6.7, 10],
			"to": [9.1, 7.9, 10.3],
			"rotation": {"angle": 45, "axis": "x", "origin": [7.25, 8.05, 11.3]},
			"faces": {
				"north": {"uv": [7.5, 3, 8.0625, 3.3125], "texture": "#9"},
				"east": {"uv": [10.5, 6, 10.5625, 6.3125], "texture": "#9"},
				"south": {"uv": [3.25, 7.5, 3.8125, 7.8125], "texture": "#9"},
				"west": {"uv": [6.25, 10.5, 6.3125, 10.8125], "texture": "#9"},
				"up": {"uv": [9.3125, 10.0625, 8.75, 10], "texture": "#9"},
				"down": {"uv": [10.5625, 9.5, 10, 9.5625], "texture": "#9"}
			}
		},
		{
			"from": [7, 1.59202, 9.23164],
			"to": [9, 2.59202, 12.73164],
			"rotation": {"angle": -45, "axis": "x", "origin": [6.75, 2.91702, 11.48164]},
			"faces": {
				"north": {"uv": [8.25, 3.5, 8.75, 3.75], "texture": "#9"},
				"east": {"uv": [6.75, 2.5, 7.6875, 2.75], "texture": "#9"},
				"south": {"uv": [3.75, 8.25, 4.25, 8.5], "texture": "#9"},
				"west": {"uv": [6.75, 2.75, 7.6875, 3], "texture": "#9"},
				"up": {"uv": [3, 5.4375, 2.5, 4.5], "texture": "#9"},
				"down": {"uv": [3.5, 4.5, 3, 5.4375], "texture": "#9"}
			}
		},
		{
			"from": [6.9, 1.49202, 8.98164],
			"to": [9.1, 2.69202, 9.23164],
			"rotation": {"angle": -45, "axis": "x", "origin": [6.75, 2.91702, 11.48164]},
			"faces": {
				"north": {"uv": [7.5, 3.5, 8.0625, 3.8125], "texture": "#9"},
				"east": {"uv": [6.5, 10.5, 6.5625, 10.8125], "texture": "#9"},
				"south": {"uv": [4, 7.5, 4.5625, 7.8125], "texture": "#9"},
				"west": {"uv": [10.5, 6.5, 10.5625, 6.8125], "texture": "#9"},
				"up": {"uv": [10.5625, 9.8125, 10, 9.75], "texture": "#9"},
				"down": {"uv": [10.5625, 10, 10, 10.0625], "texture": "#9"}
			}
		},
		{
			"from": [7.25, 1.5, 11],
			"to": [8.75, 5.75, 13],
			"rotation": {"angle": 0, "axis": "y", "origin": [4, 0, 4]},
			"faces": {
				"north": {"uv": [4.5, 5, 4.875, 6.0625], "texture": "#9"},
				"east": {"uv": [0, 4.5, 0.5, 5.5625], "texture": "#9"},
				"south": {"uv": [5, 5, 5.375, 6.0625], "texture": "#9"},
				"west": {"uv": [0.5, 4.5, 1, 5.5625], "texture": "#9"},
				"up": {"uv": [6.125, 7.25, 5.75, 6.75], "texture": "#9"},
				"down": {"uv": [0.375, 7, 0, 7.5], "texture": "#9"}
			}
		},
		{
			"from": [6.65, 2.75, 11],
			"to": [9.35, 5, 11.5],
			"rotation": {"angle": 0, "axis": "y", "origin": [4, 0, 4]},
			"faces": {
				"north": {"uv": [4.5, 5, 4.875, 6.0625], "texture": "#9"},
				"east": {"uv": [0, 4.5, 0.5, 5.5625], "texture": "#9"},
				"south": {"uv": [5, 5, 5.375, 6.0625], "texture": "#9"},
				"west": {"uv": [0.5, 4.5, 1, 5.5625], "texture": "#9"},
				"up": {"uv": [6.125, 7.25, 5.75, 6.75], "texture": "#9"},
				"down": {"uv": [0.375, 7, 0, 7.5], "texture": "#9"}
			}
		},
		{
			"from": [6.75, 1.5, 13],
			"to": [9.25, 5.75, 13.25],
			"rotation": {"angle": 0, "axis": "y", "origin": [4, 0, 4.25]},
			"faces": {
				"north": {"uv": [2.25, 0, 2.875, 1.0625], "texture": "#9"},
				"east": {"uv": [6.25, 9.25, 6.3125, 10.3125], "texture": "#9"},
				"south": {"uv": [2.25, 1.25, 2.875, 2.3125], "texture": "#9"},
				"west": {"uv": [6.5, 9.25, 6.5625, 10.3125], "texture": "#9"},
				"up": {"uv": [0.625, 10.0625, 0, 10], "texture": "#9"},
				"down": {"uv": [1.625, 10, 1, 10.0625], "texture": "#9"}
			}
		},
		{
			"from": [6.75, 1.5, 14],
			"to": [9.25, 5.5, 14.25],
			"rotation": {"angle": 0, "axis": "y", "origin": [4, 0, 5.25]},
			"faces": {
				"north": {"uv": [2.25, 2.5, 2.875, 3.5], "texture": "#9"},
				"east": {"uv": [6.75, 9.25, 6.8125, 10.25], "texture": "#9"},
				"south": {"uv": [0, 2.75, 0.625, 3.75], "texture": "#9"},
				"west": {"uv": [7, 9.25, 7.0625, 10.25], "texture": "#9"},
				"up": {"uv": [10.625, 1.0625, 10, 1], "texture": "#9"},
				"down": {"uv": [2.375, 10, 1.75, 10.0625], "texture": "#9"}
			}
		},
		{
			"from": [6.75, 0.5, 14],
			"to": [9.25, 1.5, 14.25],
			"rotation": {"angle": 0, "axis": "y", "origin": [4, -4, 5.25]},
			"faces": {
				"north": {"uv": [7.5, 4, 8.125, 4.25], "texture": "#9"},
				"east": {"uv": [10.5, 7, 10.5625, 7.25], "texture": "#9"},
				"south": {"uv": [7.5, 7.25, 8.125, 7.5], "texture": "#9"},
				"west": {"uv": [7.25, 10.5, 7.3125, 10.75], "texture": "#9"},
				"up": {"uv": [10.625, 2.8125, 10, 2.75], "texture": "#9"},
				"down": {"uv": [3.625, 10, 3, 10.0625], "texture": "#9"}
			}
		},
		{
			"from": [6.75, 0.75, 13],
			"to": [9.25, 1.5, 13.25],
			"rotation": {"angle": 0, "axis": "y", "origin": [4, -4, 4.25]},
			"faces": {
				"north": {"uv": [6.25, 8.25, 6.875, 8.4375], "texture": "#9"},
				"east": {"uv": [10.75, 7, 10.8125, 7.1875], "texture": "#9"},
				"south": {"uv": [7, 8.25, 7.625, 8.4375], "texture": "#9"},
				"west": {"uv": [7.25, 10.75, 7.3125, 10.9375], "texture": "#9"},
				"up": {"uv": [4.375, 10.0625, 3.75, 10], "texture": "#9"},
				"down": {"uv": [10.625, 4.5, 10, 4.5625], "texture": "#9"}
			}
		},
		{
			"from": [6.75, 0.75, 11.75],
			"to": [9.25, 1.5, 12.25],
			"rotation": {"angle": 0, "axis": "y", "origin": [4, -4, 3.25]},
			"faces": {
				"north": {"uv": [8.25, 7.25, 8.875, 7.4375], "texture": "#9"},
				"east": {"uv": [10.5, 2, 10.625, 2.1875], "texture": "#9"},
				"south": {"uv": [7.75, 8.25, 8.375, 8.4375], "texture": "#9"},
				"west": {"uv": [2.25, 10.5, 2.375, 10.6875], "texture": "#9"},
				"up": {"uv": [9.625, 7.625, 9, 7.5], "texture": "#9"},
				"down": {"uv": [9.125, 9, 8.5, 9.125], "texture": "#9"}
			}
		},
		{
			"from": [6.75, 1.5, 15],
			"to": [9.25, 5.25, 15.25],
			"rotation": {"angle": 0, "axis": "y", "origin": [4, 0, 6.25]},
			"faces": {
				"north": {"uv": [2.25, 3.5, 2.875, 4.4375], "texture": "#9"},
				"east": {"uv": [4.5, 9.5, 4.5625, 10.4375], "texture": "#9"},
				"south": {"uv": [3, 3.5, 3.625, 4.4375], "texture": "#9"},
				"west": {"uv": [4.75, 9.5, 4.8125, 10.4375], "texture": "#9"},
				"up": {"uv": [10.625, 4.8125, 10, 4.75], "texture": "#9"},
				"down": {"uv": [10.625, 5, 10, 5.0625], "texture": "#9"}
			}
		},
		{
			"from": [6.75, 1.5, 16],
			"to": [9.25, 5, 16.25],
			"rotation": {"angle": 0, "axis": "y", "origin": [4, 0, 7.25]},
			"faces": {
				"north": {"uv": [4.25, 2.5, 4.875, 3.375], "texture": "#9"},
				"east": {"uv": [9.5, 4.75, 9.5625, 5.625], "texture": "#9"},
				"south": {"uv": [3.75, 4.25, 4.375, 5.125], "texture": "#9"},
				"west": {"uv": [5, 9.5, 5.0625, 10.375], "texture": "#9"},
				"up": {"uv": [10.625, 5.3125, 10, 5.25], "texture": "#9"},
				"down": {"uv": [10.625, 5.5, 10, 5.5625], "texture": "#9"}
			}
		},
		{
			"from": [7.5, 9.1, 4.075],
			"to": [8.5, 9.6, 7.825],
			"rotation": {"angle": 0, "axis": "y", "origin": [4, 1.25, 7.3]},
			"faces": {
				"north": {"uv": [10.25, 2.5, 10.5, 2.625], "texture": "#9"},
				"east": {"uv": [0.5, 8.5, 1.4375, 8.625], "texture": "#9"},
				"south": {"uv": [2.75, 10.25, 3, 10.375], "texture": "#9"},
				"west": {"uv": [2.5, 8.5, 3.4375, 8.625], "texture": "#9"},
				"up": {"uv": [5.5, 7.1875, 5.25, 6.25], "texture": "#9"},
				"down": {"uv": [4.5, 6.5, 4.25, 7.4375], "texture": "#9"}
			}
		},
		{
			"from": [7.25, -0.5, 7],
			"to": [8.75, 0, 8.75],
			"rotation": {"angle": 0, "axis": "y", "origin": [9, 0.15, 8]},
			"faces": {
				"north": {"uv": [9.5, 6.75, 9.875, 6.875], "texture": "#9"},
				"east": {"uv": [9.5, 2.75, 9.9375, 2.875], "texture": "#9"},
				"south": {"uv": [9.5, 7, 9.875, 7.125], "texture": "#9"},
				"west": {"uv": [5.25, 9.5, 5.6875, 9.625], "texture": "#9"},
				"up": {"uv": [6.125, 7.6875, 5.75, 7.25], "texture": "#9"},
				"down": {"uv": [0.375, 7.5, 0, 7.9375], "texture": "#9"}
			}
		},
		{
			"from": [8.75, -0.5, 7],
			"to": [12, 0, 8],
			"rotation": {"angle": 22.5, "axis": "y", "origin": [8.75, 0.15, 8]},
			"faces": {
				"north": {"uv": [3, 8.75, 3.8125, 8.875], "texture": "#9"},
				"east": {"uv": [3, 10.25, 3.25, 10.375], "texture": "#9"},
				"south": {"uv": [8.75, 3.25, 9.5625, 3.375], "texture": "#9"},
				"west": {"uv": [10.25, 3, 10.5, 3.125], "texture": "#9"},
				"up": {"uv": [7.8125, 1.75, 7, 1.5], "texture": "#9"},
				"down": {"uv": [7.8125, 1.75, 7, 2], "texture": "#9"}
			}
		},
		{
			"from": [8.25, -0.5, 7.25],
			"to": [8.75, 0, 8.5],
			"rotation": {"angle": -45, "axis": "y", "origin": [8.75, 0.15, 8.5]},
			"faces": {
				"north": {"uv": [10.5, 7.25, 10.625, 7.375], "texture": "#9"},
				"east": {"uv": [5.75, 10, 6.0625, 10.125], "texture": "#9"},
				"south": {"uv": [10.5, 7.5, 10.625, 7.625], "texture": "#9"},
				"west": {"uv": [10, 6.25, 10.3125, 6.375], "texture": "#9"},
				"up": {"uv": [2.625, 10.3125, 2.5, 10], "texture": "#9"},
				"down": {"uv": [10.125, 6.5, 10, 6.8125], "texture": "#9"}
			}
		},
		{
			"from": [6, -0.5, 8],
			"to": [7.25, 0, 8.5],
			"rotation": {"angle": -45, "axis": "y", "origin": [7.25, 0.15, 8.5]},
			"faces": {
				"north": {"uv": [10, 7, 10.3125, 7.125], "texture": "#9"},
				"east": {"uv": [10.5, 7.75, 10.625, 7.875], "texture": "#9"},
				"south": {"uv": [7.25, 10, 7.5625, 10.125], "texture": "#9"},
				"west": {"uv": [8, 10.5, 8.125, 10.625], "texture": "#9"},
				"up": {"uv": [10.3125, 7.875, 10, 7.75], "texture": "#9"},
				"down": {"uv": [10.3125, 8, 10, 8.125], "texture": "#9"}
			}
		},
		{
			"from": [4, -0.5, 7],
			"to": [7.25, 0, 8],
			"rotation": {"angle": -22.5, "axis": "y", "origin": [7.25, 0.15, 8]},
			"faces": {
				"north": {"uv": [8.75, 3.5, 9.5625, 3.625], "texture": "#9"},
				"east": {"uv": [3.25, 10.25, 3.5, 10.375], "texture": "#9"},
				"south": {"uv": [8.75, 3.75, 9.5625, 3.875], "texture": "#9"},
				"west": {"uv": [3.5, 10.25, 3.75, 10.375], "texture": "#9"},
				"up": {"uv": [7.8125, 5.25, 7, 5], "texture": "#9"},
				"down": {"uv": [7.8125, 5.25, 7, 5.5], "texture": "#9"}
			}
		},
		{
			"from": [7.25, 9.65, 4.55],
			"to": [8.75, 10.4, 7.05],
			"rotation": {"angle": 22.5, "axis": "x", "origin": [4, 1.4, 4.3]},
			"faces": {
				"north": {"uv": [4.5, 9.25, 4.875, 9.4375], "texture": "#9"},
				"east": {"uv": [2.5, 8.25, 3.1875, 8.4375], "texture": "#9"},
				"south": {"uv": [9.25, 4.5, 9.625, 4.6875], "texture": "#9"},
				"west": {"uv": [8.25, 3, 8.9375, 3.1875], "texture": "#9"},
				"up": {"uv": [2.875, 7.1875, 2.5, 6.5], "texture": "#9"},
				"down": {"uv": [3.375, 6.5, 3, 7.1875], "texture": "#9"}
			}
		},
		{
			"from": [7.15, 9.55, 4.3],
			"to": [8.85, 10.5, 4.55],
			"rotation": {"angle": 22.5, "axis": "x", "origin": [4, 1.4, 4.3]},
			"faces": {
				"north": {"uv": [3.5, 8.5, 3.9375, 8.75], "texture": "#9"},
				"east": {"uv": [10.5, 8, 10.5625, 8.25], "texture": "#9"},
				"south": {"uv": [4.75, 8.5, 5.1875, 8.75], "texture": "#9"},
				"west": {"uv": [10.5, 8.25, 10.5625, 8.5], "texture": "#9"},
				"up": {"uv": [10.6875, 9.3125, 10.25, 9.25], "texture": "#9"},
				"down": {"uv": [1.4375, 10.5, 1, 10.5625], "texture": "#9"}
			}
		},
		{
			"from": [7.25, -0.15902, 12.21423],
			"to": [8.75, 0.59098, 13.96423],
			"rotation": {"angle": -22.5, "axis": "x", "origin": [3.75, -8.40902, 11.21423]},
			"faces": {
				"north": {"uv": [5, 9.25, 5.375, 9.4375], "texture": "#9"},
				"east": {"uv": [8.75, 4.25, 9.25, 4.4375], "texture": "#9"},
				"south": {"uv": [5.5, 9.25, 5.875, 9.4375], "texture": "#9"},
				"west": {"uv": [8.75, 4.5, 9.25, 4.6875], "texture": "#9"},
				"up": {"uv": [7.625, 2.5, 7.25, 2], "texture": "#9"},
				"down": {"uv": [2.875, 7.25, 2.5, 7.75], "texture": "#9"}
			}
		},
		{
			"from": [7.15, -0.25902, 11.96423],
			"to": [8.85, 0.69098, 12.21423],
			"rotation": {"angle": -22.5, "axis": "x", "origin": [3.75, -8.40902, 11.21423]},
			"faces": {
				"north": {"uv": [8.5, 7, 8.9375, 7.25], "texture": "#9"},
				"east": {"uv": [8.5, 10.5, 8.5625, 10.75], "texture": "#9"},
				"south": {"uv": [7.25, 8.5, 7.6875, 8.75], "texture": "#9"},
				"west": {"uv": [10.5, 8.5, 10.5625, 8.75], "texture": "#9"},
				"up": {"uv": [10.9375, 1.3125, 10.5, 1.25], "texture": "#9"},
				"down": {"uv": [1.9375, 10.5, 1.5, 10.5625], "texture": "#9"}
			}
		},
		{
			"from": [7.25, 0.09098, 11.46423],
			"to": [8.75, 0.49098, 11.96423],
			"rotation": {"angle": -22.5, "axis": "x", "origin": [3.75, -8.40902, 11.21423]},
			"faces": {
				"north": {"uv": [7.25, 9.5, 7.625, 9.625], "texture": "#9"},
				"east": {"uv": [10.5, 8.75, 10.625, 8.875], "texture": "#9"},
				"south": {"uv": [7.75, 9.5, 8.125, 9.625], "texture": "#9"},
				"west": {"uv": [10.5, 9, 10.625, 9.125], "texture": "#9"},
				"up": {"uv": [9.875, 7.875, 9.5, 7.75], "texture": "#9"},
				"down": {"uv": [9.875, 8, 9.5, 8.125], "texture": "#9"}
			}
		},
		{
			"from": [6.5, 2, 11.5],
			"to": [9.5, 2.5, 16.5],
			"rotation": {"angle": 0, "axis": "y", "origin": [4, 0, 4]},
			"faces": {
				"north": {"uv": [8.75, 4.75, 9.5, 4.875], "texture": "#9"},
				"east": {"uv": [1, 7.75, 2.25, 7.875], "texture": "#9"},
				"south": {"uv": [8.75, 5, 9.5, 5.125], "texture": "#9"},
				"west": {"uv": [7.75, 2, 9, 2.125], "texture": "#9"},
				"up": {"uv": [0.75, 2.75, 0, 1.5], "texture": "#9"},
				"down": {"uv": [2.25, 0, 1.5, 1.25], "texture": "#9"}
			}
		},
		{
			"from": [6.5, 2.5, 11.5],
			"to": [9.5, 3, 13],
			"rotation": {"angle": 0, "axis": "y", "origin": [4, 0.5, 4]},
			"faces": {
				"north": {"uv": [5.25, 8.75, 6, 8.875], "texture": "#9"},
				"east": {"uv": [9.5, 8.25, 9.875, 8.375], "texture": "#9"},
				"south": {"uv": [8.75, 5.25, 9.5, 5.375], "texture": "#9"},
				"west": {"uv": [9.5, 8.5, 9.875, 8.625], "texture": "#9"},
				"up": {"uv": [6.75, 4.125, 6, 3.75], "texture": "#9"},
				"down": {"uv": [6.75, 4.25, 6, 4.625], "texture": "#9"}
			}
		},
		{
			"from": [6.5, 3, 11.5],
			"to": [9.5, 6, 13],
			"rotation": {"angle": 0, "axis": "y", "origin": [4, 1, 4]},
			"faces": {
				"north": {"uv": [0, 3.75, 0.75, 4.5], "texture": "#9"},
				"east": {"uv": [5.75, 6, 6.125, 6.75], "texture": "#9"},
				"south": {"uv": [3.75, 3.5, 4.5, 4.25], "texture": "#9"},
				"west": {"uv": [0, 6.25, 0.375, 7], "texture": "#9"},
				"up": {"uv": [1.25, 6.625, 0.5, 6.25], "texture": "#9"},
				"down": {"uv": [7, 1.5, 6.25, 1.875], "texture": "#9"}
			}
		},
		{
			"from": [6.5, 2.5, 13.25],
			"to": [9.5, 6, 14],
			"rotation": {"angle": 0, "axis": "y", "origin": [4, 1, 5.75]},
			"faces": {
				"north": {"uv": [0.75, 2.5, 1.5, 3.375], "texture": "#9"},
				"east": {"uv": [5.25, 7.25, 5.4375, 8.125], "texture": "#9"},
				"south": {"uv": [1.5, 2.5, 2.25, 3.375], "texture": "#9"},
				"west": {"uv": [4.75, 7.5, 4.9375, 8.375], "texture": "#9"},
				"up": {"uv": [8.75, 0.9375, 8, 0.75], "texture": "#9"},
				"down": {"uv": [1.75, 8, 1, 8.1875], "texture": "#9"}
			}
		},
		{
			"from": [6.5, 2.5, 13],
			"to": [9.5, 3.5, 13.25],
			"rotation": {"angle": 0, "axis": "y", "origin": [4, 1, 5.5]},
			"faces": {
				"north": {"uv": [1.5, 1.25, 2.25, 1.5], "texture": "#9"},
				"east": {"uv": [9.5, 10.5, 9.5625, 10.75], "texture": "#9"},
				"south": {"uv": [7.25, 0.75, 8, 1], "texture": "#9"},
				"west": {"uv": [10.5, 10.25, 10.5625, 10.5], "texture": "#9"},
				"up": {"uv": [10.25, 8.8125, 9.5, 8.75], "texture": "#9"},
				"down": {"uv": [9.75, 9.5, 9, 9.5625], "texture": "#9"}
			}
		},
		{
			"from": [6.5, 1.25, 13],
			"to": [9.5, 2, 13.25],
			"rotation": {"angle": 0, "axis": "y", "origin": [4, -0.5, 5.5]},
			"faces": {
				"north": {"uv": [8, 1.5, 8.75, 1.6875], "texture": "#9"},
				"east": {"uv": [10.75, 7.25, 10.8125, 7.4375], "texture": "#9"},
				"south": {"uv": [8, 1.75, 8.75, 1.9375], "texture": "#9"},
				"west": {"uv": [7.5, 10.75, 7.5625, 10.9375], "texture": "#9"},
				"up": {"uv": [10.25, 9.0625, 9.5, 9], "texture": "#9"},
				"down": {"uv": [10.25, 9.25, 9.5, 9.3125], "texture": "#9"}
			}
		},
		{
			"from": [6.5, 1.5, 14],
			"to": [9.5, 2, 14.25],
			"rotation": {"angle": 0, "axis": "y", "origin": [4, -0.5, 6.5]},
			"faces": {
				"north": {"uv": [8.75, 5.5, 9.5, 5.625], "texture": "#9"},
				"east": {"uv": [0, 11, 0.0625, 11.125], "texture": "#9"},
				"south": {"uv": [8.75, 5.75, 9.5, 5.875], "texture": "#9"},
				"west": {"uv": [11, 0, 11.0625, 0.125], "texture": "#9"},
				"up": {"uv": [0.75, 9.8125, 0, 9.75], "texture": "#9"},
				"down": {"uv": [10.5, 0, 9.75, 0.0625], "texture": "#9"}
			}
		},
		{
			"from": [6.5, 2.5, 14],
			"to": [9.5, 3.25, 14.25],
			"rotation": {"angle": 0, "axis": "y", "origin": [4, 1, 6.5]},
			"faces": {
				"north": {"uv": [2.5, 8, 3.25, 8.1875], "texture": "#9"},
				"east": {"uv": [10.75, 7.5, 10.8125, 7.6875], "texture": "#9"},
				"south": {"uv": [3.25, 8, 4, 8.1875], "texture": "#9"},
				"west": {"uv": [7.75, 10.75, 7.8125, 10.9375], "texture": "#9"},
				"up": {"uv": [10.5, 0.3125, 9.75, 0.25], "texture": "#9"},
				"down": {"uv": [10.5, 0.5, 9.75, 0.5625], "texture": "#9"}
			}
		},
		{
			"from": [6.5, 2.5, 15],
			"to": [9.5, 3.75, 15.25],
			"rotation": {"angle": 0, "axis": "y", "origin": [4, 1, 7.5]},
			"faces": {
				"north": {"uv": [6.75, 3, 7.5, 3.3125], "texture": "#9"},
				"east": {"uv": [6.75, 10.5, 6.8125, 10.8125], "texture": "#9"},
				"south": {"uv": [6.75, 3.75, 7.5, 4.0625], "texture": "#9"},
				"west": {"uv": [7, 10.5, 7.0625, 10.8125], "texture": "#9"},
				"up": {"uv": [10.5, 0.8125, 9.75, 0.75], "texture": "#9"},
				"down": {"uv": [10.5, 1.5, 9.75, 1.5625], "texture": "#9"}
			}
		},
		{
			"from": [6.5, 2.5, 16],
			"to": [9.5, 4.25, 16.25],
			"rotation": {"angle": 0, "axis": "y", "origin": [4, 1, 8.5]},
			"faces": {
				"north": {"uv": [5.25, 4.5, 6, 4.9375], "texture": "#9"},
				"east": {"uv": [10.5, 1.5, 10.5625, 1.9375], "texture": "#9"},
				"south": {"uv": [5.5, 1.5, 6.25, 1.9375], "texture": "#9"},
				"west": {"uv": [2, 10.5, 2.0625, 10.9375], "texture": "#9"},
				"up": {"uv": [10.5, 1.8125, 9.75, 1.75], "texture": "#9"},
				"down": {"uv": [2.75, 9.75, 2, 9.8125], "texture": "#9"}
			}
		},
		{
			"from": [6.5, 2.5, 14.25],
			"to": [9.5, 5.75, 15],
			"rotation": {"angle": 0, "axis": "y", "origin": [4, 1, 6.75]},
			"faces": {
				"north": {"uv": [3.5, 0, 4.25, 0.8125], "texture": "#9"},
				"east": {"uv": [5, 7.5, 5.1875, 8.3125], "texture": "#9"},
				"south": {"uv": [0.75, 3.5, 1.5, 4.3125], "texture": "#9"},
				"west": {"uv": [2.25, 7.75, 2.4375, 8.5625], "texture": "#9"},
				"up": {"uv": [4.75, 8.1875, 4, 8], "texture": "#9"},
				"down": {"uv": [8.75, 4.25, 8, 4.4375], "texture": "#9"}
			}
		},
		{
			"from": [6.5, 2.5, 15.25],
			"to": [9.5, 5.5, 16],
			"rotation": {"angle": 0, "axis": "y", "origin": [4, 1, 7.75]},
			"faces": {
				"north": {"uv": [4.25, 0, 5, 0.75], "texture": "#9"},
				"east": {"uv": [0, 8, 0.1875, 8.75], "texture": "#9"},
				"south": {"uv": [4.25, 0.75, 5, 1.5], "texture": "#9"},
				"west": {"uv": [0.25, 8, 0.4375, 8.75], "texture": "#9"},
				"up": {"uv": [8.75, 4.6875, 8, 4.5], "texture": "#9"},
				"down": {"uv": [8.75, 4.75, 8, 4.9375], "texture": "#9"}
			}
		},
		{
			"from": [6.5, 4.5, 16.25],
			"to": [9.5, 5.25, 17],
			"rotation": {"angle": 0, "axis": "y", "origin": [4, 1, 8.75]},
			"faces": {
				"north": {"uv": [8, 5, 8.75, 5.1875], "texture": "#9"},
				"east": {"uv": [0, 10.25, 0.1875, 10.4375], "texture": "#9"},
				"south": {"uv": [8, 5.25, 8.75, 5.4375], "texture": "#9"},
				"west": {"uv": [0.25, 10.25, 0.4375, 10.4375], "texture": "#9"},
				"up": {"uv": [6.25, 8.1875, 5.5, 8], "texture": "#9"},
				"down": {"uv": [7, 8, 6.25, 8.1875], "texture": "#9"}
			}
		},
		{
			"from": [7, -3, 16],
			"to": [9, 2, 17],
			"rotation": {"angle": -22.5, "axis": "x", "origin": [8, 0, 15]},
			"faces": {
				"north": {"uv": [3, 0, 3.5, 1.25], "texture": "#9"},
				"east": {"uv": [4.25, 5.25, 4.5, 6.5], "texture": "#9"},
				"south": {"uv": [3, 1.25, 3.5, 2.5], "texture": "#9"},
				"west": {"uv": [1.5, 5.75, 1.75, 7], "texture": "#9"},
				"up": {"uv": [8.75, 4, 8.25, 3.75], "texture": "#9"},
				"down": {"uv": [8.75, 4, 8.25, 4.25], "texture": "#9"}
			}
		},
		{
			"from": [7.25, -3, 15],
			"to": [8.75, 0, 16],
			"rotation": {"angle": -22.5, "axis": "x", "origin": [8, 0, 15]},
			"faces": {
				"north": {"uv": [6.25, 2, 6.625, 2.75], "texture": "#9"},
				"east": {"uv": [3.5, 4.5, 3.75, 5.25], "texture": "#9"},
				"south": {"uv": [6.25, 2.75, 6.625, 3.5], "texture": "#9"},
				"west": {"uv": [3, 7.25, 3.25, 8], "texture": "#9"},
				"up": {"uv": [6.375, 9, 6, 8.75], "texture": "#9"},
				"down": {"uv": [9.125, 6, 8.75, 6.25], "texture": "#9"}
			}
		},
		{
			"from": [7.25, -4, 15],
			"to": [8.75, -3, 16.75],
			"rotation": {"angle": -22.5, "axis": "x", "origin": [8, 0, 15]},
			"faces": {
				"north": {"uv": [8.75, 6.25, 9.125, 6.5], "texture": "#9"},
				"east": {"uv": [8.5, 7.5, 8.9375, 7.75], "texture": "#9"},
				"south": {"uv": [6.5, 8.75, 6.875, 9], "texture": "#9"},
				"west": {"uv": [7.75, 8.5, 8.1875, 8.75], "texture": "#9"},
				"up": {"uv": [6.625, 7.9375, 6.25, 7.5], "texture": "#9"},
				"down": {"uv": [7.125, 7.5, 6.75, 7.9375], "texture": "#9"}
			}
		},
		{
			"from": [7.75, -1, 14.25],
			"to": [8.25, -0.25, 14.5],
			"rotation": {"angle": 0, "axis": "x", "origin": [8.25, -0.75, 14.25]},
			"faces": {
				"north": {"uv": [10.5, 2.25, 10.625, 2.4375], "texture": "#9"},
				"east": {"uv": [10.75, 7.75, 10.8125, 7.9375], "texture": "#9"},
				"south": {"uv": [2.5, 10.5, 2.625, 10.6875], "texture": "#9"},
				"west": {"uv": [8, 10.75, 8.0625, 10.9375], "texture": "#9"},
				"up": {"uv": [0.375, 11.0625, 0.25, 11], "texture": "#9"},
				"down": {"uv": [11.125, 0.25, 11, 0.3125], "texture": "#9"}
			}
		},
		{
			"from": [7.5, -0.175, 14],
			"to": [8.5, 0.325, 14.4],
			"rotation": {"angle": 22.5, "axis": "x", "origin": [8.25, -0.675, 13.9]},
			"faces": {
				"north": {"uv": [3.75, 10.25, 4, 10.375], "texture": "#9"},
				"east": {"uv": [10.5, 10.5, 10.625, 10.625], "texture": "#9"},
				"south": {"uv": [4, 10.25, 4.25, 10.375], "texture": "#9"},
				"west": {"uv": [10.75, 0, 10.875, 0.125], "texture": "#9"},
				"up": {"uv": [4.5, 10.375, 4.25, 10.25], "texture": "#9"},
				"down": {"uv": [5.5, 10.25, 5.25, 10.375], "texture": "#9"}
			}
		},
		{
			"from": [6.5, 2.5, 16.5],
			"to": [9.5, 4.5, 22],
			"rotation": {"angle": 0, "axis": "y", "origin": [4, 0, 4]},
			"faces": {
				"north": {"uv": [5, 3, 5.75, 3.5], "texture": "#9"},
				"east": {"uv": [0.75, 1.5, 2.125, 2], "texture": "#9"},
				"south": {"uv": [1, 5.25, 1.75, 5.75], "texture": "#9"},
				"west": {"uv": [0.75, 2, 2.125, 2.5], "texture": "#9"},
				"up": {"uv": [0.75, 1.375, 0, 0], "texture": "#9"},
				"down": {"uv": [1.5, 0, 0.75, 1.375], "texture": "#9"}
			}
		},
		{
			"from": [6.5, 2, 20.5],
			"to": [9.5, 2.5, 23],
			"rotation": {"angle": 0, "axis": "y", "origin": [4, 0, 4]},
			"faces": {
				"north": {"uv": [8.75, 6.5, 9.5, 6.625], "texture": "#9"},
				"east": {"uv": [0.5, 9.25, 1.125, 9.375], "texture": "#9"},
				"south": {"uv": [8.75, 6.75, 9.5, 6.875], "texture": "#9"},
				"west": {"uv": [9.25, 1, 9.875, 1.125], "texture": "#9"},
				"up": {"uv": [5.25, 4.125, 4.5, 3.5], "texture": "#9"},
				"down": {"uv": [5.25, 4.25, 4.5, 4.875], "texture": "#9"}
			}
		},
		{
			"from": [6.5, 4.5, 16.5],
			"to": [9.5, 5, 17.5],
			"rotation": {"angle": 0, "axis": "y", "origin": [4, 2.5, 4]},
			"faces": {
				"north": {"uv": [7, 8.75, 7.75, 8.875], "texture": "#9"},
				"east": {"uv": [5.5, 10.25, 5.75, 10.375], "texture": "#9"},
				"south": {"uv": [8.5, 8.75, 9.25, 8.875], "texture": "#9"},
				"west": {"uv": [5.75, 10.25, 6, 10.375], "texture": "#9"},
				"up": {"uv": [5.25, 7.5, 4.5, 7.25], "texture": "#9"},
				"down": {"uv": [8, 4.75, 7.25, 5], "texture": "#9"}
			}
		},
		{
			"from": [7.5, 4.5, 17.5],
			"to": [8, 5, 21.25],
			"rotation": {"angle": 0, "axis": "y", "origin": [4, 2.5, 5]},
			"faces": {
				"north": {"uv": [10.75, 0.25, 10.875, 0.375], "texture": "#9"},
				"east": {"uv": [8.5, 2.75, 9.4375, 2.875], "texture": "#9"},
				"south": {"uv": [10.75, 0.5, 10.875, 0.625], "texture": "#9"},
				"west": {"uv": [6.25, 8.5, 7.1875, 8.625], "texture": "#9"},
				"up": {"uv": [1.625, 9.4375, 1.5, 8.5], "texture": "#9"},
				"down": {"uv": [1.875, 8.5, 1.75, 9.4375], "texture": "#9"}
			}
		},
		{
			"from": [8, 4.5, 21],
			"to": [9.5, 5, 21.25],
			"rotation": {"angle": 0, "axis": "y", "origin": [4.5, 2.5, 5]},
			"faces": {
				"north": {"uv": [9.75, 2.5, 10.125, 2.625], "texture": "#9"},
				"east": {"uv": [0.5, 11, 0.5625, 11.125], "texture": "#9"},
				"south": {"uv": [9.75, 3, 10.125, 3.125], "texture": "#9"},
				"west": {"uv": [11, 0.5, 11.0625, 0.625], "texture": "#9"},
				"up": {"uv": [10.875, 2.5625, 10.5, 2.5], "texture": "#9"},
				"down": {"uv": [3.125, 10.5, 2.75, 10.5625], "texture": "#9"}
			}
		},
		{
			"from": [8, 4.5, 17.5],
			"to": [9.25, 5, 20.75],
			"rotation": {"angle": 0, "axis": "y", "origin": [4.5, 2.5, 4.25]},
			"faces": {
				"north": {"uv": [10, 8.25, 10.3125, 8.375], "texture": "#9"},
				"east": {"uv": [8.75, 4, 9.5625, 4.125], "texture": "#9"},
				"south": {"uv": [10, 8.5, 10.3125, 8.625], "texture": "#9"},
				"west": {"uv": [4.25, 8.75, 5.0625, 8.875], "texture": "#9"},
				"up": {"uv": [6.5625, 7.3125, 6.25, 6.5], "texture": "#9"},
				"down": {"uv": [0.8125, 6.75, 0.5, 7.5625], "texture": "#9"}
			}
		},
		{
			"from": [8.25, 5, 18],
			"to": [8.75, 5.25, 18.5],
			"rotation": {"angle": 0, "axis": "y", "origin": [4.75, 2.75, 4.75]},
			"faces": {
				"north": {"uv": [0.75, 11, 0.875, 11.0625], "texture": "#9"},
				"east": {"uv": [11, 0.75, 11.125, 0.8125], "texture": "#9"},
				"south": {"uv": [1, 11, 1.125, 11.0625], "texture": "#9"},
				"west": {"uv": [11, 1, 11.125, 1.0625], "texture": "#9"},
				"up": {"uv": [10.875, 0.875, 10.75, 0.75], "texture": "#9"},
				"down": {"uv": [1.125, 10.75, 1, 10.875], "texture": "#9"}
			}
		},
		{
			"from": [8.25, 5, 19.75],
			"to": [8.75, 5.25, 20.25],
			"rotation": {"angle": 0, "axis": "y", "origin": [4.75, 2.75, 6.5]},
			"faces": {
				"north": {"uv": [1.25, 11, 1.375, 11.0625], "texture": "#9"},
				"east": {"uv": [11, 1.25, 11.125, 1.3125], "texture": "#9"},
				"south": {"uv": [1.5, 11, 1.625, 11.0625], "texture": "#9"},
				"west": {"uv": [11, 1.5, 11.125, 1.5625], "texture": "#9"},
				"up": {"uv": [10.875, 1.125, 10.75, 1], "texture": "#9"},
				"down": {"uv": [1.375, 10.75, 1.25, 10.875], "texture": "#9"}
			}
		},
		{
			"from": [6.5, 4.5, 20.25],
			"to": [7.5, 5, 21.25],
			"rotation": {"angle": 0, "axis": "y", "origin": [3, 2.5, 5]},
			"faces": {
				"north": {"uv": [6, 10.25, 6.25, 10.375], "texture": "#9"},
				"east": {"uv": [10.25, 6.5, 10.5, 6.625], "texture": "#9"},
				"south": {"uv": [6.75, 10.25, 7, 10.375], "texture": "#9"},
				"west": {"uv": [10.25, 6.75, 10.5, 6.875], "texture": "#9"},
				"up": {"uv": [1.75, 7.25, 1.5, 7], "texture": "#9"},
				"down": {"uv": [3.5, 7.25, 3.25, 7.5], "texture": "#9"}
			}
		},
		{
			"from": [6.5, 4.5, 21.5],
			"to": [9.5, 5, 21.75],
			"rotation": {"angle": 0, "axis": "y", "origin": [3, 2.5, 6.25]},
			"faces": {
				"north": {"uv": [9, 0, 9.75, 0.125], "texture": "#9"},
				"east": {"uv": [1.75, 11, 1.8125, 11.125], "texture": "#9"},
				"south": {"uv": [9, 0.25, 9.75, 0.375], "texture": "#9"},
				"west": {"uv": [11, 1.75, 11.0625, 1.875], "texture": "#9"},
				"up": {"uv": [10.5, 3.3125, 9.75, 3.25], "texture": "#9"},
				"down": {"uv": [10.5, 3.5, 9.75, 3.5625], "texture": "#9"}
			}
		},
		{
			"from": [6.5, 4.5, 21.25],
			"to": [9.5, 4.75, 22],
			"rotation": {"angle": 0, "axis": "y", "origin": [3, 2.5, 6.5]},
			"faces": {
				"north": {"uv": [9.75, 3.75, 10.5, 3.8125], "texture": "#9"},
				"east": {"uv": [10.75, 8, 10.9375, 8.0625], "texture": "#9"},
				"south": {"uv": [9.75, 4, 10.5, 4.0625], "texture": "#9"},
				"west": {"uv": [8.25, 10.75, 8.4375, 10.8125], "texture": "#9"},
				"up": {"uv": [8.75, 6.6875, 8, 6.5], "texture": "#9"},
				"down": {"uv": [8.75, 6.75, 8, 6.9375], "texture": "#9"}
			}
		},
		{
			"from": [8, 4.5, 17.5],
			"to": [9.5, 4.75, 21],
			"rotation": {"angle": 0, "axis": "y", "origin": [3, 2.5, 5.5]},
			"faces": {
				"north": {"uv": [10.5, 3, 10.875, 3.0625], "texture": "#9"},
				"east": {"uv": [9.5, 5.75, 10.375, 5.8125], "texture": "#9"},
				"south": {"uv": [3.25, 10.5, 3.625, 10.5625], "texture": "#9"},
				"west": {"uv": [9.5, 6, 10.375, 6.0625], "texture": "#9"},
				"up": {"uv": [2.875, 6.375, 2.5, 5.5], "texture": "#9"},
				"down": {"uv": [3.375, 5.5, 3, 6.375], "texture": "#9"}
			}
		},
		{
			"from": [6.5, 4.5, 17.5],
			"to": [6.75, 4.75, 20.25],
			"rotation": {"angle": 0, "axis": "y", "origin": [3, 2.5, 3.25]},
			"faces": {
				"north": {"uv": [5, 11, 5.0625, 11.0625], "texture": "#9"},
				"east": {"uv": [7.25, 9.75, 7.9375, 9.8125], "texture": "#9"},
				"south": {"uv": [11, 5, 11.0625, 5.0625], "texture": "#9"},
				"west": {"uv": [9.75, 7.25, 10.4375, 7.3125], "texture": "#9"},
				"up": {"uv": [8.0625, 10.4375, 8, 9.75], "texture": "#9"},
				"down": {"uv": [8.5625, 9.75, 8.5, 10.4375], "texture": "#9"}
			}
		},
		{
			"from": [7.25, 4.5, 17.5],
			"to": [7.5, 4.75, 20.25],
			"rotation": {"angle": 0, "axis": "y", "origin": [3.75, 2.5, 3.25]},
			"faces": {
				"north": {"uv": [5.25, 11, 5.3125, 11.0625], "texture": "#9"},
				"east": {"uv": [9.75, 7.5, 10.4375, 7.5625], "texture": "#9"},
				"south": {"uv": [11, 5.25, 11.0625, 5.3125], "texture": "#9"},
				"west": {"uv": [8.75, 9.75, 9.4375, 9.8125], "texture": "#9"},
				"up": {"uv": [9.5625, 10.4375, 9.5, 9.75], "texture": "#9"},
				"down": {"uv": [9.8125, 9.5, 9.75, 10.1875], "texture": "#9"}
			}
		},
		{
			"from": [6.75, 4.5, 20],
			"to": [7.25, 4.75, 20.25],
			"rotation": {"angle": 0, "axis": "y", "origin": [3.5, 2.5, 3.25]},
			"faces": {
				"north": {"uv": [2, 11, 2.125, 11.0625], "texture": "#9"},
				"east": {"uv": [5.5, 11, 5.5625, 11.0625], "texture": "#9"},
				"south": {"uv": [11, 2, 11.125, 2.0625], "texture": "#9"},
				"west": {"uv": [11, 5.5, 11.0625, 5.5625], "texture": "#9"},
				"up": {"uv": [2.375, 11.0625, 2.25, 11], "texture": "#9"},
				"down": {"uv": [11.125, 2.25, 11, 2.3125], "texture": "#9"}
			}
		},
		{
			"from": [6.75, 4.5, 17.5],
			"to": [7.25, 4.75, 17.75],
			"rotation": {"angle": 0, "axis": "y", "origin": [3.5, 2.5, 0.75]},
			"faces": {
				"north": {"uv": [2.5, 11, 2.625, 11.0625], "texture": "#9"},
				"east": {"uv": [5.75, 11, 5.8125, 11.0625], "texture": "#9"},
				"south": {"uv": [11, 2.5, 11.125, 2.5625], "texture": "#9"},
				"west": {"uv": [11, 5.75, 11.0625, 5.8125], "texture": "#9"},
				"up": {"uv": [2.875, 11.0625, 2.75, 11], "texture": "#9"},
				"down": {"uv": [11.125, 2.75, 11, 2.8125], "texture": "#9"}
			}
		},
		{
			"from": [6.5, 4.5, 22],
			"to": [9.5, 5, 23],
			"rotation": {"angle": 0, "axis": "y", "origin": [4, 2.5, 9.5]},
			"faces": {
				"north": {"uv": [0.5, 9, 1.25, 9.125], "texture": "#9"},
				"east": {"uv": [7, 10.25, 7.25, 10.375], "texture": "#9"},
				"south": {"uv": [9, 0.5, 9.75, 0.625], "texture": "#9"},
				"west": {"uv": [7.25, 10.25, 7.5, 10.375], "texture": "#9"},
				"up": {"uv": [7.5, 7.5, 6.75, 7.25], "texture": "#9"},
				"down": {"uv": [2.5, 7.5, 1.75, 7.75], "texture": "#9"}
			}
		},
		{
			"from": [6.75, 4.5, 17.75],
			"to": [7.25, 6, 18.25],
			"rotation": {"angle": 0, "axis": "y", "origin": [4, 2.5, 5.25]},
			"faces": {
				"north": {"uv": [5.75, 9.5, 5.875, 9.875], "texture": "#9"},
				"east": {"uv": [8.25, 9.5, 8.375, 9.875], "texture": "#9"},
				"south": {"uv": [0.75, 9.75, 0.875, 10.125], "texture": "#9"},
				"west": {"uv": [2.75, 9.75, 2.875, 10.125], "texture": "#9"},
				"up": {"uv": [1.625, 10.875, 1.5, 10.75], "texture": "#9"},
				"down": {"uv": [10.875, 1.5, 10.75, 1.625], "texture": "#9"}
			}
		},
		{
			"from": [7.75, 0.5, 22.25],
			"to": [8.25, 2, 22.75],
			"rotation": {"angle": 0, "axis": "y", "origin": [5.25, -3, 4]},
			"faces": {
				"north": {"uv": [9.75, 4.5, 9.875, 4.875], "texture": "#9"},
				"east": {"uv": [9.75, 5, 9.875, 5.375], "texture": "#9"},
				"south": {"uv": [5.25, 9.75, 5.375, 10.125], "texture": "#9"},
				"west": {"uv": [5.5, 9.75, 5.625, 10.125], "texture": "#9"},
				"up": {"uv": [1.875, 10.875, 1.75, 10.75], "texture": "#9"},
				"down": {"uv": [10.875, 1.75, 10.75, 1.875], "texture": "#9"}
			}
		},
		{
			"from": [7.5, 1.75, 22],
			"to": [8.5, 2, 23],
			"rotation": {"angle": 0, "axis": "y", "origin": [5.25, -3, 4]},
			"faces": {
				"north": {"uv": [10.75, 2, 11, 2.0625], "texture": "#9"},
				"east": {"uv": [2.25, 10.75, 2.5, 10.8125], "texture": "#9"},
				"south": {"uv": [10.75, 2.25, 11, 2.3125], "texture": "#9"},
				"west": {"uv": [2.5, 10.75, 2.75, 10.8125], "texture": "#9"},
				"up": {"uv": [9.5, 7.25, 9.25, 7], "texture": "#9"},
				"down": {"uv": [7.5, 9.25, 7.25, 9.5], "texture": "#9"}
			}
		},
		{
			"from": [8.75, 1, 22],
			"to": [9, 2, 22.25],
			"rotation": {"angle": 0, "axis": "y", "origin": [6.25, -2.75, 3.75]},
			"faces": {
				"north": {"uv": [2.75, 10.75, 2.8125, 11], "texture": "#9"},
				"east": {"uv": [10.75, 2.75, 10.8125, 3], "texture": "#9"},
				"south": {"uv": [3, 10.75, 3.0625, 11], "texture": "#9"},
				"west": {"uv": [3.25, 10.75, 3.3125, 11], "texture": "#9"},
				"up": {"uv": [6.0625, 11.0625, 6, 11], "texture": "#9"},
				"down": {"uv": [11.0625, 6, 11, 6.0625], "texture": "#9"}
			}
		},
		{
			"from": [8.5, 1.75, 21.75],
			"to": [9.25, 2, 22.5],
			"rotation": {"angle": 0, "axis": "y", "origin": [6.25, -2.75, 3.75]},
			"faces": {
				"north": {"uv": [10.75, 8.25, 10.9375, 8.3125], "texture": "#9"},
				"east": {"uv": [8.5, 10.75, 8.6875, 10.8125], "texture": "#9"},
				"south": {"uv": [10.75, 8.5, 10.9375, 8.5625], "texture": "#9"},
				"west": {"uv": [8.75, 10.75, 8.9375, 10.8125], "texture": "#9"},
				"up": {"uv": [0.6875, 10.4375, 0.5, 10.25], "texture": "#9"},
				"down": {"uv": [0.9375, 10.25, 0.75, 10.4375], "texture": "#9"}
			}
		},
		{
			"from": [6.75, 1.75, 21.75],
			"to": [7.5, 2, 22.5],
			"rotation": {"angle": 0, "axis": "y", "origin": [4.5, -2.75, 3.75]},
			"faces": {
				"north": {"uv": [10.75, 8.75, 10.9375, 8.8125], "texture": "#9"},
				"east": {"uv": [9, 10.75, 9.1875, 10.8125], "texture": "#9"},
				"south": {"uv": [10.75, 9, 10.9375, 9.0625], "texture": "#9"},
				"west": {"uv": [9.25, 10.75, 9.4375, 10.8125], "texture": "#9"},
				"up": {"uv": [1.1875, 10.4375, 1, 10.25], "texture": "#9"},
				"down": {"uv": [1.4375, 10.25, 1.25, 10.4375], "texture": "#9"}
			}
		},
		{
			"from": [8.75, 1, 21],
			"to": [9, 1.25, 22],
			"rotation": {"angle": 0, "axis": "y", "origin": [6.25, -2.75, 3.5]},
			"faces": {
				"north": {"uv": [6.25, 11, 6.3125, 11.0625], "texture": "#9"},
				"east": {"uv": [10.75, 3.25, 11, 3.3125], "texture": "#9"},
				"south": {"uv": [11, 6.25, 11.0625, 6.3125], "texture": "#9"},
				"west": {"uv": [3.5, 10.75, 3.75, 10.8125], "texture": "#9"},
				"up": {"uv": [10.8125, 3.75, 10.75, 3.5], "texture": "#9"},
				"down": {"uv": [3.8125, 10.75, 3.75, 11], "texture": "#9"}
			}
		},
		{
			"from": [7, 1, 22],
			"to": [7.25, 2, 22.25],
			"rotation": {"angle": 0, "axis": "y", "origin": [4.5, -2.75, 3.75]},
			"faces": {
				"north": {"uv": [10.75, 3.75, 10.8125, 4], "texture": "#9"},
				"east": {"uv": [4, 10.75, 4.0625, 11], "texture": "#9"},
				"south": {"uv": [10.75, 4, 10.8125, 4.25], "texture": "#9"},
				"west": {"uv": [4.25, 10.75, 4.3125, 11], "texture": "#9"},
				"up": {"uv": [6.5625, 11.0625, 6.5, 11], "texture": "#9"},
				"down": {"uv": [11.0625, 6.5, 11, 6.5625], "texture": "#9"}
			}
		},
		{
			"from": [7, 1, 21],
			"to": [7.25, 1.25, 22],
			"rotation": {"angle": 0, "axis": "y", "origin": [4.5, -2.75, 3.5]},
			"faces": {
				"north": {"uv": [6.75, 11, 6.8125, 11.0625], "texture": "#9"},
				"east": {"uv": [10.75, 4.25, 11, 4.3125], "texture": "#9"},
				"south": {"uv": [11, 6.75, 11.0625, 6.8125], "texture": "#9"},
				"west": {"uv": [4.5, 10.75, 4.75, 10.8125], "texture": "#9"},
				"up": {"uv": [10.8125, 4.75, 10.75, 4.5], "texture": "#9"},
				"down": {"uv": [4.8125, 10.75, 4.75, 11], "texture": "#9"}
			}
		},
		{
			"from": [7.75, 0.5, 20.25],
			"to": [8.25, 1, 22.25],
			"rotation": {"angle": 0, "axis": "y", "origin": [5.25, -3.25, 3.5]},
			"faces": {
				"north": {"uv": [10.75, 4.75, 10.875, 4.875], "texture": "#9"},
				"east": {"uv": [9.25, 7.25, 9.75, 7.375], "texture": "#9"},
				"south": {"uv": [5, 10.75, 5.125, 10.875], "texture": "#9"},
				"west": {"uv": [7.75, 9.25, 8.25, 9.375], "texture": "#9"},
				"up": {"uv": [8.625, 9.75, 8.5, 9.25], "texture": "#9"},
				"down": {"uv": [8.875, 9.25, 8.75, 9.75], "texture": "#9"}
			}
		},
		{
			"from": [7.5, 0.25, 21],
			"to": [8.5, 1.25, 21.25],
			"rotation": {"angle": 0, "axis": "y", "origin": [5.25, -3.25, 3.5]},
			"faces": {
				"north": {"uv": [9.25, 8.75, 9.5, 9], "texture": "#9"},
				"east": {"uv": [10.75, 5, 10.8125, 5.25], "texture": "#9"},
				"south": {"uv": [9, 9.25, 9.25, 9.5], "texture": "#9"},
				"west": {"uv": [5.25, 10.75, 5.3125, 11], "texture": "#9"},
				"up": {"uv": [11, 5.3125, 10.75, 5.25], "texture": "#9"},
				"down": {"uv": [5.75, 10.75, 5.5, 10.8125], "texture": "#9"}
			}
		},
		{
			"from": [8.5, 0.75, 21],
			"to": [9.25, 1.5, 21.25],
			"rotation": {"angle": 0, "axis": "y", "origin": [6.25, -3, 3.5]},
			"faces": {
				"north": {"uv": [1.5, 10.25, 1.6875, 10.4375], "texture": "#9"},
				"east": {"uv": [10.75, 9.25, 10.8125, 9.4375], "texture": "#9"},
				"south": {"uv": [1.75, 10.25, 1.9375, 10.4375], "texture": "#9"},
				"west": {"uv": [9.5, 10.75, 9.5625, 10.9375], "texture": "#9"},
				"up": {"uv": [10.9375, 9.5625, 10.75, 9.5], "texture": "#9"},
				"down": {"uv": [9.9375, 10.75, 9.75, 10.8125], "texture": "#9"}
			}
		},
		{
			"from": [6.75, 0.75, 21],
			"to": [7.5, 1.5, 21.25],
			"rotation": {"angle": 0, "axis": "y", "origin": [4.5, -3, 3.5]},
			"faces": {
				"north": {"uv": [2, 10.25, 2.1875, 10.4375], "texture": "#9"},
				"east": {"uv": [10.75, 9.75, 10.8125, 9.9375], "texture": "#9"},
				"south": {"uv": [2.25, 10.25, 2.4375, 10.4375], "texture": "#9"},
				"west": {"uv": [10, 10.75, 10.0625, 10.9375], "texture": "#9"},
				"up": {"uv": [10.9375, 10.0625, 10.75, 10], "texture": "#9"},
				"down": {"uv": [10.4375, 10.75, 10.25, 10.8125], "texture": "#9"}
			}
		},
		{
			"from": [5.75, 4.5, 16.5],
			"to": [6.5, 5, 23],
			"rotation": {"angle": 0, "axis": "y", "origin": [3, 0, 4]},
			"faces": {
				"north": {"uv": [10.5, 3.25, 10.6875, 3.375], "texture": "#9"},
				"east": {"uv": [7, 5.5, 8.625, 5.625], "texture": "#9"},
				"south": {"uv": [10.5, 3.5, 10.6875, 3.625], "texture": "#9"},
				"west": {"uv": [7, 5.75, 8.625, 5.875], "texture": "#9"},
				"up": {"uv": [1.9375, 7.375, 1.75, 5.75], "texture": "#9"},
				"down": {"uv": [2.1875, 5.75, 2, 7.375], "texture": "#9"}
			}
		},
		{
			"from": [9.5, 4.5, 16.5],
			"to": [10.25, 5, 23],
			"rotation": {"angle": 0, "axis": "y", "origin": [6.75, 0, 4]},
			"faces": {
				"north": {"uv": [3.75, 10.5, 3.9375, 10.625], "texture": "#9"},
				"east": {"uv": [7, 6, 8.625, 6.125], "texture": "#9"},
				"south": {"uv": [10.5, 3.75, 10.6875, 3.875], "texture": "#9"},
				"west": {"uv": [7, 6.25, 8.625, 6.375], "texture": "#9"},
				"up": {"uv": [2.4375, 7.375, 2.25, 5.75], "texture": "#9"},
				"down": {"uv": [3.6875, 5.75, 3.5, 7.375], "texture": "#9"}
			}
		},
		{
			"from": [5.75, 2, 16.5],
			"to": [6.5, 2.5, 23],
			"rotation": {"angle": 0, "axis": "y", "origin": [3, -2.5, 4]},
			"faces": {
				"north": {"uv": [4, 10.5, 4.1875, 10.625], "texture": "#9"},
				"east": {"uv": [6.75, 7, 8.375, 7.125], "texture": "#9"},
				"south": {"uv": [10.5, 4, 10.6875, 4.125], "texture": "#9"},
				"west": {"uv": [7.25, 0, 8.875, 0.125], "texture": "#9"},
				"up": {"uv": [3.9375, 7.375, 3.75, 5.75], "texture": "#9"},
				"down": {"uv": [4.1875, 5.75, 4, 7.375], "texture": "#9"}
			}
		},
		{
			"from": [9.5, 2, 16.5],
			"to": [10.25, 2.5, 23],
			"rotation": {"angle": 0, "axis": "y", "origin": [6.75, -2.5, 4]},
			"faces": {
				"north": {"uv": [4.25, 10.5, 4.4375, 10.625], "texture": "#9"},
				"east": {"uv": [7.25, 0.25, 8.875, 0.375], "texture": "#9"},
				"south": {"uv": [10.5, 4.25, 10.6875, 4.375], "texture": "#9"},
				"west": {"uv": [7.25, 0.5, 8.875, 0.625], "texture": "#9"},
				"up": {"uv": [6.1875, 3.625, 6, 2], "texture": "#9"},
				"down": {"uv": [5.6875, 6, 5.5, 7.625], "texture": "#9"}
			}
		},
		{
			"from": [5.5, 2.5, 16.5],
			"to": [6.5, 4.5, 17.5],
			"rotation": {"angle": 0, "axis": "y", "origin": [3, -2, 4]},
			"faces": {
				"north": {"uv": [5.75, 2, 6, 2.5], "texture": "#9"},
				"east": {"uv": [5.75, 3, 6, 3.5], "texture": "#9"},
				"south": {"uv": [1.25, 6.25, 1.5, 6.75], "texture": "#9"},
				"west": {"uv": [2, 8.25, 2.25, 8.75], "texture": "#9"},
				"up": {"uv": [9.5, 9.25, 9.25, 9], "texture": "#9"},
				"down": {"uv": [9.5, 9.25, 9.25, 9.5], "texture": "#9"}
			}
		},
		{
			"from": [9.5, 2.5, 16.5],
			"to": [10.5, 4.5, 17.5],
			"rotation": {"angle": 0, "axis": "y", "origin": [7, -2, 4]},
			"faces": {
				"north": {"uv": [4.25, 8.25, 4.5, 8.75], "texture": "#9"},
				"east": {"uv": [4.5, 8.25, 4.75, 8.75], "texture": "#9"},
				"south": {"uv": [5.25, 8.25, 5.5, 8.75], "texture": "#9"},
				"west": {"uv": [5.5, 8.25, 5.75, 8.75], "texture": "#9"},
				"up": {"uv": [0.75, 9.75, 0.5, 9.5], "texture": "#9"},
				"down": {"uv": [1, 9.5, 0.75, 9.75], "texture": "#9"}
			}
		},
		{
			"from": [6.25, 2.5, 16.25],
			"to": [6.5, 4.5, 16.5],
			"rotation": {"angle": 0, "axis": "y", "origin": [3, -2, 3.75]},
			"faces": {
				"north": {"uv": [7.5, 10.25, 7.5625, 10.75], "texture": "#9"},
				"east": {"uv": [7.75, 10.25, 7.8125, 10.75], "texture": "#9"},
				"south": {"uv": [8.25, 10.25, 8.3125, 10.75], "texture": "#9"},
				"west": {"uv": [8.75, 10.25, 8.8125, 10.75], "texture": "#9"},
				"up": {"uv": [7.0625, 11.0625, 7, 11], "texture": "#9"},
				"down": {"uv": [11.0625, 7, 11, 7.0625], "texture": "#9"}
			}
		},
		{
			"from": [5.5, 2.5, 16.25],
			"to": [5.75, 4.5, 16.5],
			"rotation": {"angle": 0, "axis": "y", "origin": [2.25, -2, 3.75]},
			"faces": {
				"north": {"uv": [10.25, 8.75, 10.3125, 9.25], "texture": "#9"},
				"east": {"uv": [9, 10.25, 9.0625, 10.75], "texture": "#9"},
				"south": {"uv": [9.25, 10.25, 9.3125, 10.75], "texture": "#9"},
				"west": {"uv": [9.75, 10.25, 9.8125, 10.75], "texture": "#9"},
				"up": {"uv": [7.3125, 11.0625, 7.25, 11], "texture": "#9"},
				"down": {"uv": [11.0625, 7.25, 11, 7.3125], "texture": "#9"}
			}
		},
		{
			"from": [5.75, 4.25, 16.25],
			"to": [6.25, 4.5, 16.5],
			"rotation": {"angle": 0, "axis": "y", "origin": [2.75, -2, 3.75]},
			"faces": {
				"north": {"uv": [3, 11, 3.125, 11.0625], "texture": "#9"},
				"east": {"uv": [7.5, 11, 7.5625, 11.0625], "texture": "#9"},
				"south": {"uv": [11, 3, 11.125, 3.0625], "texture": "#9"},
				"west": {"uv": [11, 7.5, 11.0625, 7.5625], "texture": "#9"},
				"up": {"uv": [3.375, 11.0625, 3.25, 11], "texture": "#9"},
				"down": {"uv": [11.125, 3.25, 11, 3.3125], "texture": "#9"}
			}
		},
		{
			"from": [5.75, 2.5, 16.25],
			"to": [6.25, 2.75, 16.5],
			"rotation": {"angle": 0, "axis": "y", "origin": [2.75, -3.75, 3.75]},
			"faces": {
				"north": {"uv": [3.5, 11, 3.625, 11.0625], "texture": "#9"},
				"east": {"uv": [7.75, 11, 7.8125, 11.0625], "texture": "#9"},
				"south": {"uv": [11, 3.5, 11.125, 3.5625], "texture": "#9"},
				"west": {"uv": [11, 7.75, 11.0625, 7.8125], "texture": "#9"},
				"up": {"uv": [3.875, 11.0625, 3.75, 11], "texture": "#9"},
				"down": {"uv": [11.125, 3.75, 11, 3.8125], "texture": "#9"}
			}
		},
		{
			"from": [9.75, 4.25, 16.25],
			"to": [10.25, 4.5, 16.5],
			"rotation": {"angle": 0, "axis": "y", "origin": [6.75, -2, 3.75]},
			"faces": {
				"north": {"uv": [4, 11, 4.125, 11.0625], "texture": "#9"},
				"east": {"uv": [8, 11, 8.0625, 11.0625], "texture": "#9"},
				"south": {"uv": [11, 4, 11.125, 4.0625], "texture": "#9"},
				"west": {"uv": [11, 8, 11.0625, 8.0625], "texture": "#9"},
				"up": {"uv": [4.375, 11.0625, 4.25, 11], "texture": "#9"},
				"down": {"uv": [11.125, 4.25, 11, 4.3125], "texture": "#9"}
			}
		},
		{
			"from": [10.25, 2.5, 16.25],
			"to": [10.5, 4.5, 16.5],
			"rotation": {"angle": 0, "axis": "y", "origin": [7, -2, 3.75]},
			"faces": {
				"north": {"uv": [10, 10.25, 10.0625, 10.75], "texture": "#9"},
				"east": {"uv": [10.25, 10.25, 10.3125, 10.75], "texture": "#9"},
				"south": {"uv": [0, 10.5, 0.0625, 11], "texture": "#9"},
				"west": {"uv": [10.5, 0, 10.5625, 0.5], "texture": "#9"},
				"up": {"uv": [8.3125, 11.0625, 8.25, 11], "texture": "#9"},
				"down": {"uv": [11.0625, 8.25, 11, 8.3125], "texture": "#9"}
			}
		},
		{
			"from": [9.75, 2.5, 16.25],
			"to": [10.25, 2.75, 16.5],
			"rotation": {"angle": 0, "axis": "y", "origin": [6.75, -3.75, 3.75]},
			"faces": {
				"north": {"uv": [4.5, 11, 4.625, 11.0625], "texture": "#9"},
				"east": {"uv": [8.5, 11, 8.5625, 11.0625], "texture": "#9"},
				"south": {"uv": [11, 4.5, 11.125, 4.5625], "texture": "#9"},
				"west": {"uv": [11, 8.5, 11.0625, 8.5625], "texture": "#9"},
				"up": {"uv": [4.875, 11.0625, 4.75, 11], "texture": "#9"},
				"down": {"uv": [11.125, 4.75, 11, 4.8125], "texture": "#9"}
			}
		},
		{
			"from": [9.5, 2.5, 16.25],
			"to": [9.75, 4.5, 16.5],
			"rotation": {"angle": 0, "axis": "y", "origin": [6.25, -2, 3.75]},
			"faces": {
				"north": {"uv": [0.25, 10.5, 0.3125, 11], "texture": "#9"},
				"east": {"uv": [0.5, 10.5, 0.5625, 11], "texture": "#9"},
				"south": {"uv": [10.5, 0.5, 10.5625, 1], "texture": "#9"},
				"west": {"uv": [0.75, 10.5, 0.8125, 11], "texture": "#9"},
				"up": {"uv": [8.8125, 11.0625, 8.75, 11], "texture": "#9"},
				"down": {"uv": [11.0625, 8.75, 11, 8.8125], "texture": "#9"}
			}
		},
		{
			"from": [5.75, 2.5, 22],
			"to": [10.25, 4.5, 23],
			"rotation": {"angle": 0, "axis": "y", "origin": [3, -2, 10]},
			"faces": {
				"north": {"uv": [3.5, 2, 4.625, 2.5], "texture": "#9"},
				"east": {"uv": [5.75, 8.25, 6, 8.75], "texture": "#9"},
				"south": {"uv": [4.25, 1.5, 5.375, 2], "texture": "#9"},
				"west": {"uv": [6, 8.25, 6.25, 8.75], "texture": "#9"},
				"up": {"uv": [7.125, 5, 6, 4.75], "texture": "#9"},
				"down": {"uv": [7.375, 3.5, 6.25, 3.75], "texture": "#9"}
			}
		},
		{
			"from": [5.5, 4.25, 22.5],
			"to": [10.5, 4.5, 23.25],
			"rotation": {"angle": 0, "axis": "y", "origin": [3, -2, 10]},
			"faces": {
				"north": {"uv": [9.25, 1.25, 10.5, 1.3125], "texture": "#9"},
				"east": {"uv": [10.75, 10.25, 10.9375, 10.3125], "texture": "#9"},
				"south": {"uv": [9.25, 2, 10.5, 2.0625], "texture": "#9"},
				"west": {"uv": [10.5, 10.75, 10.6875, 10.8125], "texture": "#9"},
				"up": {"uv": [8, 4.4375, 6.75, 4.25], "texture": "#9"},
				"down": {"uv": [8, 4.5, 6.75, 4.6875], "texture": "#9"}
			}
		},
		{
			"from": [5.5, 2.5, 22.5],
			"to": [10.5, 2.75, 23.25],
			"rotation": {"angle": 0, "axis": "y", "origin": [3, -3.75, 10]},
			"faces": {
				"north": {"uv": [9.25, 2.25, 10.5, 2.3125], "texture": "#9"},
				"east": {"uv": [10.75, 10.5, 10.9375, 10.5625], "texture": "#9"},
				"south": {"uv": [9.25, 4.25, 10.5, 4.3125], "texture": "#9"},
				"west": {"uv": [10.75, 10.75, 10.9375, 10.8125], "texture": "#9"},
				"up": {"uv": [8, 6.6875, 6.75, 6.5], "texture": "#9"},
				"down": {"uv": [8, 6.75, 6.75, 6.9375], "texture": "#9"}
			}
		},
		{
			"from": [5.5, 3, 22.5],
			"to": [10.5, 4, 23.25],
			"rotation": {"angle": 0, "axis": "y", "origin": [3, -3.25, 10]},
			"faces": {
				"north": {"uv": [5.75, 1, 7, 1.25], "texture": "#9"},
				"east": {"uv": [9.75, 5.5, 9.9375, 5.75], "texture": "#9"},
				"south": {"uv": [5.75, 1.25, 7, 1.5], "texture": "#9"},
				"west": {"uv": [6, 9.75, 6.1875, 10], "texture": "#9"},
				"up": {"uv": [8.25, 1.1875, 7, 1], "texture": "#9"},
				"down": {"uv": [8.25, 1.25, 7, 1.4375], "texture": "#9"}
			}
		},
		{
			"from": [5.5, 2.5, 22],
			"to": [10.5, 4.5, 22.5],
			"rotation": {"angle": 0, "axis": "y", "origin": [3, -3.25, 9.25]},
			"faces": {
				"north": {"uv": [3, 2.5, 4.25, 3], "texture": "#9"},
				"east": {"uv": [1, 9.5, 1.125, 10], "texture": "#9"},
				"south": {"uv": [3, 3, 4.25, 3.5], "texture": "#9"},
				"west": {"uv": [1.25, 9.5, 1.375, 10], "texture": "#9"},
				"up": {"uv": [9, 2.375, 7.75, 2.25], "texture": "#9"},
				"down": {"uv": [9, 2.5, 7.75, 2.625], "texture": "#9"}
			}
		},
		{
			"from": [6, 3.75, 18],
			"to": [6.5, 4.25, 21.5],
			"rotation": {"angle": 0, "axis": "y", "origin": [3, -1.5, 5.5]},
			"faces": {
				"north": {"uv": [10.75, 5.5, 10.875, 5.625], "texture": "#9"},
				"east": {"uv": [8.5, 7.75, 9.375, 7.875], "texture": "#9"},
				"south": {"uv": [5.75, 10.75, 5.875, 10.875], "texture": "#9"},
				"west": {"uv": [8.5, 8, 9.375, 8.125], "texture": "#9"},
				"up": {"uv": [4.125, 9.375, 4, 8.5], "texture": "#9"},
				"down": {"uv": [8.375, 8.5, 8.25, 9.375], "texture": "#9"}
			}
		},
		{
			"from": [5.75, 2.5, 17.5],
			"to": [6.5, 4.5, 18],
			"rotation": {"angle": 0, "axis": "y", "origin": [3, -2.5, 5]},
			"faces": {
				"north": {"uv": [7.75, 8.75, 7.9375, 9.25], "texture": "#9"},
				"east": {"uv": [1.5, 9.5, 1.625, 10], "texture": "#9"},
				"south": {"uv": [8, 8.75, 8.1875, 9.25], "texture": "#9"},
				"west": {"uv": [1.75, 9.5, 1.875, 10], "texture": "#9"},
				"up": {"uv": [4.6875, 10.625, 4.5, 10.5], "texture": "#9"},
				"down": {"uv": [4.9375, 10.5, 4.75, 10.625], "texture": "#9"}
			}
		},
		{
			"from": [6, 2.75, 18],
			"to": [6.5, 3.25, 21.5],
			"rotation": {"angle": 0, "axis": "y", "origin": [3, -2.5, 5.5]},
			"faces": {
				"north": {"uv": [10.75, 5.75, 10.875, 5.875], "texture": "#9"},
				"east": {"uv": [8.5, 8.25, 9.375, 8.375], "texture": "#9"},
				"south": {"uv": [6, 10.75, 6.125, 10.875], "texture": "#9"},
				"west": {"uv": [8.5, 8.5, 9.375, 8.625], "texture": "#9"},
				"up": {"uv": [0.125, 9.625, 0, 8.75], "texture": "#9"},
				"down": {"uv": [0.375, 8.75, 0.25, 9.625], "texture": "#9"}
			}
		},
		{
			"from": [5.75, 2.5, 21.5],
			"to": [6.5, 4.5, 22],
			"rotation": {"angle": 0, "axis": "y", "origin": [3, -2.5, 9]},
			"faces": {
				"north": {"uv": [9, 1, 9.1875, 1.5], "texture": "#9"},
				"east": {"uv": [3, 9.5, 3.125, 10], "texture": "#9"},
				"south": {"uv": [1.25, 9, 1.4375, 9.5], "texture": "#9"},
				"west": {"uv": [3.25, 9.5, 3.375, 10], "texture": "#9"},
				"up": {"uv": [5.1875, 10.625, 5, 10.5], "texture": "#9"},
				"down": {"uv": [5.4375, 10.5, 5.25, 10.625], "texture": "#9"}
			}
		},
		{
			"from": [9.5, 2.5, 17.5],
			"to": [10.25, 4.5, 18],
			"rotation": {"angle": 0, "axis": "y", "origin": [6.75, -2.5, 5]},
			"faces": {
				"north": {"uv": [9, 2, 9.1875, 2.5], "texture": "#9"},
				"east": {"uv": [3.5, 9.5, 3.625, 10], "texture": "#9"},
				"south": {"uv": [3, 9, 3.1875, 9.5], "texture": "#9"},
				"west": {"uv": [3.75, 9.5, 3.875, 10], "texture": "#9"},
				"up": {"uv": [5.6875, 10.625, 5.5, 10.5], "texture": "#9"},
				"down": {"uv": [5.9375, 10.5, 5.75, 10.625], "texture": "#9"}
			}
		},
		{
			"from": [9.5, 2.5, 21.5],
			"to": [10.25, 4.5, 22],
			"rotation": {"angle": 0, "axis": "y", "origin": [6.75, -2.5, 9]},
			"faces": {
				"north": {"uv": [3.25, 9, 3.4375, 9.5], "texture": "#9"},
				"east": {"uv": [4, 9.5, 4.125, 10], "texture": "#9"},
				"south": {"uv": [3.5, 9, 3.6875, 9.5], "texture": "#9"},
				"west": {"uv": [4.25, 9.5, 4.375, 10], "texture": "#9"},
				"up": {"uv": [10.6875, 5.875, 10.5, 5.75], "texture": "#9"},
				"down": {"uv": [6.1875, 10.5, 6, 10.625], "texture": "#9"}
			}
		},
		{
			"from": [9.5, 3.75, 18],
			"to": [10, 4.25, 21.5],
			"rotation": {"angle": 0, "axis": "y", "origin": [6.5, -1.5, 5.5]},
			"faces": {
				"north": {"uv": [10.75, 6, 10.875, 6.125], "texture": "#9"},
				"east": {"uv": [0.5, 8.75, 1.375, 8.875], "texture": "#9"},
				"south": {"uv": [10.75, 6.25, 10.875, 6.375], "texture": "#9"},
				"west": {"uv": [8.75, 0.75, 9.625, 0.875], "texture": "#9"},
				"up": {"uv": [2.125, 9.625, 2, 8.75], "texture": "#9"},
				"down": {"uv": [2.375, 8.75, 2.25, 9.625], "texture": "#9"}
			}
		},
		{
			"from": [9.5, 2.75, 18],
			"to": [10, 3.25, 21.5],
			"rotation": {"angle": 0, "axis": "y", "origin": [6.5, -2.5, 5.5]},
			"faces": {
				"north": {"uv": [10.75, 6.5, 10.875, 6.625], "texture": "#9"},
				"east": {"uv": [8.75, 1.5, 9.625, 1.625], "texture": "#9"},
				"south": {"uv": [10.75, 6.75, 10.875, 6.875], "texture": "#9"},
				"west": {"uv": [8.75, 1.75, 9.625, 1.875], "texture": "#9"},
				"up": {"uv": [2.625, 9.625, 2.5, 8.75], "texture": "#9"},
				"down": {"uv": [2.875, 8.75, 2.75, 9.625], "texture": "#9"}
			}
		},
		{
			"from": [6.5, 0, 14.25],
			"to": [9.5, 2, 17.5],
			"rotation": {"angle": 0, "axis": "y", "origin": [4, 0, 4]},
			"faces": {
				"north": {"uv": [1.75, 5.25, 2.5, 5.75], "texture": "#9"},
				"east": {"uv": [4.75, 2, 5.5625, 2.5], "texture": "#9"},
				"south": {"uv": [3.5, 5.25, 4.25, 5.75], "texture": "#9"},
				"west": {"uv": [5, 2.5, 5.8125, 3], "texture": "#9"},
				"up": {"uv": [4.25, 1.8125, 3.5, 1], "texture": "#9"},
				"down": {"uv": [2.25, 3.5, 1.5, 4.3125], "texture": "#9"}
			}
		},
		{
			"from": [6.5, 0, 20.25],
			"to": [9.5, 2, 21],
			"rotation": {"angle": 0, "axis": "y", "origin": [4, 0, 7.75]},
			"faces": {
				"north": {"uv": [5.25, 3.5, 6, 4], "texture": "#9"},
				"east": {"uv": [3.75, 9, 3.9375, 9.5], "texture": "#9"},
				"south": {"uv": [5.25, 4, 6, 4.5], "texture": "#9"},
				"west": {"uv": [4.25, 9, 4.4375, 9.5], "texture": "#9"},
				"up": {"uv": [7.75, 8.1875, 7, 8], "texture": "#9"},
				"down": {"uv": [8.5, 8, 7.75, 8.1875], "texture": "#9"}
			}
		},
		{
			"from": [6.5, 1.5, 17.5],
			"to": [9.5, 2, 20.25],
			"rotation": {"angle": 0, "axis": "y", "origin": [4, 0, 7]},
			"faces": {
				"north": {"uv": [9, 2.5, 9.75, 2.625], "texture": "#9"},
				"east": {"uv": [6, 9, 6.6875, 9.125], "texture": "#9"},
				"south": {"uv": [9, 3, 9.75, 3.125], "texture": "#9"},
				"west": {"uv": [6.75, 9, 7.4375, 9.125], "texture": "#9"},
				"up": {"uv": [1.75, 5.1875, 1, 4.5], "texture": "#9"},
				"down": {"uv": [2.5, 4.5, 1.75, 5.1875], "texture": "#9"}
			}
		},
		{
			"from": [6.75, 0.25, 17.25],
			"to": [9.25, 2, 20.25],
			"rotation": {"angle": 0, "axis": "y", "origin": [4, 0, 7.25]},
			"faces": {
				"north": {"uv": [6.25, 5.5, 6.875, 5.9375], "texture": "#9"},
				"east": {"uv": [5.5, 5, 6.25, 5.4375], "texture": "#9"},
				"south": {"uv": [6.25, 6, 6.875, 6.4375], "texture": "#9"},
				"west": {"uv": [5.5, 5.5, 6.25, 5.9375], "texture": "#9"},
				"up": {"uv": [5.625, 0.75, 5, 0], "texture": "#9"},
				"down": {"uv": [5.625, 0.75, 5, 1.5], "texture": "#9"}
			}
		},
		{
			"from": [6.5, 0.25, 13.25],
			"to": [9.5, 2, 14],
			"rotation": {"angle": 0, "axis": "y", "origin": [4, 0, -2.25]},
			"faces": {
				"north": {"uv": [0, 5.75, 0.75, 6.1875], "texture": "#9"},
				"east": {"uv": [9, 7, 9.1875, 7.4375], "texture": "#9"},
				"south": {"uv": [5.75, 0, 6.5, 0.4375], "texture": "#9"},
				"west": {"uv": [7.5, 9, 7.6875, 9.4375], "texture": "#9"},
				"up": {"uv": [1.25, 8.4375, 0.5, 8.25], "texture": "#9"},
				"down": {"uv": [9, 1, 8.25, 1.1875], "texture": "#9"}
			}
		},
		{
			"from": [6.5, 0.5, 12.25],
			"to": [9.5, 2, 13],
			"rotation": {"angle": 0, "axis": "y", "origin": [4, 0, -3.25]},
			"faces": {
				"north": {"uv": [4.5, 6.25, 5.25, 6.625], "texture": "#9"},
				"east": {"uv": [6, 9.25, 6.1875, 9.625], "texture": "#9"},
				"south": {"uv": [6.25, 5, 7, 5.375], "texture": "#9"},
				"west": {"uv": [9.25, 6, 9.4375, 6.375], "texture": "#9"},
				"up": {"uv": [2, 8.4375, 1.25, 8.25], "texture": "#9"},
				"down": {"uv": [9, 1.25, 8.25, 1.4375], "texture": "#9"}
			}
		},
		{
			"from": [6.5, 1.25, 11.5],
			"to": [9.5, 2, 12.25],
			"rotation": {"angle": 0, "axis": "y", "origin": [4, 0, -4]},
			"faces": {
				"north": {"uv": [7.75, 2.75, 8.5, 2.9375], "texture": "#9"},
				"east": {"uv": [7.75, 10, 7.9375, 10.1875], "texture": "#9"},
				"south": {"uv": [5.5, 7.75, 6.25, 7.9375], "texture": "#9"},
				"west": {"uv": [8.25, 10, 8.4375, 10.1875], "texture": "#9"},
				"up": {"uv": [8.5, 7.6875, 7.75, 7.5], "texture": "#9"},
				"down": {"uv": [8.5, 7.75, 7.75, 7.9375], "texture": "#9"}
			}
		},
		{
			"name": "sheep",
			"from": [6.5, 2, -1],
			"to": [9.5, 5, 4.5],
			"rotation": {"angle": 0, "axis": "x", "origin": [4, 8.5, 4]},
			"faces": {
				"north": {"uv": [0, 4.5, 1.5, 6], "texture": "#5"},
				"east": {"uv": [0, 0, 2.75, 1.5], "texture": "#5"},
				"south": {"uv": [1.5, 5.5, 3, 7], "texture": "#5"},
				"west": {"uv": [0, 1.5, 2.75, 3], "texture": "#5"},
				"up": {"uv": [4.25, 2.75, 2.75, 0], "texture": "#5"},
				"down": {"uv": [4.25, 2.75, 2.75, 5.5], "texture": "#5"}
			}
		},
		{
			"name": "sheep",
			"from": [6.625, 1, 3.125],
			"to": [7.875, 2, 4.375],
			"rotation": {"angle": 0, "axis": "y", "origin": [4, 0, 4]},
			"faces": {
				"north": {"uv": [7.75, 7.5, 8.5, 8], "texture": "#5"},
				"east": {"uv": [0, 8, 0.75, 8.5], "texture": "#5"},
				"south": {"uv": [8, 2.75, 8.75, 3.25], "texture": "#5"},
				"west": {"uv": [8, 3.25, 8.75, 3.75], "texture": "#5"},
				"up": {"uv": [4.5, 7.75, 3.75, 7], "texture": "#5"},
				"down": {"uv": [5.25, 7, 4.5, 7.75], "texture": "#5"}
			}
		},
		{
			"name": "sheep",
			"from": [8.125, 1, 3.125],
			"to": [9.375, 2, 4.375],
			"rotation": {"angle": 0, "axis": "y", "origin": [4, 0, 4]},
			"faces": {
				"north": {"uv": [7.5, 7, 8.25, 7.5], "texture": "#5"},
				"east": {"uv": [1.75, 7.75, 2.5, 8.25], "texture": "#5"},
				"south": {"uv": [7.75, 2.25, 8.5, 2.75], "texture": "#5"},
				"west": {"uv": [2.5, 7.75, 3.25, 8.25], "texture": "#5"},
				"up": {"uv": [3, 7.75, 2.25, 7], "texture": "#5"},
				"down": {"uv": [3.75, 7, 3, 7.75], "texture": "#5"}
			}
		},
		{
			"name": "sheep",
			"from": [6.75, -0.25, 3.25],
			"to": [7.75, 1.25, 4.25],
			"rotation": {"angle": 0, "axis": "y", "origin": [4, 0, 4]},
			"faces": {
				"north": {"uv": [3.25, 7.75, 3.75, 8.5], "texture": "#5"},
				"east": {"uv": [3.75, 7.75, 4.25, 8.5], "texture": "#5"},
				"south": {"uv": [4.25, 7.75, 4.75, 8.5], "texture": "#5"},
				"west": {"uv": [4.75, 7.75, 5.25, 8.5], "texture": "#5"},
				"up": {"uv": [7.25, 8.5, 6.75, 8], "texture": "#5"},
				"down": {"uv": [7.75, 8, 7.25, 8.5], "texture": "#5"}
			}
		},
		{
			"name": "sheep",
			"from": [8.25, -0.25, 3.25],
			"to": [9.25, 1.25, 4.25],
			"rotation": {"angle": 0, "axis": "y", "origin": [4, 0, 4]},
			"faces": {
				"north": {"uv": [7.75, 0, 8.25, 0.75], "texture": "#5"},
				"east": {"uv": [7.75, 0.75, 8.25, 1.5], "texture": "#5"},
				"south": {"uv": [1.25, 7.75, 1.75, 8.5], "texture": "#5"},
				"west": {"uv": [7.75, 1.5, 8.25, 2.25], "texture": "#5"},
				"up": {"uv": [8.5, 5.75, 8, 5.25], "texture": "#5"},
				"down": {"uv": [6.75, 8, 6.25, 8.5], "texture": "#5"}
			}
		},
		{
			"name": "sheep",
			"from": [8.125, 1, -0.625],
			"to": [9.375, 2, 0.625],
			"rotation": {"angle": 0, "axis": "y", "origin": [4, 0, 4]},
			"faces": {
				"north": {"uv": [7.25, 3, 8, 3.5], "texture": "#5"},
				"east": {"uv": [7.25, 3.5, 8, 4], "texture": "#5"},
				"south": {"uv": [7.25, 4, 8, 4.5], "texture": "#5"},
				"west": {"uv": [0, 7.5, 0.75, 8], "texture": "#5"},
				"up": {"uv": [2.75, 3.75, 2, 3], "texture": "#5"},
				"down": {"uv": [2.75, 3.75, 2, 4.5], "texture": "#5"}
			}
		},
		{
			"name": "sheep",
			"from": [6.625, 1, -0.625],
			"to": [7.875, 2, 0.625],
			"rotation": {"angle": 0, "axis": "y", "origin": [4, 0, 4]},
			"faces": {
				"north": {"uv": [7.5, 6, 8.25, 6.5], "texture": "#5"},
				"east": {"uv": [6.25, 7.5, 7, 8], "texture": "#5"},
				"south": {"uv": [7.5, 6.5, 8.25, 7], "texture": "#5"},
				"west": {"uv": [7, 7.5, 7.75, 8], "texture": "#5"},
				"up": {"uv": [2.25, 5.25, 1.5, 4.5], "texture": "#5"},
				"down": {"uv": [2.25, 7, 1.5, 7.75], "texture": "#5"}
			}
		},
		{
			"name": "sheep",
			"from": [6.75, -0.25, -0.5],
			"to": [7.75, 1.25, 0.5],
			"rotation": {"angle": 0, "axis": "y", "origin": [4, 0, 4]},
			"faces": {
				"north": {"uv": [0.75, 7.5, 1.25, 8.25], "texture": "#5"},
				"east": {"uv": [7.5, 4.5, 8, 5.25], "texture": "#5"},
				"south": {"uv": [7.5, 5.25, 8, 6], "texture": "#5"},
				"west": {"uv": [5.75, 7.5, 6.25, 8.25], "texture": "#5"},
				"up": {"uv": [8.5, 4.75, 8, 4.25], "texture": "#5"},
				"down": {"uv": [8.5, 4.75, 8, 5.25], "texture": "#5"}
			}
		},
		{
			"name": "sheep",
			"from": [8.25, -0.25, -0.5],
			"to": [9.25, 1.25, 0.5],
			"rotation": {"angle": 0, "axis": "y", "origin": [4, 0, 4]},
			"faces": {
				"north": {"uv": [2.25, 4.5, 2.75, 5.25], "texture": "#5"},
				"east": {"uv": [5.25, 7, 5.75, 7.75], "texture": "#5"},
				"south": {"uv": [7.25, 1.5, 7.75, 2.25], "texture": "#5"},
				"west": {"uv": [7.25, 2.25, 7.75, 3], "texture": "#5"},
				"up": {"uv": [5.75, 8.25, 5.25, 7.75], "texture": "#5"},
				"down": {"uv": [8.5, 3.75, 8, 4.25], "texture": "#5"}
			}
		},
		{
			"name": "sheep",
			"from": [6.2, 3.2, -3.3],
			"to": [9.8, 6.8, 0.3],
			"rotation": {"angle": 0, "axis": "y", "origin": [4, 0, 4]},
			"faces": {
				"north": {"uv": [5.75, 1.5, 7.25, 3], "texture": "#5"},
				"east": {"uv": [5.75, 3, 7.25, 4.5], "texture": "#5"},
				"south": {"uv": [0, 6, 1.5, 7.5], "texture": "#5"},
				"west": {"uv": [6, 4.5, 7.5, 6], "texture": "#5"},
				"up": {"uv": [7.5, 7.5, 6, 6], "texture": "#5"},
				"down": {"uv": [7.75, 0, 6.25, 1.5], "texture": "#5"}
			}
		},
		{
			"name": "sheep",
			"from": [6.5, 3.5, -4],
			"to": [9.5, 6.5, 0],
			"rotation": {"angle": 0, "axis": "y", "origin": [4, 0, 4]},
			"faces": {
				"north": {"uv": [3, 5.5, 4.5, 7], "texture": "#5"},
				"east": {"uv": [0, 3, 2, 4.5], "texture": "#5"},
				"south": {"uv": [4.5, 5.5, 6, 7], "texture": "#5"},
				"west": {"uv": [4.25, 0, 6.25, 1.5], "texture": "#5"},
				"up": {"uv": [5.75, 3.5, 4.25, 1.5], "texture": "#5"},
				"down": {"uv": [5.75, 3.5, 4.25, 5.5], "texture": "#5"}
			}
		},
		{
			"name": "end_rod_piston",
			"from": [7.71875, 3.59375, 4.25],
			"to": [8.28125, 4.15625, 7.34375],
			"rotation": {"angle": 0, "axis": "y", "origin": [4, 0, 4]},
			"faces": {
				"north": {"uv": [2, 0, 4, 2], "texture": "#6"},
				"east": {"uv": [0, 0, 2, 15], "rotation": 270, "texture": "#6"},
				"south": {"uv": [0, 0, 2, 15], "texture": "#6"},
				"west": {"uv": [0, 0, 2, 15], "rotation": 90, "texture": "#6"},
				"up": {"uv": [0, 0, 2, 15], "texture": "#6"},
				"down": {"uv": [0, 0, 2, 15], "texture": "#6"}
			}
		},
		{
			"name": "end_rod_piston",
			"from": [7.4375, 3.3125, 7.34375],
			"to": [8.5625, 4.4375, 7.625],
			"rotation": {"angle": 0, "axis": "y", "origin": [4, 0, 4]},
			"faces": {
				"north": {"uv": [2, 2, 6, 6], "texture": "#6"},
				"east": {"uv": [5, 2, 6, 6], "texture": "#6"},
				"south": {"uv": [2, 4, 6, 8], "texture": "#6"},
				"west": {"uv": [2, 2, 3, 6], "texture": "#6"},
				"up": {"uv": [2, 2, 6, 3], "texture": "#6"},
				"down": {"uv": [2, 2, 6, 3], "texture": "#6"}
			}
		},
		{
			"name": "end_rod_piston",
			"from": [5.75, 1.5, 7.625],
			"to": [10.25, 6, 11.625],
			"rotation": {"angle": 0, "axis": "y", "origin": [4, 0, 4]},
			"faces": {
				"north": {"uv": [1, 1, 15, 15], "texture": "#4"},
				"east": {"uv": [1, 0, 15, 14], "rotation": 90, "texture": "#3"},
				"south": {"uv": [1, 1, 15, 15], "texture": "#2"},
				"west": {"uv": [1, 0, 15, 14], "rotation": 270, "texture": "#3"},
				"up": {"uv": [1, 0, 15, 14], "texture": "#3"},
				"down": {"uv": [1, 0, 15, 14], "rotation": 180, "texture": "#3"}
			}
		}
	],
	"display": {
		"thirdperson_righthand": {
			"translation": [-0.25, 9, -4.75],
			"scale": [0.99, 1, 1]
		},
		"thirdperson_lefthand": {
			"translation": [-0.25, 9, -4.75],
			"scale": [0.99, 1, 1]
		},
		"firstperson_righthand": {
			"rotation": [0, 1, 0],
			"translation": [3.25, 5.75, -5.75],
			"scale": [0.7, 0.72, 0.59]
		},
		"firstperson_lefthand": {
			"rotation": [0, 1, 0],
			"translation": [3.25, 5.75, -5.75],
			"scale": [0.7, 0.72, 0.59]
		},
		"ground": {
			"translation": [0, 13, 0]
		},
		"gui": {
			"rotation": [20, 41, 0],
			"translation": [-0.75, 3.75, 0],
			"scale": [0.7, 0.7, 0.7]
		},
		"head": {
			"translation": [0, 23, 0]
		}
	},
	"groups": [
		0,
		1,
		2,
		3,
		4,
		5,
		6,
		7,
		8,
		9,
		10,
		11,
		12,
		13,
		14,
		15,
		16,
		17,
		18,
		19,
		20,
		21,
		22,
		23,
		24,
		25,
		26,
		27,
		28,
		29,
		30,
		31,
		32,
		33,
		34,
		35,
		36,
		37,
		38,
		39,
		40,
		41,
		42,
		43,
		44,
		45,
		46,
		47,
		48,
		49,
		50,
		51,
		52,
		53,
		54,
		55,
		56,
		57,
		58,
		59,
		60,
		61,
		62,
		63,
		64,
		65,
		66,
		67,
		68,
		69,
		70,
		71,
		72,
		73,
		74,
		75,
		76,
		77,
		78,
		79,
		80,
		81,
		82,
		83,
		84,
		85,
		86,
		87,
		88,
		89,
		90,
		91,
		92,
		93,
		94,
		95,
		96,
		97,
		98,
		99,
		100,
		101,
		102,
		103,
		104,
		105,
		106,
		107,
		{
			"name": "sheep",
			"origin": [4, 0, 4],
			"color": 0,
			"children": [108, 109, 110, 111, 112, 113, 114, 115, 116, 117, 118, 119, 120, 121]
		}
	]
}