{
"diamond_shine":{
"sounds":[{"name":"custom/diamond_shine","stream":true}],"category":"master"},
"lazar_scream_1":{
"sounds":[{"name":"custom/lazar_scream_1","stream":true}],"category":"master"},
"lazar_scream_2":{
"sounds":[{"name":"custom/lazar_scream_2","stream":true}],"category":"master"},
"lazar_scream_3":{
"sounds":[{"name":"custom/lazar_scream_3","stream":true}],"category":"master"},
"lazar_scream_4":{
"sounds":[{"name":"custom/lazar_scream_4","stream":true}],"category":"master"},
"lazar_scream_5":{
"sounds":[{"name":"custom/lazar_scream_5","stream":true}],"category":"master"},
"lazar_scream_6":{
"sounds":[{"name":"custom/lazar_scream_6","stream":true}],"category":"master"},
"lazar_scream_7":{
"sounds":[{"name":"custom/lazar_scream_7","stream":true}],"category":"master"},
"laser_shoot":{
"sounds":[{"name":"custom/laser_shoot","stream":true}],"category":"master"},
"laser_recharge":{
"sounds":[{"name":"custom/laser_recharge","stream":true}],"category":"master"},
"warden_dig1":{
"sounds":[{"name":"custom/warden_dig1","stream":true}],"category":"master"},
"warden_dig2":{
"sounds":[{"name":"custom/warden_dig2","stream":true}],"category":"master"},
"portal_storm_begin":{
"sounds":[{"name":"custom/portal_storm_begin","stream":true}],"category":"master"},
"portal_disappear":{
"sounds":[{"name":"custom/portal_disappear","stream":true}],"category":"master"},
"portal_appear":{
"sounds":[{"name":"custom/portal_appear","stream":true}],"category":"master"},
"portal_appear2":{
"sounds":[{"name":"custom/portal_appear2","stream":true}],"category":"master"},
"portal_throw1":{
"sounds":[{"name":"custom/portal_throw1","stream":true}],"category":"master"},
"portal_throw2":{
"sounds":[{"name":"custom/portal_throw2","stream":true}],"category":"master"},
"portal_throw3":{
"sounds":[{"name":"custom/portal_throw3","stream":true}],"category":"master"},
"portal_staff_full_charge":{
"sounds":[{"name":"custom/portal_staff_full_charge","stream":true}],"category":"master"},
"tesla_gun_start":{
"sounds":[{"name":"custom/tesla_gun_start","stream":true}],"category":"master"},
"tesla_gun_end":{
"sounds":[{"name":"custom/tesla_gun_end","stream":true}],"category":"master"},
"tesla_gun_loop":{
"sounds":[{"name":"custom/tesla_gun_loop","stream":true}],"category":"master"},
"tesla_gun_rise":{
"sounds":[{"name":"custom/tesla_gun_rise","stream":true}],"category":"master"},
"tesla_gun_hit1":{
"sounds":[{"name":"custom/tesla_gun_hit1","stream":true}],"category":"master"},
"tesla_gun_hit":{
"sounds":[{"name":"custom/tesla_gun_hit","stream":true}],"category":"master"},
"magic_book_explode":{
"sounds":[{"name":"custom/magic_book_explode","stream":true}],"category":"master"},
"magic_book_hit":{
"sounds":[{"name":"custom/magic_book_hit","stream":true}],"category":"master"},
"washing_machine_place":{
"sounds":[{"name":"custom/washing_machine_place","stream":true}],"category":"master"},
"washing_machine_loop":{
"sounds":[{"name":"custom/washing_machine_loop","stream":true}],"category":"master"}
}