{
	"textures": {
		"0": "minecraft:custom/magic_book_back"
	},
	"elements": [
		{
			"from": [
				7,
				7,
				1.75
			],
			"to": [
				9,
				7.75,
				14.25
			],
			"rotation": {
				"angle": 0,
				"axis": "y",
				"origin": [
					0,
					7,
					0
				]
			},
			"faces": {
				"north": {
					"uv": [
						5.5,
						2.5,
						6,
						2.75
					],
					"texture": "#0"
				},
				"east": {
					"uv": [
						5.5,
						0,
						8.625,
						0.25
					],
					"texture": "#0"
				},
				"south": {
					"uv": [
						5.5,
						2.75,
						6,
						3
					],
					"texture": "#0"
				},
				"west": {
					"uv": [
						5.5,
						0.25,
						8.625,
						0.5
					],
					"texture": "#0"
				},
				"up": {
					"uv": [
						5.5,
						0,
						5,
						3.125
					],
					"texture": "#0"
				},
				"down": {
					"uv": [
						5.5,
						3.25,
						5,
						6.375
					],
					"texture": "#0"
				}
			}
		}
	],
	"display": {
		"head": {
			"rotation": [
				0,
				180,
				0
			]
		}
	}
}