{
	"textures": {
		"6": "minecraft:custom/magic_circle_2"
	},
	"elements": [
		{
			"from": [
				-4.09375,
				8,
				-4
			],
			"to": [
				19.90625,
				8,
				20
			],
			"rotation": {
				"angle": 0,
				"axis": "y",
				"origin": [
					7.90625,
					8,
					8
				]
			},
			"faces": {
				"up": {
					"uv": [
						0,
						0,
						16,
						16
					],
					"texture": "#6"
				},
				"down": {
					"uv": [
						0,
						16,
						16,
						0
					],
					"texture": "#6"
				}
			}
		}
	],
	"display": {
		"head": {
			"rotation": [
				0,
				180,
				0
			]
		}
	}
}