{
	"textures": {
		"0": "minecraft:custom/magic_book_back",
		"8": "minecraft:custom/magic_book_page_book"
	},
	"elements": [
		{
			"from": [
				8,
				7,
				2
			],
			"to": [
				17,
				8,
				14
			],
			"rotation": {
				"angle": 0,
				"axis": "y",
				"origin": [
					8,
					7.5,
					0
				]
			},
			"faces": {
				"north": {
					"uv": [
						9,
						2,
						13.5,
						2.5
					],
					"texture": "#8"
				},
				"east": {
					"uv": [
						9,
						0,
						15,
						0.5
					],
					"texture": "#8"
				},
				"south": {
					"uv": [
						9,
						2.5,
						13.5,
						3
					],
					"texture": "#8"
				},
				"west": {
					"uv": [
						9,
						0.5,
						15,
						1
					],
					"texture": "#8"
				},
				"up": {
					"uv": [
						4.5,
						6,
						0,
						0
					],
					"texture": "#8"
				},
				"down": {
					"uv": [
						9,
						6,
						4.5,
						0
					],
					"texture": "#8"
				}
			}
		},
		{
			"from": [
				8,
				6.75,
				1.75
			],
			"to": [
				17.25,
				7,
				14.25
			],
			"rotation": {
				"angle": 0,
				"axis": "y",
				"origin": [
					8,
					7.5,
					0
				]
			},
			"faces": {
				"north": {
					"uv": [
						5.5,
						1.5,
						7.875,
						1.625
					],
					"texture": "#0"
				},
				"east": {
					"uv": [
						5.5,
						0.5,
						8.625,
						0.625
					],
					"texture": "#0"
				},
				"south": {
					"uv": [
						5.5,
						1.75,
						7.875,
						1.875
					],
					"texture": "#0"
				},
				"west": {
					"uv": [
						5.5,
						0.75,
						8.625,
						0.875
					],
					"texture": "#0"
				},
				"up": {
					"uv": [
						2.375,
						0,
						0,
						3.125
					],
					"texture": "#0"
				},
				"down": {
					"uv": [
						4.875,
						0,
						2.5,
						3.125
					],
					"texture": "#0"
				}
			}
		}
	],
	"display": {
		"head": {
			"rotation": [
				0,
				180,
				0
			]
		}
	}
}