{
	"textures": {
		"3": "minecraft:custom/magic_book_page3"
	},
	"elements": [
		{
			"from": [
				-1,
				8,
				2
			],
			"to": [
				8,
				8.05,
				14
			],
			"rotation": {
				"angle": 0,
				"axis": "y",
				"origin": [
					8,
					7.5,
					0
				]
			},
			"faces": {
				"north": {
					"uv": [
						0.1875,
						12.4375,
						0.4375,
						12.8125
					],
					"texture": "#3"
				},
				"east": {
					"uv": [
						0.3125,
						12.3125,
						0.5625,
						12.6875
					],
					"texture": "#3"
				},
				"south": {
					"uv": [
						0.1875,
						12.4375,
						0.4375,
						12.8125
					],
					"texture": "#3"
				},
				"west": {
					"uv": [
						0.3125,
						12.4375,
						0.5625,
						12.8125
					],
					"texture": "#3"
				},
				"up": {
					"uv": [
						4.5,
						12,
						0,
						6
					],
					"texture": "#3"
				},
				"down": {
					"uv": [
						0,
						0,
						4.5,
						6
					],
					"texture": "#3"
				}
			}
		}
	],
	"display": {
		"head": {
			"rotation": [
				0,
				180,
				0
			]
		}
	}
}