{
	"textures": {
		"0": "minecraft:custom/magic_book_back",
		"8": "minecraft:custom/magic_book_page_book"
	},
	"elements": [
		{
			"from": [
				-1,
				7,
				2
			],
			"to": [
				8,
				8,
				14
			],
			"rotation": {
				"angle": 0,
				"axis": "y",
				"origin": [
					8,
					7.5,
					0
				]
			},
			"faces": {
				"north": {
					"uv": [
						9,
						3,
						13.5,
						3.5
					],
					"texture": "#8"
				},
				"east": {
					"uv": [
						9,
						1,
						15,
						1.5
					],
					"texture": "#8"
				},
				"south": {
					"uv": [
						9,
						3.5,
						13.5,
						4
					],
					"texture": "#8"
				},
				"west": {
					"uv": [
						9,
						1.5,
						15,
						2
					],
					"texture": "#8"
				},
				"up": {
					"uv": [
						4.5,
						12,
						0,
						6
					],
					"texture": "#8"
				},
				"down": {
					"uv": [
						9,
						12,
						4.5,
						6
					],
					"texture": "#8"
				}
			}
		},
		{
			"from": [
				-1.25,
				6.75,
				1.75
			],
			"to": [
				8,
				7,
				14.25
			],
			"rotation": {
				"angle": 0,
				"axis": "y",
				"origin": [
					8,
					7.5,
					0
				]
			},
			"faces": {
				"north": {
					"uv": [
						5.5,
						2,
						7.875,
						2.125
					],
					"texture": "#0"
				},
				"east": {
					"uv": [
						5.5,
						1,
						8.625,
						1.125
					],
					"texture": "#0"
				},
				"south": {
					"uv": [
						5.5,
						2.25,
						7.875,
						2.375
					],
					"texture": "#0"
				},
				"west": {
					"uv": [
						5.5,
						1.25,
						8.625,
						1.375
					],
					"texture": "#0"
				},
				"up": {
					"uv": [
						2.375,
						3.25,
						0,
						6.375
					],
					"texture": "#0"
				},
				"down": {
					"uv": [
						4.875,
						3.25,
						2.5,
						6.375
					],
					"texture": "#0"
				}
			}
		}
	],
	"display": {
		"head": {
			"rotation": [
				0,
				180,
				0
			]
		}
	}
}