{
	"credit": "Made with Blockbench",
	"textures": {
		"1": "custom/portal",
		"2": "custom/portal2",
		"particle": "custom/portal_beam_animated"
	},
	"elements": [
		{
			"name": "portal_big",
			"from": [-11, -16, -11],
			"to": [27, -16, 27],
			"rotation": {"angle": 0, "axis": "y", "origin": [8, 0, 8]},
			"faces": {
				"north": {"uv": [0, 0, 16, 0], "texture": "#2"},
				"east": {"uv": [0, 0, 16, 0], "texture": "#2"},
				"south": {"uv": [0, 0, 16, 0], "texture": "#2"},
				"west": {"uv": [0, 0, 16, 0], "texture": "#2"},
				"up": {"uv": [16, 0, 0, 16], "rotation": 270, "texture": "#2"},
				"down": {"uv": [16, 16, 0, 0], "rotation": 90, "texture": "#2"}
			}
		},
		{
			"name": "portal_small",
			"from": [-3, -14.75, -3],
			"to": [19, -14.75, 19],
			"faces": {
				"north": {"uv": [0, 0, 16, 0], "texture": "#missing"},
				"east": {"uv": [0, 0, 16, 0], "texture": "#missing"},
				"south": {"uv": [0, 0, 16, 0], "texture": "#missing"},
				"west": {"uv": [0, 0, 16, 0], "texture": "#missing"},
				"up": {"uv": [16, 0, 0, 16], "texture": "#1"},
				"down": {"uv": [16, 16, 0, 0], "texture": "#1"}
			}
		}
	],
	"display": {
		"head": {
			"rotation": [90, 0, 90],
			"translation": [-52, -6.75, 0],
			"scale": [2.4, 2.25, 2.4]
		}
	}
}