{
	"credit": "Made with Blockbench",
	"textures": {
		"3": "custom/nether_portal",
		"4": "custom/staff_flat_colors",
		"5": "custom/staff_gold",
		"6": "custom/staff_handle",
		"7": "custom/staff_orange",
		"8": "custom/nether_portal_unlit",
		"particle": "custom/portal"
	},
	"elements": [
		{
			"name": "gold",
			"from": [8.875, 22.9625, 7.5],
			"to": [9.375, 29.75, 8.5],
			"rotation": {"angle": 0, "axis": "y", "origin": [7.97615, 15.18355, 8]},
			"faces": {
				"north": {"uv": [0, 4, 0.25, 7.5], "texture": "#5"},
				"east": {"uv": [1, 0, 1.5, 3.5], "texture": "#5"},
				"south": {"uv": [4, 0, 4.25, 3.5], "texture": "#5"},
				"west": {"uv": [1.5, 0, 2, 3.5], "texture": "#5"},
				"up": {"uv": [8.25, 6.5, 8, 6], "texture": "#5"},
				"down": {"uv": [6.75, 8, 6.5, 8.5], "texture": "#5"}
			}
		},
		{
			"name": "gold",
			"from": [8.875, 29.75, 7.5],
			"to": [9.375, 30.3, 8.5],
			"rotation": {"angle": 0, "axis": "y", "origin": [7.97615, 15.18355, 8]},
			"faces": {
				"north": {"uv": [0.5, 10, 0.75, 10.25], "texture": "#5"},
				"east": {"uv": [8, 6.5, 8.5, 6.75], "texture": "#5"},
				"south": {"uv": [10, 0.5, 10.25, 0.75], "texture": "#5"},
				"west": {"uv": [7, 8, 7.5, 8.25], "texture": "#5"},
				"up": {"uv": [8.25, 7.5, 8, 7], "texture": "#5"},
				"down": {"uv": [7.75, 8, 7.5, 8.5], "texture": "#5"}
			}
		},
		{
			"name": "gold",
			"from": [10.26452, 20.20567, 7.5],
			"to": [10.76452, 21.74317, 8.5],
			"rotation": {"angle": 0, "axis": "y", "origin": [7.97615, 15.18355, 8]},
			"faces": {
				"north": {"uv": [6, 7.5, 6.25, 8.25], "texture": "#5"},
				"east": {"uv": [6, 1.5, 6.5, 2.25], "texture": "#5"},
				"south": {"uv": [7.5, 6.5, 7.75, 7.25], "texture": "#5"},
				"west": {"uv": [2, 6, 2.5, 6.75], "texture": "#5"},
				"up": {"uv": [8.25, 8, 8, 7.5], "texture": "#5"},
				"down": {"uv": [8.25, 8, 8, 8.5], "texture": "#5"}
			}
		},
		{
			"name": "gold",
			"from": [14.46886, 18.7741, 7.5],
			"to": [14.96886, 19.2741, 8.5],
			"rotation": {"angle": 45, "axis": "z", "origin": [7.97615, 15.18355, 8]},
			"faces": {
				"north": {"uv": [1, 10, 1.25, 10.25], "texture": "#5"},
				"east": {"uv": [0, 8.5, 0.5, 8.75], "texture": "#5"},
				"south": {"uv": [10, 1, 10.25, 1.25], "texture": "#5"},
				"west": {"uv": [1, 8.5, 1.5, 8.75], "texture": "#5"},
				"up": {"uv": [8.75, 1.5, 8.5, 1], "texture": "#5"},
				"down": {"uv": [8.75, 2, 8.5, 2.5], "texture": "#5"}
			}
		},
		{
			"name": "gold",
			"from": [6.27973, 19.28212, 7.5],
			"to": [6.77973, 19.78212, 8.5],
			"rotation": {"angle": -45, "axis": "z", "origin": [7.97615, 15.18355, 8]},
			"faces": {
				"north": {"uv": [1.5, 10, 1.75, 10.25], "texture": "#5"},
				"east": {"uv": [2.5, 8.5, 3, 8.75], "texture": "#5"},
				"south": {"uv": [10, 1.5, 10.25, 1.75], "texture": "#5"},
				"west": {"uv": [8.5, 2.5, 9, 2.75], "texture": "#5"},
				"up": {"uv": [3.25, 9, 3, 8.5], "texture": "#5"},
				"down": {"uv": [8.75, 3.5, 8.5, 4], "texture": "#5"}
			}
		},
		{
			"name": "gold",
			"from": [5.83546, 22.70935, 7.5],
			"to": [6.87296, 23.20935, 8.5],
			"rotation": {"angle": -22.5, "axis": "z", "origin": [7.97615, 15.18355, 8]},
			"faces": {
				"north": {"uv": [4, 8.5, 4.5, 8.75], "texture": "#5"},
				"east": {"uv": [8.5, 4, 9, 4.25], "texture": "#5"},
				"south": {"uv": [4.5, 8.5, 5, 8.75], "texture": "#5"},
				"west": {"uv": [5, 8.5, 5.5, 8.75], "texture": "#5"},
				"up": {"uv": [7.5, 3, 7, 2.5], "texture": "#5"},
				"down": {"uv": [3.5, 7, 3, 7.5], "texture": "#5"}
			}
		},
		{
			"name": "gold",
			"from": [10.05489, 17.85735, 7.5],
			"to": [11.30489, 18.35735, 8.5],
			"rotation": {"angle": 22.5, "axis": "z", "origin": [7.97615, 15.18355, 8]},
			"faces": {
				"north": {"uv": [7, 7.5, 7.75, 7.75], "texture": "#5"},
				"east": {"uv": [8.5, 5, 9, 5.25], "texture": "#5"},
				"south": {"uv": [8, 0, 8.75, 0.25], "texture": "#5"},
				"west": {"uv": [5.5, 8.5, 6, 8.75], "texture": "#5"},
				"up": {"uv": [6.75, 3, 6, 2.5], "texture": "#5"},
				"down": {"uv": [6.75, 3, 6, 3.5], "texture": "#5"}
			}
		},
		{
			"name": "gold",
			"from": [7.3786, 18.57443, 7.5],
			"to": [8.5036, 19.07443, 8.5],
			"rotation": {"angle": -22.5, "axis": "z", "origin": [7.97615, 15.18355, 8]},
			"faces": {
				"north": {"uv": [8.5, 5.5, 9, 5.75], "texture": "#5"},
				"east": {"uv": [6, 8.5, 6.5, 8.75], "texture": "#5"},
				"south": {"uv": [8.5, 6, 9, 6.25], "texture": "#5"},
				"west": {"uv": [6.5, 8.5, 7, 8.75], "texture": "#5"},
				"up": {"uv": [7.5, 3.5, 7, 3], "texture": "#5"},
				"down": {"uv": [4, 7, 3.5, 7.5], "texture": "#5"}
			}
		},
		{
			"name": "gold",
			"from": [9.76108, 18.11447, 7.5],
			"to": [10.63608, 18.61447, 8.5],
			"rotation": {"angle": 0, "axis": "y", "origin": [7.97615, 15.18355, 8]},
			"faces": {
				"north": {"uv": [8.5, 6.5, 9, 6.75], "texture": "#5"},
				"east": {"uv": [7, 8.5, 7.5, 8.75], "texture": "#5"},
				"south": {"uv": [8.5, 7, 9, 7.25], "texture": "#5"},
				"west": {"uv": [7.5, 8.5, 8, 8.75], "texture": "#5"},
				"up": {"uv": [7.5, 4, 7, 3.5], "texture": "#5"},
				"down": {"uv": [7.5, 4, 7, 4.5], "texture": "#5"}
			}
		},
		{
			"name": "gold",
			"from": [12.56252, 20.17678, 7.5],
			"to": [13.06252, 21.17678, 8.5],
			"rotation": {"angle": 22.5, "axis": "z", "origin": [7.97615, 15.18355, 8]},
			"faces": {
				"north": {"uv": [8.5, 7.5, 8.75, 8], "texture": "#5"},
				"east": {"uv": [7, 4.5, 7.5, 5], "texture": "#5"},
				"south": {"uv": [8, 8.5, 8.25, 9], "texture": "#5"},
				"west": {"uv": [7, 5, 7.5, 5.5], "texture": "#5"},
				"up": {"uv": [8.75, 8.5, 8.5, 8], "texture": "#5"},
				"down": {"uv": [8.75, 8.5, 8.5, 9], "texture": "#5"}
			}
		},
		{
			"name": "gold",
			"from": [8.1306, 19.88992, 7.5],
			"to": [8.6306, 20.88992, 8.5],
			"rotation": {"angle": -22.5, "axis": "z", "origin": [7.97615, 15.18355, 8]},
			"faces": {
				"north": {"uv": [0, 9, 0.25, 9.5], "texture": "#5"},
				"east": {"uv": [5.5, 7, 6, 7.5], "texture": "#5"},
				"south": {"uv": [9, 0, 9.25, 0.5], "texture": "#5"},
				"west": {"uv": [6, 7, 6.5, 7.5], "texture": "#5"},
				"up": {"uv": [0.75, 9.5, 0.5, 9], "texture": "#5"},
				"down": {"uv": [9.25, 0.5, 9, 1], "texture": "#5"}
			}
		},
		{
			"name": "gold",
			"from": [15.12522, 21.82866, 7.5],
			"to": [15.62522, 23.82866, 8.5],
			"rotation": {"angle": 22.5, "axis": "z", "origin": [7.97615, 15.18355, 8]},
			"faces": {
				"north": {"uv": [6.5, 7, 6.75, 8], "texture": "#5"},
				"east": {"uv": [5, 1, 5.5, 2], "texture": "#5"},
				"south": {"uv": [7, 6.5, 7.25, 7.5], "texture": "#5"},
				"west": {"uv": [5, 2, 5.5, 3], "texture": "#5"},
				"up": {"uv": [1.25, 9.5, 1, 9], "texture": "#5"},
				"down": {"uv": [9.25, 1, 9, 1.5], "texture": "#5"}
			}
		},
		{
			"name": "gold",
			"from": [14.58926, 25.02313, 7.5],
			"to": [15.08926, 28.79813, 8.5],
			"rotation": {"angle": 22.5, "axis": "z", "origin": [7.97615, 15.18355, 8]},
			"faces": {
				"north": {"uv": [3, 5, 3.25, 7], "texture": "#5"},
				"east": {"uv": [2.5, 3, 3, 5], "texture": "#5"},
				"south": {"uv": [5, 4.5, 5.25, 6.5], "texture": "#5"},
				"west": {"uv": [3, 3, 3.5, 5], "texture": "#5"},
				"up": {"uv": [1.75, 9.5, 1.5, 9], "texture": "#5"},
				"down": {"uv": [9.25, 1.5, 9, 2], "texture": "#5"}
			}
		},
		{
			"name": "gold",
			"from": [3.02266, 29.49024, 7.5],
			"to": [3.37891, 29.84024, 8.5],
			"rotation": {"angle": -22.5, "axis": "z", "origin": [7.97615, 15.18355, 8]},
			"faces": {
				"north": {"uv": [2, 10, 2.25, 10.25], "texture": "#5"},
				"east": {"uv": [2, 9, 2.5, 9.25], "texture": "#5"},
				"south": {"uv": [10, 2, 10.25, 2.25], "texture": "#5"},
				"west": {"uv": [9, 2, 9.5, 2.25], "texture": "#5"},
				"up": {"uv": [2.75, 9.5, 2.5, 9], "texture": "#5"},
				"down": {"uv": [9.25, 2.5, 9, 3], "texture": "#5"}
			}
		},
		{
			"name": "gold",
			"from": [-2.36528, 20.27714, 7.5],
			"to": [-1.86528, 21.77714, 8.5],
			"rotation": {"angle": -45, "axis": "z", "origin": [7.97615, 15.18355, 8]},
			"faces": {
				"north": {"uv": [0.5, 8, 0.75, 8.75], "texture": "#5"},
				"east": {"uv": [3.5, 6, 4, 6.75], "texture": "#5"},
				"south": {"uv": [1.5, 8, 1.75, 8.75], "texture": "#5"},
				"west": {"uv": [6, 3.5, 6.5, 4.25], "texture": "#5"},
				"up": {"uv": [3.25, 9.5, 3, 9], "texture": "#5"},
				"down": {"uv": [9.25, 3, 9, 3.5], "texture": "#5"}
			}
		},
		{
			"name": "gold",
			"from": [0.90711, 25.04139, 7.5],
			"to": [1.40711, 28.81639, 8.5],
			"rotation": {"angle": -22.5, "axis": "z", "origin": [7.97615, 15.18355, 8]},
			"faces": {
				"north": {"uv": [1, 5.5, 1.25, 7.5], "texture": "#5"},
				"east": {"uv": [3.5, 0, 4, 2], "texture": "#5"},
				"south": {"uv": [5.5, 1, 5.75, 3], "texture": "#5"},
				"west": {"uv": [1, 3.5, 1.5, 5.5], "texture": "#5"},
				"up": {"uv": [3.75, 9.5, 3.5, 9], "texture": "#5"},
				"down": {"uv": [9.25, 3.5, 9, 4], "texture": "#5"}
			}
		},
		{
			"name": "gold",
			"from": [0.37114, 21.84691, 7.5],
			"to": [0.87114, 23.84691, 8.5],
			"rotation": {"angle": -22.5, "axis": "z", "origin": [7.97615, 15.18355, 8]},
			"faces": {
				"north": {"uv": [0, 7.5, 0.25, 8.5], "texture": "#5"},
				"east": {"uv": [5.5, 3, 6, 4], "texture": "#5"},
				"south": {"uv": [1, 7.5, 1.25, 8.5], "texture": "#5"},
				"west": {"uv": [5.5, 4, 6, 5], "texture": "#5"},
				"up": {"uv": [4.25, 9.5, 4, 9], "texture": "#5"},
				"down": {"uv": [9.25, 4, 9, 4.5], "texture": "#5"}
			}
		},
		{
			"name": "gold",
			"from": [7.36577, 19.87167, 7.5],
			"to": [7.86577, 20.87167, 8.5],
			"rotation": {"angle": 22.5, "axis": "z", "origin": [7.97615, 15.18355, 8]},
			"faces": {
				"north": {"uv": [4.5, 9, 4.75, 9.5], "texture": "#5"},
				"east": {"uv": [1.5, 7.5, 2, 8], "texture": "#5"},
				"south": {"uv": [9, 4.5, 9.25, 5], "texture": "#5"},
				"west": {"uv": [7.5, 1.5, 8, 2], "texture": "#5"},
				"up": {"uv": [5.25, 9.5, 5, 9], "texture": "#5"},
				"down": {"uv": [9.25, 5, 9, 5.5], "texture": "#5"}
			}
		},
		{
			"name": "gold",
			"from": [2.93385, 20.19503, 7.5],
			"to": [3.43385, 21.19503, 8.5],
			"rotation": {"angle": -22.5, "axis": "z", "origin": [7.97615, 15.18355, 8]},
			"faces": {
				"north": {"uv": [5.5, 9, 5.75, 9.5], "texture": "#5"},
				"east": {"uv": [7.5, 2, 8, 2.5], "texture": "#5"},
				"south": {"uv": [9, 5.5, 9.25, 6], "texture": "#5"},
				"west": {"uv": [7.5, 2.5, 8, 3], "texture": "#5"},
				"up": {"uv": [6.25, 9.5, 6, 9], "texture": "#5"},
				"down": {"uv": [9.25, 6, 9, 6.5], "texture": "#5"}
			}
		},
		{
			"name": "gold",
			"from": [5.36392, 18.11447, 7.5],
			"to": [6.23892, 18.61447, 8.5],
			"rotation": {"angle": 0, "axis": "y", "origin": [7.97615, 15.18355, 8]},
			"faces": {
				"north": {"uv": [6.5, 9, 7, 9.25], "texture": "#5"},
				"east": {"uv": [9, 6.5, 9.5, 6.75], "texture": "#5"},
				"south": {"uv": [7, 9, 7.5, 9.25], "texture": "#5"},
				"west": {"uv": [9, 7, 9.5, 7.25], "texture": "#5"},
				"up": {"uv": [3.5, 8, 3, 7.5], "texture": "#5"},
				"down": {"uv": [8, 3, 7.5, 3.5], "texture": "#5"}
			}
		},
		{
			"name": "gold",
			"from": [7.49277, 18.55618, 7.5],
			"to": [8.61777, 19.05618, 8.5],
			"rotation": {"angle": 22.5, "axis": "z", "origin": [7.97615, 15.18355, 8]},
			"faces": {
				"north": {"uv": [7.5, 9, 8, 9.25], "texture": "#5"},
				"east": {"uv": [9, 7.5, 9.5, 7.75], "texture": "#5"},
				"south": {"uv": [8, 9, 8.5, 9.25], "texture": "#5"},
				"west": {"uv": [9, 8, 9.5, 8.25], "texture": "#5"},
				"up": {"uv": [4, 8, 3.5, 7.5], "texture": "#5"},
				"down": {"uv": [8, 3.5, 7.5, 4], "texture": "#5"}
			}
		},
		{
			"name": "gold",
			"from": [4.69148, 17.8756, 7.5],
			"to": [5.94148, 18.3756, 8.5],
			"rotation": {"angle": -22.5, "axis": "z", "origin": [7.97615, 15.18355, 8]},
			"faces": {
				"north": {"uv": [8, 0.5, 8.75, 0.75], "texture": "#5"},
				"east": {"uv": [8.5, 9, 9, 9.25], "texture": "#5"},
				"south": {"uv": [8, 1.5, 8.75, 1.75], "texture": "#5"},
				"west": {"uv": [9, 8.5, 9.5, 8.75], "texture": "#5"},
				"up": {"uv": [6.75, 5, 6, 4.5], "texture": "#5"},
				"down": {"uv": [6.75, 5, 6, 5.5], "texture": "#5"}
			}
		},
		{
			"name": "gold",
			"from": [9.12341, 22.6911, 7.5],
			"to": [10.16091, 23.1911, 8.5],
			"rotation": {"angle": 22.5, "axis": "z", "origin": [7.97615, 15.18355, 8]},
			"faces": {
				"north": {"uv": [9, 9, 9.5, 9.25], "texture": "#5"},
				"east": {"uv": [0, 9.5, 0.5, 9.75], "texture": "#5"},
				"south": {"uv": [9.5, 0, 10, 0.25], "texture": "#5"},
				"west": {"uv": [0.5, 9.5, 1, 9.75], "texture": "#5"},
				"up": {"uv": [4.5, 8, 4, 7.5], "texture": "#5"},
				"down": {"uv": [8, 4, 7.5, 4.5], "texture": "#5"}
			}
		},
		{
			"name": "gold",
			"from": [9.2063, 19.24839, 7.5],
			"to": [9.7063, 19.74839, 8.5],
			"rotation": {"angle": 45, "axis": "z", "origin": [7.97615, 15.18355, 8]},
			"faces": {
				"north": {"uv": [2.5, 10, 2.75, 10.25], "texture": "#5"},
				"east": {"uv": [9.5, 0.5, 10, 0.75], "texture": "#5"},
				"south": {"uv": [10, 2.5, 10.25, 2.75], "texture": "#5"},
				"west": {"uv": [1, 9.5, 1.5, 9.75], "texture": "#5"},
				"up": {"uv": [9.75, 1.5, 9.5, 1], "texture": "#5"},
				"down": {"uv": [1.75, 9.5, 1.5, 10], "texture": "#5"}
			}
		},
		{
			"name": "gold",
			"from": [1.01717, 18.80783, 7.5],
			"to": [1.51717, 19.30783, 8.5],
			"rotation": {"angle": -45, "axis": "z", "origin": [7.97615, 15.18355, 8]},
			"faces": {
				"north": {"uv": [3, 10, 3.25, 10.25], "texture": "#5"},
				"east": {"uv": [9.5, 1.5, 10, 1.75], "texture": "#5"},
				"south": {"uv": [10, 3, 10.25, 3.25], "texture": "#5"},
				"west": {"uv": [2, 9.5, 2.5, 9.75], "texture": "#5"},
				"up": {"uv": [9.75, 2.5, 9.5, 2], "texture": "#5"},
				"down": {"uv": [2.75, 9.5, 2.5, 10], "texture": "#5"}
			}
		},
		{
			"name": "gold",
			"from": [5.23548, 20.20567, 7.5],
			"to": [5.73548, 21.74317, 8.5],
			"rotation": {"angle": 0, "axis": "y", "origin": [7.97615, 15.18355, 8]},
			"faces": {
				"north": {"uv": [2, 8, 2.25, 8.75], "texture": "#5"},
				"east": {"uv": [5.5, 6, 6, 6.75], "texture": "#5"},
				"south": {"uv": [8, 2, 8.25, 2.75], "texture": "#5"},
				"west": {"uv": [6, 5.5, 6.5, 6.25], "texture": "#5"},
				"up": {"uv": [9.75, 3, 9.5, 2.5], "texture": "#5"},
				"down": {"uv": [3.25, 9.5, 3, 10], "texture": "#5"}
			}
		},
		{
			"name": "gold",
			"from": [6.625, 22.9625, 7.5],
			"to": [7.125, 30.3, 8.5],
			"rotation": {"angle": 0, "axis": "y", "origin": [7.97615, 15.18355, 8]},
			"faces": {
				"north": {"uv": [1.5, 3.5, 1.75, 7.25], "texture": "#5"},
				"east": {"uv": [0, 0, 0.5, 3.75], "texture": "#5"},
				"south": {"uv": [3.5, 2, 3.75, 5.75], "texture": "#5"},
				"west": {"uv": [0.5, 0, 1, 3.75], "texture": "#5"},
				"up": {"uv": [9.75, 3.5, 9.5, 3], "texture": "#5"},
				"down": {"uv": [3.75, 9.5, 3.5, 10], "texture": "#5"}
			}
		},
		{
			"name": "gold",
			"from": [12.61746, 29.47199, 7.5],
			"to": [12.97371, 29.82199, 8.5],
			"rotation": {"angle": 22.5, "axis": "z", "origin": [7.97615, 15.18355, 8]},
			"faces": {
				"north": {"uv": [3.5, 10, 3.75, 10.25], "texture": "#5"},
				"east": {"uv": [9.5, 3.5, 10, 3.75], "texture": "#5"},
				"south": {"uv": [10, 3.5, 10.25, 3.75], "texture": "#5"},
				"west": {"uv": [4, 9.5, 4.5, 9.75], "texture": "#5"},
				"up": {"uv": [9.75, 4.5, 9.5, 4], "texture": "#5"},
				"down": {"uv": [4.75, 9.5, 4.5, 10], "texture": "#5"}
			}
		},
		{
			"name": "gold",
			"from": [7.79252, 14.96619, 7.5],
			"to": [8.29252, 15.46619, 8.5],
			"rotation": {"angle": 45, "axis": "z", "origin": [7.97615, 15.18355, 8]},
			"faces": {
				"north": {"uv": [4, 10, 4.25, 10.25], "texture": "#5"},
				"east": {"uv": [9.5, 4.5, 10, 4.75], "texture": "#5"},
				"south": {"uv": [10, 4, 10.25, 4.25], "texture": "#5"},
				"west": {"uv": [5, 9.5, 5.5, 9.75], "texture": "#5"},
				"up": {"uv": [9.75, 5.5, 9.5, 5], "texture": "#5"},
				"down": {"uv": [5.75, 9.5, 5.5, 10], "texture": "#5"}
			}
		},
		{
			"name": "gold",
			"from": [3.5, 18.875, 7.5],
			"to": [4, 24.25, 8.5],
			"rotation": {"angle": 0, "axis": "y", "origin": [7.97615, 15.18355, 8]},
			"faces": {
				"north": {"uv": [0.5, 4, 0.75, 6.75], "texture": "#5"},
				"east": {"uv": [2, 0, 2.5, 2.75], "texture": "#5"},
				"south": {"uv": [4, 4.5, 4.25, 7.25], "texture": "#5"},
				"west": {"uv": [2.5, 0, 3, 2.75], "texture": "#5"},
				"up": {"uv": [9.75, 6, 9.5, 5.5], "texture": "#5"},
				"down": {"uv": [6.25, 9.5, 6, 10], "texture": "#5"}
			}
		},
		{
			"name": "gold",
			"from": [2.42898, 16.8756, 7.5],
			"to": [5.19148, 17.3756, 8.5],
			"rotation": {"angle": -22.5, "axis": "z", "origin": [7.97615, 15.18355, 8]},
			"faces": {
				"north": {"uv": [6.5, 0, 8, 0.25], "texture": "#5"},
				"east": {"uv": [9.5, 6, 10, 6.25], "texture": "#5"},
				"south": {"uv": [6.5, 0.5, 8, 0.75], "texture": "#5"},
				"west": {"uv": [6.5, 9.5, 7, 9.75], "texture": "#5"},
				"up": {"uv": [5.5, 4, 4, 3.5], "texture": "#5"},
				"down": {"uv": [5.5, 4, 4, 4.5], "texture": "#5"}
			}
		},
		{
			"name": "gold",
			"from": [4.56459, 15.6431, 7.5],
			"to": [6.23959, 16.1431, 8.5],
			"shade": false,
			"rotation": {"angle": -45, "axis": "z", "origin": [7.97615, 15.18355, 8]},
			"faces": {
				"north": {"uv": [2.5, 8, 3.25, 8.25], "texture": "#5"},
				"east": {"uv": [9.5, 6.5, 10, 6.75], "texture": "#5"},
				"south": {"uv": [8, 3, 8.75, 3.25], "texture": "#5"},
				"west": {"uv": [7, 9.5, 7.5, 9.75], "texture": "#5"},
				"up": {"uv": [7.25, 2, 6.5, 1.5], "texture": "#5"},
				"down": {"uv": [7.25, 2, 6.5, 2.5], "texture": "#5"}
			}
		},
		{
			"name": "gold",
			"from": [7.69811, 15.36763, 7.5],
			"to": [8.19811, 17.15513, 8.5],
			"rotation": {"angle": 22.5, "axis": "z", "origin": [7.97615, 15.18355, 8]},
			"faces": {
				"north": {"uv": [4.5, 7.5, 4.75, 8.5], "texture": "#5"},
				"east": {"uv": [5.5, 5, 6, 6], "texture": "#5"},
				"south": {"uv": [7.5, 4.5, 7.75, 5.5], "texture": "#5"},
				"west": {"uv": [6, 0, 6.5, 1], "texture": "#5"},
				"up": {"uv": [9.75, 7.5, 9.5, 7], "texture": "#5"},
				"down": {"uv": [7.75, 9.5, 7.5, 10], "texture": "#5"}
			}
		},
		{
			"name": "gold",
			"from": [6.96093, 18.44932, 7.5],
			"to": [8.99843, 18.94932, 8.5],
			"rotation": {"angle": 0, "axis": "y", "origin": [7.97615, 15.18355, 8]},
			"faces": {
				"north": {"uv": [5, 7.5, 6, 7.75], "texture": "#5"},
				"east": {"uv": [9.5, 7.5, 10, 7.75], "texture": "#5"},
				"south": {"uv": [7.5, 5.5, 8.5, 5.75], "texture": "#5"},
				"west": {"uv": [8, 9.5, 8.5, 9.75], "texture": "#5"},
				"up": {"uv": [5.5, 3.5, 4.5, 3], "texture": "#5"},
				"down": {"uv": [7, 1, 6, 1.5], "texture": "#5"}
			}
		},
		{
			"name": "gold",
			"from": [12, 18.875, 7.5],
			"to": [12.5, 24.25, 8.5],
			"rotation": {"angle": 0, "axis": "y", "origin": [7.97615, 15.18355, 8]},
			"faces": {
				"north": {"uv": [4.5, 4.5, 4.75, 7.25], "texture": "#5"},
				"east": {"uv": [3, 0, 3.5, 2.75], "texture": "#5"},
				"south": {"uv": [2.5, 5, 2.75, 7.75], "texture": "#5"},
				"west": {"uv": [2, 3, 2.5, 5.75], "texture": "#5"},
				"up": {"uv": [9.75, 8.5, 9.5, 8], "texture": "#5"},
				"down": {"uv": [8.75, 9.5, 8.5, 10], "texture": "#5"}
			}
		},
		{
			"name": "gold",
			"from": [17.85131, 20.24341, 7.5],
			"to": [18.35131, 21.74341, 8.5],
			"rotation": {"angle": 45, "axis": "z", "origin": [7.97615, 15.18355, 8]},
			"faces": {
				"north": {"uv": [3.5, 8, 3.75, 8.75], "texture": "#5"},
				"east": {"uv": [6.5, 3.5, 7, 4.25], "texture": "#5"},
				"south": {"uv": [8, 3.5, 8.25, 4.25], "texture": "#5"},
				"west": {"uv": [5, 6.5, 5.5, 7.25], "texture": "#5"},
				"up": {"uv": [9.75, 9, 9.5, 8.5], "texture": "#5"},
				"down": {"uv": [9.25, 9.5, 9, 10], "texture": "#5"}
			}
		},
		{
			"name": "gold",
			"from": [9.74644, 15.60937, 7.5],
			"to": [11.42144, 16.10937, 8.5],
			"rotation": {"angle": 45, "axis": "z", "origin": [7.97615, 15.18355, 8]},
			"faces": {
				"north": {"uv": [8, 4.5, 8.75, 4.75], "texture": "#5"},
				"east": {"uv": [9.5, 9, 10, 9.25], "texture": "#5"},
				"south": {"uv": [5, 8, 5.75, 8.25], "texture": "#5"},
				"west": {"uv": [9.5, 9.5, 10, 9.75], "texture": "#5"},
				"up": {"uv": [7.25, 6, 6.5, 5.5], "texture": "#5"},
				"down": {"uv": [6.75, 6.5, 6, 7], "texture": "#5"}
			}
		},
		{
			"name": "gold",
			"from": [10.80489, 16.85735, 7.5],
			"to": [13.56739, 17.35735, 8.5],
			"rotation": {"angle": 22.5, "axis": "z", "origin": [7.97615, 15.18355, 8]},
			"faces": {
				"north": {"uv": [6.5, 6, 8, 6.25], "texture": "#5"},
				"east": {"uv": [0, 10, 0.5, 10.25], "texture": "#5"},
				"south": {"uv": [7, 1, 8.5, 1.25], "texture": "#5"},
				"west": {"uv": [10, 0, 10.5, 0.25], "texture": "#5"},
				"up": {"uv": [6, 0.5, 4.5, 0], "texture": "#5"},
				"down": {"uv": [6, 0.5, 4.5, 1], "texture": "#5"}
			}
		},
		{
			"name": "gold",
			"from": [7.79826, 15.38588, 7.5],
			"to": [8.29826, 17.17338, 8.5],
			"rotation": {"angle": -22.5, "axis": "z", "origin": [7.97615, 15.18355, 8]},
			"faces": {
				"north": {"uv": [0.5, 7, 0.75, 8], "texture": "#5"},
				"east": {"uv": [4.5, 1, 5, 2], "texture": "#5"},
				"south": {"uv": [2, 7, 2.25, 8], "texture": "#5"},
				"west": {"uv": [4.5, 2, 5, 3], "texture": "#5"},
				"up": {"uv": [4.25, 8.5, 4, 8], "texture": "#5"},
				"down": {"uv": [8.25, 5, 8, 5.5], "texture": "#5"}
			}
		},
		{
			"name": "orange",
			"from": [6.66828, 15.15217, 7.75],
			"to": [7.71828, 16.07717, 8.25],
			"rotation": {"angle": 0, "axis": "y", "origin": [7.97615, 15.18355, 8]},
			"faces": {
				"north": {"uv": [0, 7, 1, 8], "texture": "#7"},
				"east": {"uv": [2, 8, 2.5, 9], "texture": "#7"},
				"south": {"uv": [1, 7, 2, 8], "texture": "#7"},
				"west": {"uv": [8, 2, 8.5, 3], "texture": "#7"},
				"up": {"uv": [4, 8.5, 3, 8], "texture": "#7"},
				"down": {"uv": [9, 3, 8, 3.5], "texture": "#7"}
			}
		},
		{
			"name": "orange",
			"from": [6.82284, 15.82597, 7.75],
			"to": [7.99784, 17.00097, 8.25],
			"rotation": {"angle": 22.5, "axis": "z", "origin": [7.97615, 15.18355, 8]},
			"faces": {
				"north": {"uv": [2, 7, 3, 8], "texture": "#7"},
				"east": {"uv": [4, 8, 4.5, 9], "texture": "#7"},
				"south": {"uv": [3, 7, 4, 8], "texture": "#7"},
				"west": {"uv": [8, 4, 8.5, 5], "texture": "#7"},
				"up": {"uv": [6, 8.5, 5, 8], "texture": "#7"},
				"down": {"uv": [7, 8, 6, 8.5], "texture": "#7"}
			}
		},
		{
			"name": "orange",
			"from": [4.75989, 15.73915, 7.75],
			"to": [6.30989, 16.11415, 8.25],
			"rotation": {"angle": -45, "axis": "z", "origin": [7.97615, 15.18355, 8]},
			"faces": {
				"north": {"uv": [6, 7, 7.5, 7.5], "texture": "#7"},
				"east": {"uv": [9, 7, 9.5, 7.5], "texture": "#7"},
				"south": {"uv": [0, 8, 1.5, 8.5], "texture": "#7"},
				"west": {"uv": [8, 9, 8.5, 9.5], "texture": "#7"},
				"up": {"uv": [9.5, 0.5, 8, 0], "texture": "#7"},
				"down": {"uv": [9.5, 1, 8, 1.5], "texture": "#7"}
			}
		},
		{
			"name": "orange",
			"from": [3.63489, 15.23915, 7.75],
			"to": [6.43489, 15.73915, 8.25],
			"rotation": {"angle": -45, "axis": "z", "origin": [7.97615, 15.18355, 8]},
			"faces": {
				"north": {"uv": [4, 3, 7, 3.5], "texture": "#7"},
				"east": {"uv": [9, 8, 9.5, 8.5], "texture": "#7"},
				"south": {"uv": [4, 4, 7, 4.5], "texture": "#7"},
				"west": {"uv": [9, 9, 9.5, 9.5], "texture": "#7"},
				"up": {"uv": [3, 5.5, 0, 5], "texture": "#7"},
				"down": {"uv": [6, 5, 3, 5.5], "texture": "#7"}
			}
		},
		{
			"name": "orange",
			"from": [2.50989, 14.73915, 7.75],
			"to": [6.43489, 15.23915, 8.25],
			"rotation": {"angle": -45, "axis": "z", "origin": [7.97615, 15.18355, 8]},
			"faces": {
				"north": {"uv": [0, 0, 4, 0.5], "texture": "#7"},
				"east": {"uv": [0, 10, 0.5, 10.5], "texture": "#7"},
				"south": {"uv": [0, 1, 4, 1.5], "texture": "#7"},
				"west": {"uv": [10, 0, 10.5, 0.5], "texture": "#7"},
				"up": {"uv": [4, 2.5, 0, 2], "texture": "#7"},
				"down": {"uv": [4, 3, 0, 3.5], "texture": "#7"}
			}
		},
		{
			"name": "orange",
			"from": [2.74089, 16.62926, 7.75],
			"to": [3.66589, 17.12926, 8.25],
			"rotation": {"angle": -22.5, "axis": "z", "origin": [7.97615, 15.18355, 8]},
			"faces": {
				"north": {"uv": [7, 8, 8, 8.5], "texture": "#7"},
				"east": {"uv": [1, 10, 1.5, 10.5], "texture": "#7"},
				"south": {"uv": [8, 7, 9, 7.5], "texture": "#7"},
				"west": {"uv": [10, 1, 10.5, 1.5], "texture": "#7"},
				"up": {"uv": [9, 8.5, 8, 8], "texture": "#7"},
				"down": {"uv": [1, 9, 0, 9.5], "texture": "#7"}
			}
		},
		{
			"name": "orange",
			"from": [8.28172, 15.15217, 7.75],
			"to": [9.33172, 16.07717, 8.25],
			"rotation": {"angle": 0, "axis": "y", "origin": [7.97615, 15.18355, 8]},
			"faces": {
				"north": {"uv": [7, 3, 8, 4], "texture": "#7"},
				"east": {"uv": [1, 9, 1.5, 10], "texture": "#7"},
				"south": {"uv": [4, 7, 5, 8], "texture": "#7"},
				"west": {"uv": [2, 9, 2.5, 10], "texture": "#7"},
				"up": {"uv": [10, 2.5, 9, 2], "texture": "#7"},
				"down": {"uv": [4, 9, 3, 9.5], "texture": "#7"}
			}
		},
		{
			"name": "orange",
			"from": [9.55114, 14.70543, 7.75],
			"to": [13.47614, 15.20543, 8.25],
			"rotation": {"angle": 45, "axis": "z", "origin": [7.97615, 15.18355, 8]},
			"faces": {
				"north": {"uv": [0, 4, 4, 4.5], "texture": "#7"},
				"east": {"uv": [2, 10, 2.5, 10.5], "texture": "#7"},
				"south": {"uv": [4, 0, 8, 0.5], "texture": "#7"},
				"west": {"uv": [10, 2, 10.5, 2.5], "texture": "#7"},
				"up": {"uv": [8, 1.5, 4, 1], "texture": "#7"},
				"down": {"uv": [8, 2, 4, 2.5], "texture": "#7"}
			}
		},
		{
			"name": "orange",
			"from": [12.36494, 16.64654, 7.75],
			"to": [13.28994, 17.14654, 8.25],
			"rotation": {"angle": 22.5, "axis": "z", "origin": [7.97615, 15.18355, 8]},
			"faces": {
				"north": {"uv": [9, 3, 10, 3.5], "texture": "#7"},
				"east": {"uv": [3, 10, 3.5, 10.5], "texture": "#7"},
				"south": {"uv": [4, 9, 5, 9.5], "texture": "#7"},
				"west": {"uv": [10, 3, 10.5, 3.5], "texture": "#7"},
				"up": {"uv": [10, 4.5, 9, 4], "texture": "#7"},
				"down": {"uv": [6, 9, 5, 9.5], "texture": "#7"}
			}
		},
		{
			"name": "orange",
			"from": [9.55114, 15.20543, 7.75],
			"to": [12.35114, 15.70543, 8.25],
			"rotation": {"angle": 45, "axis": "z", "origin": [7.97615, 15.18355, 8]},
			"faces": {
				"north": {"uv": [0, 6, 3, 6.5], "texture": "#7"},
				"east": {"uv": [4, 10, 4.5, 10.5], "texture": "#7"},
				"south": {"uv": [3, 6, 6, 6.5], "texture": "#7"},
				"west": {"uv": [10, 4, 10.5, 4.5], "texture": "#7"},
				"up": {"uv": [9, 5.5, 6, 5], "texture": "#7"},
				"down": {"uv": [9, 6, 6, 6.5], "texture": "#7"}
			}
		},
		{
			"name": "orange",
			"from": [7.99853, 15.84423, 7.75],
			"to": [9.17353, 17.01923, 8.25],
			"rotation": {"angle": -22.5, "axis": "z", "origin": [7.97615, 15.18355, 8]},
			"faces": {
				"north": {"uv": [7, 4, 8, 5], "texture": "#7"},
				"east": {"uv": [9, 5, 9.5, 6], "texture": "#7"},
				"south": {"uv": [5, 7, 6, 8], "texture": "#7"},
				"west": {"uv": [6, 9, 6.5, 10], "texture": "#7"},
				"up": {"uv": [10, 6.5, 9, 6], "texture": "#7"},
				"down": {"uv": [8, 9, 7, 9.5], "texture": "#7"}
			}
		},
		{
			"name": "portal_surface_left",
			"from": [4, 18.75, 7.75],
			"to": [6.5, 19.25, 8.25],
			"rotation": {"angle": 0, "axis": "y", "origin": [7.97615, 15.18355, 8]},
			"faces": {
				"north": {"uv": [11, 14, 16, 15], "texture": "#3"},
				"south": {"uv": [11, 14, 16, 15], "texture": "#3"}
			}
		},
		{
			"name": "portal_surface_left",
			"from": [5, 18.25, 7.75],
			"to": [6.5, 18.75, 8.25],
			"rotation": {"angle": 0, "axis": "y", "origin": [7.97615, 15.18355, 8]},
			"faces": {
				"north": {"uv": [11, 15, 14, 16], "texture": "#3"},
				"south": {"uv": [11, 15, 14, 16], "texture": "#3"}
			}
		},
		{
			"name": "portal_surface_left",
			"from": [4, 19.25, 7.75],
			"to": [5.9625, 19.75, 8.25],
			"rotation": {"angle": 0, "axis": "y", "origin": [7.97615, 15.18355, 8]},
			"faces": {
				"north": {"uv": [12, 13, 16, 14], "texture": "#3"},
				"south": {"uv": [12, 13, 16, 14], "texture": "#3"}
			}
		},
		{
			"name": "portal_surface_left",
			"from": [4, 19.75, 7.75],
			"to": [5.5, 22.25, 8.25],
			"rotation": {"angle": 0, "axis": "y", "origin": [7.97615, 15.18355, 8]},
			"faces": {
				"north": {"uv": [13, 8, 16, 13], "texture": "#3"},
				"south": {"uv": [13, 8, 16, 13], "texture": "#3"}
			}
		},
		{
			"name": "portal_surface_left",
			"from": [4, 22.25, 7.75],
			"to": [5.975, 22.75, 8.25],
			"rotation": {"angle": 0, "axis": "y", "origin": [7.97615, 15.18355, 8]},
			"faces": {
				"north": {"uv": [12, 7, 16, 8], "texture": "#3"},
				"south": {"uv": [12, 7, 16, 8], "texture": "#3"}
			}
		},
		{
			"name": "portal_surface_left",
			"from": [4, 22.75, 7.75],
			"to": [6.5, 23.25, 8.25],
			"rotation": {"angle": 0, "axis": "y", "origin": [7.97615, 15.18355, 8]},
			"faces": {
				"north": {"uv": [11, 6, 16, 7], "texture": "#3"},
				"south": {"uv": [11, 6, 16, 7], "texture": "#3"}
			}
		},
		{
			"name": "portal_surface_left",
			"from": [4, 23.25, 7.75],
			"to": [7, 25.25, 8.25],
			"rotation": {"angle": 0, "axis": "y", "origin": [7.97615, 15.18355, 8]},
			"faces": {
				"north": {"uv": [10, 2, 16, 6], "texture": "#3"},
				"south": {"uv": [10, 2, 16, 6], "texture": "#3"}
			}
		},
		{
			"name": "portal_surface_left",
			"from": [4.45, 25.25, 7.75],
			"to": [7, 26.25, 8.25],
			"rotation": {"angle": 0, "axis": "y", "origin": [7.97615, 15.18355, 8]},
			"faces": {
				"north": {"uv": [10, 0, 15, 2], "texture": "#3"},
				"south": {"uv": [10, 0, 15, 2], "texture": "#3"}
			}
		},
		{
			"name": "portal_surface_left",
			"from": [5, 26.25, 7.75],
			"to": [7, 26.75, 8.25],
			"rotation": {"angle": 0, "axis": "y", "origin": [7.97615, 15.18355, 8]},
			"faces": {
				"north": {"uv": [10, 15, 14, 16], "texture": "#3"},
				"south": {"uv": [10, 15, 14, 16], "texture": "#3"}
			}
		},
		{
			"name": "portal_surface_left",
			"from": [5.625, 26.75, 7.75],
			"to": [7, 27.75, 8.25],
			"rotation": {"angle": 0, "axis": "y", "origin": [7.97615, 15.18355, 8]},
			"faces": {
				"north": {"uv": [10, 13, 13, 15], "texture": "#3"},
				"south": {"uv": [10, 13, 13, 15], "texture": "#3"}
			}
		},
		{
			"name": "portal_surface_left",
			"from": [6, 27.75, 7.75],
			"to": [7, 28.75, 8.25],
			"rotation": {"angle": 0, "axis": "y", "origin": [7.97615, 15.18355, 8]},
			"faces": {
				"north": {"uv": [10, 11, 12, 13], "texture": "#3"},
				"south": {"uv": [10, 11, 12, 13], "texture": "#3"}
			}
		},
		{
			"name": "portal_surface_left",
			"from": [6.5, 28.75, 7.75],
			"to": [7, 29.25, 8.25],
			"rotation": {"angle": 0, "axis": "y", "origin": [7.97615, 15.18355, 8]},
			"faces": {
				"north": {"uv": [10, 10, 11, 11], "texture": "#8"},
				"south": {"uv": [10, 10, 11, 11], "texture": "#8"},
				"up": {"uv": [0, 0, 0, 0], "texture": "#8"},
				"down": {"uv": [0, 0, 0, 0], "texture": "#8"}
			}
		},
		{
			"name": "portal_surface_middle",
			"from": [7.025, 16.75, 7.75],
			"to": [8.975, 17.25, 8.25],
			"rotation": {"angle": 0, "axis": "y", "origin": [7.97615, 15.18355, 8]},
			"faces": {
				"north": {"uv": [6, 13, 10, 14], "texture": "#3"},
				"south": {"uv": [6, 13, 10, 14], "texture": "#3"}
			}
		},
		{
			"name": "portal_surface_middle",
			"from": [6.55, 17.25, 7.75],
			"to": [9.45, 17.75, 8.25],
			"rotation": {"angle": 0, "axis": "y", "origin": [7.97615, 15.18355, 8]},
			"faces": {
				"north": {"uv": [5, 12, 11, 13], "texture": "#3"},
				"south": {"uv": [5, 12, 11, 13], "texture": "#3"}
			}
		},
		{
			"name": "portal_surface_middle",
			"from": [6.05, 17.75, 7.75],
			"to": [9.9375, 18.25, 8.25],
			"rotation": {"angle": 0, "axis": "y", "origin": [7.97615, 15.18355, 8]},
			"faces": {
				"north": {"uv": [4, 11, 12, 12], "texture": "#3"},
				"south": {"uv": [4, 11, 12, 12], "texture": "#3"}
			}
		},
		{
			"name": "portal_surface_middle",
			"from": [6.5, 18.25, 7.75],
			"to": [9.5, 18.75, 8.25],
			"rotation": {"angle": 0, "axis": "y", "origin": [7.97615, 15.18355, 8]},
			"faces": {
				"north": {"uv": [5, 10, 11, 11], "texture": "#3"},
				"south": {"uv": [5, 10, 11, 11], "texture": "#3"}
			}
		},
		{
			"name": "portal_surface_middle",
			"from": [7.5, 15.75, 7.75],
			"to": [8.5, 16.75, 8.25],
			"rotation": {"angle": 0, "axis": "y", "origin": [7.97615, 15.18355, 8]},
			"faces": {
				"north": {"uv": [7, 14, 9, 16], "texture": "#3"},
				"south": {"uv": [7, 14, 9, 16], "texture": "#3"}
			}
		},
		{
			"name": "portal_surface_right",
			"from": [9, 28.75, 7.75],
			"to": [9.5, 29.25, 8.25],
			"rotation": {"angle": 0, "axis": "y", "origin": [7.97615, 15.18355, 8]},
			"faces": {
				"north": {"uv": [5, 10, 6, 11], "texture": "#8"},
				"south": {"uv": [5, 10, 6, 11], "texture": "#8"}
			}
		},
		{
			"name": "portal_surface_right",
			"from": [9.55, 18.75, 7.75],
			"to": [12, 19.25, 8.25],
			"rotation": {"angle": 0, "axis": "y", "origin": [7.97615, 15.18355, 8]},
			"faces": {
				"north": {"uv": [0, 14, 5, 15], "texture": "#8"},
				"south": {"uv": [0, 14, 5, 15], "texture": "#8"}
			}
		},
		{
			"name": "portal_surface_right",
			"from": [9.5, 18.25, 7.75],
			"to": [11, 18.75, 8.25],
			"rotation": {"angle": 0, "axis": "y", "origin": [7.97615, 15.18355, 8]},
			"faces": {
				"north": {"uv": [2, 15, 5, 16], "texture": "#8"},
				"south": {"uv": [2, 15, 5, 16], "texture": "#8"}
			}
		},
		{
			"name": "portal_surface_right",
			"from": [10.0375, 19.25, 7.75],
			"to": [12, 19.75, 8.25],
			"shade": false,
			"rotation": {"angle": 0, "axis": "y", "origin": [7.97615, 15.18355, 8]},
			"faces": {
				"north": {"uv": [0, 13, 4, 14], "texture": "#8"},
				"south": {"uv": [0, 13, 4, 14], "texture": "#8"}
			}
		},
		{
			"name": "portal_surface_right",
			"from": [10.525, 19.75, 7.75],
			"to": [12, 22.25, 8.25],
			"rotation": {"angle": 0, "axis": "y", "origin": [7.97615, 15.18355, 8]},
			"faces": {
				"north": {"uv": [0, 8, 3, 13], "texture": "#8"},
				"south": {"uv": [0, 8, 3, 13], "texture": "#8"}
			}
		},
		{
			"name": "portal_surface_right",
			"from": [10.025, 22.25, 7.75],
			"to": [12, 22.75, 8.25],
			"rotation": {"angle": 0, "axis": "y", "origin": [7.97615, 15.18355, 8]},
			"faces": {
				"north": {"uv": [0, 7, 4, 8], "texture": "#8"},
				"south": {"uv": [0, 7, 4, 8], "texture": "#8"}
			}
		},
		{
			"name": "portal_surface_right",
			"from": [9.5, 22.75, 7.75],
			"to": [12, 23.25, 8.25],
			"rotation": {"angle": 0, "axis": "y", "origin": [7.97615, 15.18355, 8]},
			"faces": {
				"north": {"uv": [0, 6, 5, 7], "texture": "#8"},
				"south": {"uv": [0, 6, 5, 7], "texture": "#8"}
			}
		},
		{
			"name": "portal_surface_right",
			"from": [9, 23.25, 7.75],
			"to": [12, 25.25, 8.25],
			"rotation": {"angle": 0, "axis": "y", "origin": [7.97615, 15.18355, 8]},
			"faces": {
				"north": {"uv": [0, 0, 3, 3], "texture": "#8"},
				"south": {"uv": [0, 2, 6, 6], "texture": "#8"}
			}
		},
		{
			"name": "portal_surface_right",
			"from": [9, 25.25, 7.75],
			"to": [11.55, 26.25, 8.25],
			"rotation": {"angle": 0, "axis": "y", "origin": [7.97615, 15.18355, 8]},
			"faces": {
				"north": {"uv": [1, 0, 6, 2], "texture": "#8"},
				"south": {"uv": [10, 0, 15, 2], "texture": "#8"}
			}
		},
		{
			"name": "portal_surface_right",
			"from": [9, 26.25, 7.75],
			"to": [11, 26.75, 8.25],
			"rotation": {"angle": 0, "axis": "y", "origin": [7.97615, 15.18355, 8]},
			"faces": {
				"north": {"uv": [2, 15, 6, 16], "texture": "#8"},
				"south": {"uv": [2, 15, 6, 16], "texture": "#8"}
			}
		},
		{
			"name": "portal_surface_right",
			"from": [9, 26.75, 7.75],
			"to": [10.375, 27.75, 8.25],
			"rotation": {"angle": 0, "axis": "y", "origin": [7.97615, 15.18355, 8]},
			"faces": {
				"north": {"uv": [3, 13, 6, 15], "texture": "#8"},
				"south": {"uv": [3, 13, 6, 15], "texture": "#8"}
			}
		},
		{
			"name": "portal_surface_right",
			"from": [9, 27.75, 7.75],
			"to": [10, 28.75, 8.25],
			"rotation": {"angle": 0, "axis": "y", "origin": [7.97615, 15.18355, 8]},
			"faces": {
				"north": {"uv": [4, 11, 6, 13], "texture": "#8"},
				"south": {"uv": [4, 11, 6, 13], "texture": "#8"}
			}
		},
		{
			"from": [12.5, 18.875, 7.875],
			"to": [12.625, 24.25, 8.125],
			"rotation": {"angle": 0, "axis": "y", "origin": [7.97615, 15.18355, 8]},
			"faces": {
				"north": {"uv": [0, 4, 1, 5.075], "rotation": 90, "texture": "#4"},
				"east": {"uv": [0, 4, 1, 5.075], "rotation": 90, "texture": "#4"},
				"south": {"uv": [0, 4, 1, 5.075], "rotation": 90, "texture": "#4"},
				"west": {"uv": [0, 4, 1, 5.075], "rotation": 90, "texture": "#4"},
				"up": {"uv": [0, 4, 1, 5.075], "rotation": 90, "texture": "#4"},
				"down": {"uv": [0, 4, 1, 5.075], "rotation": 90, "texture": "#4"}
			}
		},
		{
			"from": [3.375, 18.875, 7.875],
			"to": [3.5, 24.25, 8.125],
			"rotation": {"angle": 0, "axis": "y", "origin": [7.97615, 15.18355, 8]},
			"faces": {
				"north": {"uv": [0, 4, 1, 5.075], "rotation": 90, "texture": "#4"},
				"east": {"uv": [0, 4, 1, 5.075], "rotation": 90, "texture": "#4"},
				"south": {"uv": [0, 4, 1, 5.075], "rotation": 90, "texture": "#4"},
				"west": {"uv": [0, 4, 1, 5.075], "rotation": 90, "texture": "#4"},
				"up": {"uv": [0, 4, 1, 5.075], "rotation": 90, "texture": "#4"},
				"down": {"uv": [0, 4, 1, 5.075], "rotation": 90, "texture": "#4"}
			}
		},
		{
			"from": [7.3329, 20.5473, 7.875],
			"to": [7.7079, 21.0473, 8.125],
			"rotation": {"angle": 45, "axis": "z", "origin": [7.97615, 15.18355, 8]},
			"faces": {
				"north": {"uv": [0, 4, 1, 5.075], "rotation": 90, "texture": "#4"},
				"east": {"uv": [0, 4, 1, 5.075], "rotation": 90, "texture": "#4"},
				"south": {"uv": [0, 4, 1, 5.075], "rotation": 90, "texture": "#4"},
				"west": {"uv": [0, 4, 1, 5.075], "rotation": 90, "texture": "#4"},
				"up": {"uv": [0, 4, 1, 5.075], "rotation": 90, "texture": "#4"},
				"down": {"uv": [0, 4, 1, 5.075], "rotation": 90, "texture": "#4"}
			}
		},
		{
			"from": [0.25566, 21.79907, 7.875],
			"to": [0.38066, 23.87407, 8.125],
			"rotation": {"angle": -22.5, "axis": "z", "origin": [7.97615, 15.18355, 8]},
			"faces": {
				"north": {"uv": [0, 4, 1, 5.075], "rotation": 90, "texture": "#4"},
				"east": {"uv": [0, 4, 1, 5.075], "rotation": 90, "texture": "#4"},
				"south": {"uv": [0, 4, 1, 5.075], "rotation": 90, "texture": "#4"},
				"west": {"uv": [0, 4, 1, 5.075], "rotation": 90, "texture": "#4"},
				"up": {"uv": [0, 4, 1, 5.075], "rotation": 90, "texture": "#4"},
				"down": {"uv": [0, 4, 1, 5.075], "rotation": 90, "texture": "#4"}
			}
		},
		{
			"from": [0.80098, 25.07578, 7.875],
			"to": [0.92598, 28.81328, 8.125],
			"rotation": {"angle": -22.5, "axis": "z", "origin": [7.97615, 15.18355, 8]},
			"faces": {
				"north": {"uv": [0, 4, 1, 5.075], "rotation": 90, "texture": "#4"},
				"east": {"uv": [0, 4, 1, 5.075], "rotation": 90, "texture": "#4"},
				"south": {"uv": [0, 4, 1, 5.075], "rotation": 90, "texture": "#4"},
				"west": {"uv": [0, 4, 1, 5.075], "rotation": 90, "texture": "#4"},
				"up": {"uv": [0, 4, 1, 5.075], "rotation": 90, "texture": "#4"},
				"down": {"uv": [0, 4, 1, 5.075], "rotation": 90, "texture": "#4"}
			}
		},
		{
			"from": [-2.48237, 20.25804, 7.875],
			"to": [-2.33237, 21.68304, 8.125],
			"rotation": {"angle": -45, "axis": "z", "origin": [7.97615, 15.18355, 8]},
			"faces": {
				"north": {"uv": [0, 4, 1, 5.075], "rotation": 90, "texture": "#4"},
				"east": {"uv": [0, 4, 1, 5.075], "rotation": 90, "texture": "#4"},
				"south": {"uv": [0, 4, 1, 5.075], "rotation": 90, "texture": "#4"},
				"west": {"uv": [0, 4, 1, 5.075], "rotation": 90, "texture": "#4"},
				"up": {"uv": [0, 4, 1, 5.075], "rotation": 90, "texture": "#4"},
				"down": {"uv": [0, 4, 1, 5.075], "rotation": 90, "texture": "#4"}
			}
		},
		{
			"from": [8.40313, 20.65603, 7.875],
			"to": [8.65313, 21.08103, 8.125],
			"rotation": {"angle": -45, "axis": "z", "origin": [7.97615, 15.18355, 8]},
			"faces": {
				"north": {"uv": [0, 4, 1, 5.075], "rotation": 90, "texture": "#4"},
				"east": {"uv": [0, 4, 1, 5.075], "rotation": 90, "texture": "#4"},
				"south": {"uv": [0, 4, 1, 5.075], "rotation": 90, "texture": "#4"},
				"west": {"uv": [0, 4, 1, 5.075], "rotation": 90, "texture": "#4"},
				"up": {"uv": [0, 4, 1, 5.075], "rotation": 90, "texture": "#4"},
				"down": {"uv": [0, 4, 1, 5.075], "rotation": 90, "texture": "#4"}
			}
		},
		{
			"from": [15.61571, 21.78082, 7.875],
			"to": [15.74071, 23.85582, 8.125],
			"rotation": {"angle": 22.5, "axis": "z", "origin": [7.97615, 15.18355, 8]},
			"faces": {
				"north": {"uv": [0, 4, 1, 5.075], "rotation": 90, "texture": "#4"},
				"east": {"uv": [0, 4, 1, 5.075], "rotation": 90, "texture": "#4"},
				"south": {"uv": [0, 4, 1, 5.075], "rotation": 90, "texture": "#4"},
				"west": {"uv": [0, 4, 1, 5.075], "rotation": 90, "texture": "#4"},
				"up": {"uv": [0, 4, 1, 5.075], "rotation": 90, "texture": "#4"},
				"down": {"uv": [0, 4, 1, 5.075], "rotation": 90, "texture": "#4"}
			}
		},
		{
			"from": [18.3434, 20.22432, 7.875],
			"to": [18.4684, 21.64932, 8.125],
			"rotation": {"angle": 45, "axis": "z", "origin": [7.97615, 15.18355, 8]},
			"faces": {
				"north": {"uv": [0, 4, 1, 5.075], "rotation": 90, "texture": "#4"},
				"east": {"uv": [0, 4, 1, 5.075], "rotation": 90, "texture": "#4"},
				"south": {"uv": [0, 4, 1, 5.075], "rotation": 90, "texture": "#4"},
				"west": {"uv": [0, 4, 1, 5.075], "rotation": 90, "texture": "#4"},
				"up": {"uv": [0, 4, 1, 5.075], "rotation": 90, "texture": "#4"},
				"down": {"uv": [0, 4, 1, 5.075], "rotation": 90, "texture": "#4"}
			}
		},
		{
			"from": [15.07039, 25.04735, 7.875],
			"to": [15.19539, 28.79735, 8.125],
			"rotation": {"angle": 22.5, "axis": "z", "origin": [7.97615, 15.18355, 8]},
			"faces": {
				"north": {"uv": [0, 4, 1, 5.075], "rotation": 90, "texture": "#4"},
				"east": {"uv": [0, 4, 1, 5.075], "rotation": 90, "texture": "#4"},
				"south": {"uv": [0, 4, 1, 5.075], "rotation": 90, "texture": "#4"},
				"west": {"uv": [0, 4, 1, 5.075], "rotation": 90, "texture": "#4"},
				"up": {"uv": [0, 4, 1, 5.075], "rotation": 90, "texture": "#4"},
				"down": {"uv": [0, 4, 1, 5.075], "rotation": 90, "texture": "#4"}
			}
		},
		{
			"from": [9.06108, 30.39874, 7.875],
			"to": [9.43608, 30.52374, 8.125],
			"rotation": {"angle": 0, "axis": "y", "origin": [7.97615, 15.18355, 8]},
			"faces": {
				"north": {"uv": [0, 4, 1, 5.075], "rotation": 180, "texture": "#4"},
				"east": {"uv": [0, 4, 1, 5.075], "texture": "#4"},
				"south": {"uv": [0, 4, 1, 5.075], "texture": "#4"},
				"west": {"uv": [0, 4, 1, 5.075], "texture": "#4"},
				"up": {"uv": [0, 4, 1, 5.075], "texture": "#4"},
				"down": {"uv": [0, 4, 1, 5.075], "texture": "#4"}
			}
		},
		{
			"from": [6.56303, 30.39659, 7.875],
			"to": [6.93803, 30.52159, 8.125],
			"rotation": {"angle": 0, "axis": "y", "origin": [7.97615, 15.18355, 8]},
			"faces": {
				"north": {"uv": [0, 4, 1, 5.075], "rotation": 180, "texture": "#4"},
				"east": {"uv": [0, 4, 1, 5.075], "texture": "#4"},
				"south": {"uv": [0, 4, 1, 5.075], "texture": "#4"},
				"west": {"uv": [0, 4, 1, 5.075], "texture": "#4"},
				"up": {"uv": [0, 4, 1, 5.075], "texture": "#4"},
				"down": {"uv": [0, 4, 1, 5.075], "texture": "#4"}
			}
		},
		{
			"from": [12.5, 18.875, 7.875],
			"to": [12.625, 24.25, 8.125],
			"rotation": {"angle": 0, "axis": "y", "origin": [7.97615, 15.18355, 8]},
			"faces": {
				"north": {"uv": [0, 4, 1, 5.075], "rotation": 90, "texture": "#4"},
				"east": {"uv": [0, 4, 1, 5.075], "rotation": 90, "texture": "#4"},
				"south": {"uv": [0, 4, 1, 5.075], "rotation": 90, "texture": "#4"},
				"west": {"uv": [0, 4, 1, 5.075], "rotation": 90, "texture": "#4"},
				"up": {"uv": [0, 4, 1, 5.075], "rotation": 90, "texture": "#4"},
				"down": {"uv": [0, 4, 1, 5.075], "rotation": 90, "texture": "#4"}
			}
		},
		{
			"name": "gold_thing",
			"from": [7.1, 12.5, 7.6],
			"to": [8.4, 13, 8.9],
			"rotation": {"angle": 0, "axis": "y", "origin": [7.5, 13.75, 8]},
			"faces": {
				"north": {"uv": [10, 4.5, 10.75, 4.75], "texture": "#6"},
				"east": {"uv": [5, 10, 5.75, 10.25], "texture": "#6"},
				"south": {"uv": [10, 5, 10.75, 5.25], "texture": "#6"},
				"west": {"uv": [10, 5.5, 10.75, 5.75], "texture": "#6"},
				"up": {"uv": [6.75, 6.75, 6, 6], "texture": "#6"},
				"down": {"uv": [7.75, 0, 7, 0.75], "texture": "#6"}
			}
		},
		{
			"name": "gold_thing",
			"from": [7.1, 13, 7.1],
			"to": [8.9, 13.5, 8.9],
			"rotation": {"angle": 0, "axis": "y", "origin": [7.5, 13.5, 8]},
			"faces": {
				"north": {"uv": [7, 8, 8, 8.25], "texture": "#6"},
				"east": {"uv": [8, 7.5, 9, 7.75], "texture": "#6"},
				"south": {"uv": [8, 8, 9, 8.25], "texture": "#6"},
				"west": {"uv": [8.5, 0, 9.5, 0.25], "texture": "#6"},
				"up": {"uv": [6, 1, 5, 0], "texture": "#6"},
				"down": {"uv": [6, 1, 5, 2], "texture": "#6"}
			}
		},
		{
			"name": "gold_thing",
			"from": [7.6, 12.5, 7.1],
			"to": [8.9, 13, 8.4],
			"rotation": {"angle": 0, "axis": "y", "origin": [7.75, 13.75, 7.8]},
			"faces": {
				"north": {"uv": [10, 6, 10.75, 6.25], "texture": "#6"},
				"east": {"uv": [10, 6.5, 10.75, 6.75], "texture": "#6"},
				"south": {"uv": [10, 7, 10.75, 7.25], "texture": "#6"},
				"west": {"uv": [7.5, 10, 8.25, 10.25], "texture": "#6"},
				"up": {"uv": [7.75, 1.75, 7, 1], "texture": "#6"},
				"down": {"uv": [7.75, 2, 7, 2.75], "texture": "#6"}
			}
		},
		{
			"name": "gold_thing",
			"from": [7.25, 13.5, 7.1],
			"to": [8.75, 13.9, 7.4],
			"rotation": {"angle": 22.5, "axis": "x", "origin": [8, 13.5, 7.1]},
			"faces": {
				"north": {"uv": [10, 7.5, 10.75, 7.75], "texture": "#6"},
				"east": {"uv": [12, 1, 12.25, 1.25], "texture": "#6"},
				"south": {"uv": [10, 8, 10.75, 8.25], "texture": "#6"},
				"west": {"uv": [12, 1.5, 12.25, 1.75], "texture": "#6"},
				"up": {"uv": [9.25, 10.25, 8.5, 10], "texture": "#6"},
				"down": {"uv": [10.75, 8.5, 10, 8.75], "texture": "#6"}
			}
		},
		{
			"name": "gold_thing",
			"from": [7.1, 13.5, 7.25],
			"to": [7.4, 13.9, 8.75],
			"rotation": {"angle": -22.5, "axis": "z", "origin": [7.1, 13.5, 8]},
			"faces": {
				"north": {"uv": [12, 2, 12.25, 2.25], "texture": "#6"},
				"east": {"uv": [10, 9, 10.75, 9.25], "texture": "#6"},
				"south": {"uv": [12, 2.5, 12.25, 2.75], "texture": "#6"},
				"west": {"uv": [9.5, 10, 10.25, 10.25], "texture": "#6"},
				"up": {"uv": [10.75, 0.75, 10.5, 0], "texture": "#6"},
				"down": {"uv": [10.75, 1, 10.5, 1.75], "texture": "#6"}
			}
		},
		{
			"name": "gold_thing",
			"from": [7.1, 12.25, 7.1],
			"to": [8.9, 12.5, 8.9],
			"rotation": {"angle": 0, "axis": "y", "origin": [7.5, 13.5, 8]},
			"faces": {
				"north": {"uv": [8.5, 0.5, 9.5, 0.75], "texture": "#6"},
				"east": {"uv": [8.5, 1, 9.5, 1.25], "texture": "#6"},
				"south": {"uv": [8.5, 1.5, 9.5, 1.75], "texture": "#6"},
				"west": {"uv": [8.5, 2, 9.5, 2.25], "texture": "#6"},
				"up": {"uv": [6, 3, 5, 2], "texture": "#6"},
				"down": {"uv": [6, 3, 5, 4], "texture": "#6"}
			}
		},
		{
			"name": "gold_thing",
			"from": [7.1, 11.25, 7.1],
			"to": [7.9, 12.25, 7.9],
			"rotation": {"angle": 0, "axis": "y", "origin": [7.5, 12.5, 7.25]},
			"faces": {
				"north": {"uv": [8.5, 2.5, 9, 3], "texture": "#6"},
				"east": {"uv": [8.5, 3, 9, 3.5], "texture": "#6"},
				"south": {"uv": [8.5, 3.5, 9, 4], "texture": "#6"},
				"west": {"uv": [8.5, 4, 9, 4.5], "texture": "#6"},
				"up": {"uv": [9, 5, 8.5, 4.5], "texture": "#6"},
				"down": {"uv": [6, 8.5, 5.5, 9], "texture": "#6"}
			}
		},
		{
			"name": "gold_thing",
			"from": [8.1, 11, 7.1],
			"to": [8.9, 12, 7.9],
			"rotation": {"angle": 0, "axis": "y", "origin": [8.25, 12.25, 7.25]},
			"faces": {
				"north": {"uv": [6, 8.5, 6.5, 9], "texture": "#6"},
				"east": {"uv": [8.5, 6.5, 9, 7], "texture": "#6"},
				"south": {"uv": [7, 8.5, 7.5, 9], "texture": "#6"},
				"west": {"uv": [8.5, 7, 9, 7.5], "texture": "#6"},
				"up": {"uv": [8, 9, 7.5, 8.5], "texture": "#6"},
				"down": {"uv": [8.5, 8.5, 8, 9], "texture": "#6"}
			}
		},
		{
			"name": "gold_thing",
			"from": [7.1, 11, 8.1],
			"to": [7.9, 12, 8.9],
			"rotation": {"angle": 0, "axis": "y", "origin": [7.5, 12.25, 8]},
			"faces": {
				"north": {"uv": [8.5, 8.5, 9, 9], "texture": "#6"},
				"east": {"uv": [9, 2.5, 9.5, 3], "texture": "#6"},
				"south": {"uv": [9, 3, 9.5, 3.5], "texture": "#6"},
				"west": {"uv": [9, 3.5, 9.5, 4], "texture": "#6"},
				"up": {"uv": [4.5, 9.5, 4, 9], "texture": "#6"},
				"down": {"uv": [9.5, 4, 9, 4.5], "texture": "#6"}
			}
		},
		{
			"name": "gold_thing",
			"from": [7.1, 10.75, 7.1],
			"to": [8.9, 11, 8.9],
			"rotation": {"angle": 0, "axis": "y", "origin": [7.5, 11.5, 8]},
			"faces": {
				"north": {"uv": [4.5, 9, 5.5, 9.25], "texture": "#6"},
				"east": {"uv": [9, 4.5, 10, 4.75], "texture": "#6"},
				"south": {"uv": [9, 5, 10, 5.25], "texture": "#6"},
				"west": {"uv": [5.5, 9, 6.5, 9.25], "texture": "#6"},
				"up": {"uv": [6, 5, 5, 4], "texture": "#6"},
				"down": {"uv": [6, 5, 5, 6], "texture": "#6"}
			}
		},
		{
			"name": "gold_thing",
			"from": [7.1, 10.25, 7.1],
			"to": [8.15, 10.75, 8.4],
			"rotation": {"angle": 0, "axis": "y", "origin": [7.5, 11.25, 7.75]},
			"faces": {
				"north": {"uv": [4.5, 11.5, 5, 11.75], "texture": "#6"},
				"east": {"uv": [10, 9.5, 10.75, 9.75], "texture": "#6"},
				"south": {"uv": [5, 11.5, 5.5, 11.75], "texture": "#6"},
				"west": {"uv": [10.5, 2, 11.25, 2.25], "texture": "#6"},
				"up": {"uv": [5, 8.75, 4.5, 8], "texture": "#6"},
				"down": {"uv": [5.5, 8, 5, 8.75], "texture": "#6"}
			}
		},
		{
			"name": "gold_thing",
			"from": [7.1, 9.75, 7.1],
			"to": [8.9, 10.25, 8.9],
			"rotation": {"angle": 0, "axis": "y", "origin": [7.5, 10.5, 8]},
			"faces": {
				"north": {"uv": [9, 5.5, 10, 5.75], "texture": "#6"},
				"east": {"uv": [9, 6, 10, 6.25], "texture": "#6"},
				"south": {"uv": [6.5, 9, 7.5, 9.25], "texture": "#6"},
				"west": {"uv": [9, 6.5, 10, 6.75], "texture": "#6"},
				"up": {"uv": [7, 1, 6, 0], "texture": "#6"},
				"down": {"uv": [7, 1, 6, 2], "texture": "#6"}
			}
		},
		{
			"name": "gold_thing",
			"from": [7.1, 9.35, 7.25],
			"to": [7.4, 9.75, 8.75],
			"rotation": {"angle": 22.5, "axis": "z", "origin": [7.1, 9.75, 8]},
			"faces": {
				"north": {"uv": [12, 3, 12.25, 3.25], "texture": "#6"},
				"east": {"uv": [10.5, 2.5, 11.25, 2.75], "texture": "#6"},
				"south": {"uv": [12, 3.5, 12.25, 3.75], "texture": "#6"},
				"west": {"uv": [10.5, 3, 11.25, 3.25], "texture": "#6"},
				"up": {"uv": [10.75, 4.25, 10.5, 3.5], "texture": "#6"},
				"down": {"uv": [5.25, 10.5, 5, 11.25], "texture": "#6"}
			}
		},
		{
			"name": "gold_thing",
			"from": [7.25, 9.35, 7.1],
			"to": [8.75, 9.75, 7.4],
			"rotation": {"angle": -22.5, "axis": "x", "origin": [8, 9.75, 7.1]},
			"faces": {
				"north": {"uv": [5.5, 10.5, 6.25, 10.75], "texture": "#6"},
				"east": {"uv": [4, 12, 4.25, 12.25], "texture": "#6"},
				"south": {"uv": [6.5, 10.5, 7.25, 10.75], "texture": "#6"},
				"west": {"uv": [12, 4, 12.25, 4.25], "texture": "#6"},
				"up": {"uv": [8.25, 10.75, 7.5, 10.5], "texture": "#6"},
				"down": {"uv": [9.25, 10.5, 8.5, 10.75], "texture": "#6"}
			}
		},
		{
			"name": "gold_thing",
			"from": [8.1, 11.25, 8.1],
			"to": [8.9, 12.25, 8.9],
			"rotation": {"angle": 0, "axis": "y", "origin": [8.25, 12.5, 8]},
			"faces": {
				"north": {"uv": [9, 7, 9.5, 7.5], "texture": "#6"},
				"east": {"uv": [7.5, 9, 8, 9.5], "texture": "#6"},
				"south": {"uv": [9, 7.5, 9.5, 8], "texture": "#6"},
				"west": {"uv": [8, 9, 8.5, 9.5], "texture": "#6"},
				"up": {"uv": [9.5, 8.5, 9, 8], "texture": "#6"},
				"down": {"uv": [9, 9, 8.5, 9.5], "texture": "#6"}
			}
		},
		{
			"name": "gold_thing",
			"from": [8.6, 13.5, 7.25],
			"to": [8.9, 13.9, 8.75],
			"rotation": {"angle": 22.5, "axis": "z", "origin": [8.9, 13.5, 8]},
			"faces": {
				"north": {"uv": [4.5, 12, 4.75, 12.25], "texture": "#6"},
				"east": {"uv": [9.5, 10.5, 10.25, 10.75], "texture": "#6"},
				"south": {"uv": [12, 4.5, 12.25, 4.75], "texture": "#6"},
				"west": {"uv": [10.5, 10, 11.25, 10.25], "texture": "#6"},
				"up": {"uv": [10.75, 11.25, 10.5, 10.5], "texture": "#6"},
				"down": {"uv": [11.25, 0, 11, 0.75], "texture": "#6"}
			}
		},
		{
			"name": "gold_thing",
			"from": [7.25, 13.5, 8.6],
			"to": [8.75, 13.9, 8.9],
			"rotation": {"angle": -22.5, "axis": "x", "origin": [8, 13.5, 8.9]},
			"faces": {
				"north": {"uv": [11, 1, 11.75, 1.25], "texture": "#6"},
				"east": {"uv": [5, 12, 5.25, 12.25], "texture": "#6"},
				"south": {"uv": [11, 1.5, 11.75, 1.75], "texture": "#6"},
				"west": {"uv": [12, 5, 12.25, 5.25], "texture": "#6"},
				"up": {"uv": [11.75, 3.75, 11, 3.5], "texture": "#6"},
				"down": {"uv": [4.75, 11, 4, 11.25], "texture": "#6"}
			}
		},
		{
			"name": "gold_thing",
			"from": [7.6, 10.25, 7.6],
			"to": [8.9, 10.75, 8.9],
			"rotation": {"angle": 0, "axis": "y", "origin": [7.75, 11.25, 8.05]},
			"faces": {
				"north": {"uv": [11, 4, 11.75, 4.25], "texture": "#6"},
				"east": {"uv": [11, 4.5, 11.75, 4.75], "texture": "#6"},
				"south": {"uv": [11, 5, 11.75, 5.25], "texture": "#6"},
				"west": {"uv": [5.5, 11, 6.25, 11.25], "texture": "#6"},
				"up": {"uv": [7.75, 3.75, 7, 3], "texture": "#6"},
				"down": {"uv": [4.75, 7, 4, 7.75], "texture": "#6"}
			}
		},
		{
			"name": "gold_thing",
			"from": [8.6, 9.35, 7.25],
			"to": [8.9, 9.75, 8.75],
			"rotation": {"angle": -22.5, "axis": "z", "origin": [8.9, 9.75, 8]},
			"faces": {
				"north": {"uv": [5.5, 12, 5.75, 12.25], "texture": "#6"},
				"east": {"uv": [11, 5.5, 11.75, 5.75], "texture": "#6"},
				"south": {"uv": [12, 5.5, 12.25, 5.75], "texture": "#6"},
				"west": {"uv": [11, 6, 11.75, 6.25], "texture": "#6"},
				"up": {"uv": [6.75, 11.75, 6.5, 11], "texture": "#6"},
				"down": {"uv": [11.25, 6.5, 11, 7.25], "texture": "#6"}
			}
		},
		{
			"name": "gold_thing",
			"from": [7.25, 9.35, 8.6],
			"to": [8.75, 9.75, 8.9],
			"rotation": {"angle": 22.5, "axis": "x", "origin": [8, 9.75, 8.9]},
			"faces": {
				"north": {"uv": [7, 11, 7.75, 11.25], "texture": "#6"},
				"east": {"uv": [6, 12, 6.25, 12.25], "texture": "#6"},
				"south": {"uv": [11, 7.5, 11.75, 7.75], "texture": "#6"},
				"west": {"uv": [12, 6, 12.25, 6.25], "texture": "#6"},
				"up": {"uv": [8.75, 11.25, 8, 11], "texture": "#6"},
				"down": {"uv": [11.75, 8, 11, 8.25], "texture": "#6"}
			}
		},
		{
			"from": [7.25, -15, 7.25],
			"to": [8.75, 14.2, 8.75],
			"rotation": {"angle": 0, "axis": "y", "origin": [7.5, 13.5, 8]},
			"faces": {
				"north": {"uv": [0, 0, 0.75, 14.5], "texture": "#6"},
				"east": {"uv": [1, 0, 1.75, 14.5], "texture": "#6"},
				"south": {"uv": [2, 0, 2.75, 14.5], "texture": "#6"},
				"west": {"uv": [3, 0, 3.75, 14.5], "texture": "#6"},
				"up": {"uv": [7.75, 4.75, 7, 4], "texture": "#6"},
				"down": {"uv": [5.75, 7, 5, 7.75], "texture": "#6"}
			}
		},
		{
			"from": [7.35, -11.5, 7.35],
			"to": [8.65, -8.75, 8.65],
			"rotation": {"angle": 0, "axis": "y", "origin": [7.5, -8.75, 8]},
			"faces": {
				"north": {"uv": [4, 0, 4.75, 1.5], "texture": "#6"},
				"east": {"uv": [4, 1.5, 4.75, 3], "texture": "#6"},
				"south": {"uv": [4, 3, 4.75, 4.5], "texture": "#6"},
				"west": {"uv": [4, 4.5, 4.75, 6], "texture": "#6"},
				"up": {"uv": [7.75, 5.75, 7, 5], "texture": "#6"},
				"down": {"uv": [6.75, 7, 6, 7.75], "texture": "#6"}
			}
		},
		{
			"from": [7.1, -15.25, 7.1],
			"to": [8.9, -14.75, 8.9],
			"rotation": {"angle": 0, "axis": "y", "origin": [7.5, -14.75, 8]},
			"faces": {
				"north": {"uv": [9, 8.5, 10, 8.75], "texture": "#6"},
				"east": {"uv": [9, 9, 10, 9.25], "texture": "#6"},
				"south": {"uv": [9.5, 0, 10.5, 0.25], "texture": "#6"},
				"west": {"uv": [9.5, 0.5, 10.5, 0.75], "texture": "#6"},
				"up": {"uv": [7, 3, 6, 2], "texture": "#6"},
				"down": {"uv": [7, 3, 6, 4], "texture": "#6"}
			}
		},
		{
			"from": [7.35, -15.5, 7.35],
			"to": [8.65, -15.25, 8.65],
			"rotation": {"angle": 0, "axis": "y", "origin": [7.5, -15.25, 8]},
			"faces": {
				"north": {"uv": [11, 8.5, 11.75, 8.75], "texture": "#6"},
				"east": {"uv": [9, 11, 9.75, 11.25], "texture": "#6"},
				"south": {"uv": [11, 9, 11.75, 9.25], "texture": "#6"},
				"west": {"uv": [11, 9.5, 11.75, 9.75], "texture": "#6"},
				"up": {"uv": [7.75, 6.75, 7, 6], "texture": "#6"},
				"down": {"uv": [7.75, 7, 7, 7.75], "texture": "#6"}
			}
		},
		{
			"from": [7.1, 1.6, 7.1],
			"to": [8.9, 2.1, 8.9],
			"rotation": {"angle": 0, "axis": "y", "origin": [7.5, 2.1, 8]},
			"faces": {
				"north": {"uv": [9.5, 1, 10.5, 1.25], "texture": "#6"},
				"east": {"uv": [9.5, 1.5, 10.5, 1.75], "texture": "#6"},
				"south": {"uv": [9.5, 2, 10.5, 2.25], "texture": "#6"},
				"west": {"uv": [9.5, 2.5, 10.5, 2.75], "texture": "#6"},
				"up": {"uv": [5, 7, 4, 6], "texture": "#6"},
				"down": {"uv": [7, 4, 6, 5], "texture": "#6"}
			}
		},
		{
			"from": [7.1, -3.7, 7.1],
			"to": [8.9, -3.2, 8.9],
			"rotation": {"angle": 0, "axis": "y", "origin": [7.5, -3.2, 8]},
			"faces": {
				"north": {"uv": [9.5, 3, 10.5, 3.25], "texture": "#6"},
				"east": {"uv": [9.5, 3.5, 10.5, 3.75], "texture": "#6"},
				"south": {"uv": [4, 9.5, 5, 9.75], "texture": "#6"},
				"west": {"uv": [9.5, 4, 10.5, 4.25], "texture": "#6"},
				"up": {"uv": [6, 7, 5, 6], "texture": "#6"},
				"down": {"uv": [7, 5, 6, 6], "texture": "#6"}
			}
		},
		{
			"from": [7.65, 14, 7.6],
			"to": [8.35, 15, 8.4],
			"rotation": {"angle": 0, "axis": "y", "origin": [7.2, 17, 8]},
			"faces": {
				"north": {"uv": [5.5, 11.5, 5.75, 12], "texture": "#6"},
				"east": {"uv": [5, 9.5, 5.5, 10], "texture": "#6"},
				"south": {"uv": [6, 11.5, 6.25, 12], "texture": "#6"},
				"west": {"uv": [5.5, 9.5, 6, 10], "texture": "#6"},
				"up": {"uv": [11.75, 7, 11.5, 6.5], "texture": "#6"},
				"down": {"uv": [7.25, 11.5, 7, 12], "texture": "#6"}
			}
		},
		{
			"from": [7.25, 14.2, 7.6],
			"to": [7.6, 15.95, 8.4],
			"rotation": {"angle": 0, "axis": "y", "origin": [6.75, 17, 8]},
			"faces": {
				"north": {"uv": [6, 9.5, 6.25, 10.5], "texture": "#6"},
				"east": {"uv": [8, 0, 8.5, 1], "texture": "#6"},
				"south": {"uv": [6.5, 9.5, 6.75, 10.5], "texture": "#6"},
				"west": {"uv": [8, 1, 8.5, 2], "texture": "#6"},
				"up": {"uv": [11.75, 7.5, 11.5, 7], "texture": "#6"},
				"down": {"uv": [7.75, 11.5, 7.5, 12], "texture": "#6"}
			}
		},
		{
			"from": [8.4, 14.2, 7.6],
			"to": [8.75, 15.95, 8.4],
			"rotation": {"angle": 0, "axis": "y", "origin": [7.9, 17, 8]},
			"faces": {
				"north": {"uv": [7, 9.5, 7.25, 10.5], "texture": "#6"},
				"east": {"uv": [8, 2, 8.5, 3], "texture": "#6"},
				"south": {"uv": [9.5, 7, 9.75, 8], "texture": "#6"},
				"west": {"uv": [8, 3, 8.5, 4], "texture": "#6"},
				"up": {"uv": [8.25, 12, 8, 11.5], "texture": "#6"},
				"down": {"uv": [8.75, 11.5, 8.5, 12], "texture": "#6"}
			}
		},
		{
			"from": [7.6, 14.95, 7.6],
			"to": [8.4, 15.7, 8.4],
			"rotation": {"angle": 0, "axis": "y", "origin": [7.55, 17, 8]},
			"faces": {
				"north": {"uv": [7.5, 9.5, 8, 10], "texture": "#6"},
				"east": {"uv": [8, 9.5, 8.5, 10], "texture": "#6"},
				"south": {"uv": [9.5, 8, 10, 8.5], "texture": "#6"},
				"west": {"uv": [8.5, 9.5, 9, 10], "texture": "#6"},
				"up": {"uv": [9.5, 10, 9, 9.5], "texture": "#6"},
				"down": {"uv": [10, 9.5, 9.5, 10], "texture": "#6"}
			}
		},
		{
			"from": [7.25, 14.2, 7.25],
			"to": [8.75, 15.2, 7.8],
			"rotation": {"angle": 22.5, "axis": "x", "origin": [8, 14.2, 7.25]},
			"faces": {
				"north": {"uv": [8, 5, 8.75, 5.5], "texture": "#6"},
				"east": {"uv": [9, 11.5, 9.25, 12], "texture": "#6"},
				"south": {"uv": [5.5, 8, 6.25, 8.5], "texture": "#6"},
				"west": {"uv": [9.5, 11.5, 9.75, 12], "texture": "#6"},
				"up": {"uv": [11.75, 10.75, 11, 10.5], "texture": "#6"},
				"down": {"uv": [11.75, 11, 11, 11.25], "texture": "#6"}
			}
		},
		{
			"from": [7.25, 14.2, 8.2],
			"to": [8.75, 15.2, 8.75],
			"rotation": {"angle": -22.5, "axis": "x", "origin": [8, 14.2, 8.75]},
			"faces": {
				"north": {"uv": [8, 5.5, 8.75, 6], "texture": "#6"},
				"east": {"uv": [11.5, 10, 11.75, 10.5], "texture": "#6"},
				"south": {"uv": [8, 6, 8.75, 6.5], "texture": "#6"},
				"west": {"uv": [10.5, 11.5, 10.75, 12], "texture": "#6"},
				"up": {"uv": [12.25, 0.25, 11.5, 0], "texture": "#6"},
				"down": {"uv": [12.25, 0.5, 11.5, 0.75], "texture": "#6"}
			}
		},
		{
			"from": [6.425, 15.25, 7.6],
			"to": [6.725, 16.675, 8.4],
			"rotation": {"angle": 22.5, "axis": "z", "origin": [5.825, 17.825, 8]},
			"faces": {
				"north": {"uv": [10, 11, 10.25, 11.75], "texture": "#6"},
				"east": {"uv": [6.5, 8, 7, 8.75], "texture": "#6"},
				"south": {"uv": [11.5, 2, 11.75, 2.75], "texture": "#6"},
				"west": {"uv": [8, 6.5, 8.5, 7.25], "texture": "#6"},
				"up": {"uv": [11.25, 12, 11, 11.5], "texture": "#6"},
				"down": {"uv": [11.75, 11.5, 11.5, 12], "texture": "#6"}
			}
		},
		{
			"from": [9.375, 15.85, 7.6],
			"to": [9.675, 17.225, 8.4],
			"rotation": {"angle": -22.5, "axis": "z", "origin": [8.775, 18.375, 8]},
			"faces": {
				"north": {"uv": [4, 10, 4.25, 10.75], "texture": "#6"},
				"east": {"uv": [4, 8, 4.5, 8.75], "texture": "#6"},
				"south": {"uv": [4.5, 10, 4.75, 10.75], "texture": "#6"},
				"west": {"uv": [8, 4, 8.5, 4.75], "texture": "#6"},
				"up": {"uv": [11.75, 3.5, 11.5, 3], "texture": "#6"},
				"down": {"uv": [4.25, 11.5, 4, 12], "texture": "#6"}
			}
		}
	],
	"display": {
		"thirdperson_righthand": {
			"rotation": [7, -83, 8],
			"translation": [-0.25, 6.75, 1.25]
		},
		"thirdperson_lefthand": {
			"rotation": [7, -87, 8],
			"translation": [-0.25, 6.75, 1.25]
		},
		"firstperson_righthand": {
			"rotation": [-8, -87, 0],
			"translation": [3.75, 2.25, 0],
			"scale": [0.6, 0.6, 0.6]
		},
		"firstperson_lefthand": {
			"rotation": [-8, -87, 0],
			"translation": [3.75, 2.25, 0],
			"scale": [0.6, 0.6, 0.6]
		},
		"ground": {
			"rotation": [-80, -9, 0],
			"translation": [0, 0.75, 0],
			"scale": [0.7, 0.7, 0.7]
		},
		"gui": {
			"rotation": [0, -18, 49],
			"translation": [0.25, 0.25, 0],
			"scale": [0.5, 0.5, 0.5]
		}
	},
	"groups": [
		{
			"name": "staff_top",
			"origin": [8, 8, 8],
			"color": 0,
			"children": [
				0,
				1,
				2,
				3,
				4,
				5,
				6,
				7,
				8,
				9,
				10,
				11,
				12,
				13,
				14,
				15,
				16,
				17,
				18,
				19,
				20,
				21,
				22,
				23,
				24,
				25,
				26,
				27,
				28,
				29,
				30,
				31,
				32,
				33,
				34,
				35,
				36,
				37,
				38,
				39,
				40,
				41,
				42,
				43,
				44,
				45,
				46,
				47,
				48,
				49,
				50,
				51,
				52,
				53,
				54,
				55,
				56,
				57,
				58,
				59,
				60,
				61,
				62,
				63,
				64,
				65,
				66,
				67,
				68,
				69,
				70,
				71,
				72,
				73,
				74,
				75,
				76,
				77,
				78,
				{
					"name": "side1",
					"origin": [16.2435, 15.02526, 0],
					"color": 0,
					"children": []
				},
				{
					"name": "side1",
					"origin": [16.2435, 15.02526, 0],
					"color": 0,
					"children": [79, 80, 81, 82, 83, 84, 85, 86, 87, 88, 89, 90, 91]
				}
			]
		},
		{
			"name": "staff_handle_big",
			"origin": [8.775, 17.125, 8],
			"color": 0,
			"children": [92, 93, 94, 95, 96, 97, 98, 99, 100, 101, 102, 103, 104, 105, 106, 107, 108, 109, 110, 111, 112, 113, 114, 115, 116, 117, 118, 119, 120, 121, 122, 123, 124, 125]
		}
	]
}