{
	"credit": "Made with Blockbench",
	"texture_size": [32, 32],
	"textures": {
		"3": "custom/nether_portal",
		"4": "custom/staff_flat_colors",
		"5": "custom/staff_handle",
		"particle": "custom/portal"
	},
	"elements": [
		{
			"from": [-2.36528, 21.02714, 7.5],
			"to": [-1.86528, 22.52714, 8.5],
			"rotation": {"angle": -45, "axis": "z", "origin": [7.97615, 15.93355, 8]},
			"faces": {
				"north": {"uv": [1, 0, 0, 1], "texture": "#4"},
				"east": {"uv": [0, 0, 1, 1.075], "rotation": 90, "texture": "#4"},
				"south": {"uv": [0, 0, 1, 1.075], "rotation": 90, "texture": "#4"},
				"west": {"uv": [0, 0, 1, 1.075], "rotation": 90, "texture": "#4"},
				"up": {"uv": [0, 0, 1, 1.075], "rotation": 90, "texture": "#4"},
				"down": {"uv": [0, 0, 1, 1.075], "rotation": 90, "texture": "#4"}
			}
		},
		{
			"from": [0.90711, 25.79139, 7.5],
			"to": [1.40711, 29.56639, 8.5],
			"rotation": {"angle": -22.5, "axis": "z", "origin": [7.97615, 15.93355, 8]},
			"faces": {
				"north": {"uv": [1, 0, 0, 1], "texture": "#4"},
				"east": {"uv": [0, 0, 1, 1.075], "rotation": 90, "texture": "#4"},
				"south": {"uv": [0, 0, 1, 1.075], "rotation": 90, "texture": "#4"},
				"west": {"uv": [0, 0, 1, 1.075], "rotation": 90, "texture": "#4"},
				"up": {"uv": [0, 0, 1, 1.075], "rotation": 90, "texture": "#4"},
				"down": {"uv": [0, 0, 1, 1.075], "rotation": 90, "texture": "#4"}
			}
		},
		{
			"from": [0.37114, 22.59691, 7.5],
			"to": [0.87114, 24.59691, 8.5],
			"rotation": {"angle": -22.5, "axis": "z", "origin": [7.97615, 15.93355, 8]},
			"faces": {
				"north": {"uv": [1, 0, 0, 1], "texture": "#4"},
				"east": {"uv": [0, 0, 1, 1.075], "rotation": 90, "texture": "#4"},
				"south": {"uv": [0, 0, 1, 1.075], "rotation": 90, "texture": "#4"},
				"west": {"uv": [0, 0, 1, 1.075], "rotation": 90, "texture": "#4"},
				"up": {"uv": [0, 0, 1, 1.075], "rotation": 90, "texture": "#4"},
				"down": {"uv": [0, 0, 1, 1.075], "rotation": 90, "texture": "#4"}
			}
		},
		{
			"from": [7.36577, 20.62167, 7.5],
			"to": [7.86577, 21.62167, 8.5],
			"rotation": {"angle": 22.5, "axis": "z", "origin": [7.97615, 15.93355, 8]},
			"faces": {
				"north": {"uv": [1, 0, 0, 1], "texture": "#4"},
				"east": {"uv": [0, 0, 1, 1.075], "rotation": 90, "texture": "#4"},
				"south": {"uv": [0, 0, 1, 1.075], "rotation": 90, "texture": "#4"},
				"west": {"uv": [0, 0, 1, 1.075], "rotation": 90, "texture": "#4"},
				"up": {"uv": [0, 0, 1, 1.075], "rotation": 90, "texture": "#4"},
				"down": {"uv": [0, 0, 1, 1.075], "rotation": 90, "texture": "#4"}
			}
		},
		{
			"from": [2.93385, 20.94503, 7.5],
			"to": [3.43385, 21.94503, 8.5],
			"rotation": {"angle": -22.5, "axis": "z", "origin": [7.97615, 15.93355, 8]},
			"faces": {
				"north": {"uv": [1, 0, 0, 1], "texture": "#4"},
				"east": {"uv": [0, 0, 1, 1.075], "rotation": 90, "texture": "#4"},
				"south": {"uv": [0, 0, 1, 1.075], "rotation": 90, "texture": "#4"},
				"west": {"uv": [0, 0, 1, 1.075], "rotation": 90, "texture": "#4"},
				"up": {"uv": [0, 0, 1, 1.075], "rotation": 90, "texture": "#4"},
				"down": {"uv": [0, 0, 1, 1.075], "rotation": 90, "texture": "#4"}
			}
		},
		{
			"from": [5.36392, 18.86447, 7.5],
			"to": [6.23892, 19.36447, 8.5],
			"rotation": {"angle": 0, "axis": "y", "origin": [7.97615, 15.93355, 8]},
			"faces": {
				"north": {"uv": [1, 1, 0, 0], "rotation": 90, "texture": "#4"},
				"east": {"uv": [0, 0, 1, 1.075], "rotation": 90, "texture": "#4"},
				"south": {"uv": [0, 0, 1, 1.075], "rotation": 90, "texture": "#4"},
				"west": {"uv": [0, 0, 1, 1.075], "rotation": 90, "texture": "#4"},
				"up": {"uv": [0, 0, 1, 1.075], "rotation": 90, "texture": "#4"},
				"down": {"uv": [0, 0, 1, 1.075], "rotation": 90, "texture": "#4"}
			}
		},
		{
			"from": [7.49277, 19.30618, 7.5],
			"to": [8.61777, 19.80618, 8.5],
			"rotation": {"angle": 22.5, "axis": "z", "origin": [7.97615, 15.93355, 8]},
			"faces": {
				"north": {"uv": [1, 1, 0, 0], "rotation": 90, "texture": "#4"},
				"east": {"uv": [0, 0, 1, 1.075], "rotation": 90, "texture": "#4"},
				"south": {"uv": [0, 0, 1, 1.075], "rotation": 90, "texture": "#4"},
				"west": {"uv": [0, 0, 1, 1.075], "rotation": 90, "texture": "#4"},
				"up": {"uv": [0, 0, 1, 1.075], "rotation": 90, "texture": "#4"},
				"down": {"uv": [0, 0, 1, 1.075], "rotation": 90, "texture": "#4"}
			}
		},
		{
			"from": [4.69148, 18.6256, 7.5],
			"to": [5.94148, 19.1256, 8.5],
			"rotation": {"angle": -22.5, "axis": "z", "origin": [7.97615, 15.93355, 8]},
			"faces": {
				"north": {"uv": [1, 1, 0, 0], "rotation": 90, "texture": "#4"},
				"east": {"uv": [0, 0, 1, 1.075], "rotation": 90, "texture": "#4"},
				"south": {"uv": [0, 0, 1, 1.075], "rotation": 90, "texture": "#4"},
				"west": {"uv": [0, 0, 1, 1.075], "rotation": 90, "texture": "#4"},
				"up": {"uv": [0, 0, 1, 1.075], "rotation": 90, "texture": "#4"},
				"down": {"uv": [0, 0, 1, 1.075], "rotation": 90, "texture": "#4"}
			}
		},
		{
			"from": [9.12341, 23.4411, 7.5],
			"to": [10.16091, 23.9411, 8.5],
			"rotation": {"angle": 22.5, "axis": "z", "origin": [7.97615, 15.93355, 8]},
			"faces": {
				"north": {"uv": [1, 1, 0, 0], "rotation": 90, "texture": "#4"},
				"east": {"uv": [0, 0, 1, 1.075], "rotation": 90, "texture": "#4"},
				"south": {"uv": [0, 0, 1, 1.075], "rotation": 90, "texture": "#4"},
				"west": {"uv": [0, 0, 1, 1.075], "rotation": 90, "texture": "#4"},
				"up": {"uv": [0, 0, 1, 1.075], "rotation": 90, "texture": "#4"},
				"down": {"uv": [0, 0, 1, 1.075], "rotation": 90, "texture": "#4"}
			}
		},
		{
			"from": [9.2063, 19.99839, 7.5],
			"to": [9.7063, 20.49839, 8.5],
			"rotation": {"angle": 45, "axis": "z", "origin": [7.97615, 15.93355, 8]},
			"faces": {
				"north": {"uv": [1, 0, 0, 1], "texture": "#4"},
				"east": {"uv": [0, 0, 1, 1.075], "rotation": 90, "texture": "#4"},
				"south": {"uv": [0, 0, 1, 1.075], "rotation": 90, "texture": "#4"},
				"west": {"uv": [0, 0, 1, 1.075], "rotation": 90, "texture": "#4"},
				"up": {"uv": [0, 0, 1, 1.075], "rotation": 90, "texture": "#4"},
				"down": {"uv": [0, 0, 1, 1.075], "rotation": 90, "texture": "#4"}
			}
		},
		{
			"from": [1.01717, 19.55783, 7.5],
			"to": [1.51717, 20.05783, 8.5],
			"rotation": {"angle": -45, "axis": "z", "origin": [7.97615, 15.93355, 8]},
			"faces": {
				"north": {"uv": [1, 0, 0, 1], "texture": "#4"},
				"east": {"uv": [0, 0, 1, 1.075], "rotation": 90, "texture": "#4"},
				"south": {"uv": [0, 0, 1, 1.075], "rotation": 90, "texture": "#4"},
				"west": {"uv": [0, 0, 1, 1.075], "rotation": 90, "texture": "#4"},
				"up": {"uv": [0, 0, 1, 1.075], "rotation": 90, "texture": "#4"},
				"down": {"uv": [0, 0, 1, 1.075], "rotation": 90, "texture": "#4"}
			}
		},
		{
			"from": [5.23548, 20.95567, 7.5],
			"to": [5.73548, 22.49317, 8.5],
			"rotation": {"angle": 0, "axis": "y", "origin": [7.97615, 15.93355, 8]},
			"faces": {
				"north": {"uv": [1, 0, 0, 1], "texture": "#4"},
				"east": {"uv": [0, 0, 1, 1.075], "rotation": 90, "texture": "#4"},
				"south": {"uv": [0, 0, 1, 1.075], "rotation": 90, "texture": "#4"},
				"west": {"uv": [0, 0, 1, 1.075], "rotation": 90, "texture": "#4"},
				"up": {"uv": [0, 0, 1, 1.075], "rotation": 90, "texture": "#4"},
				"down": {"uv": [0, 0, 1, 1.075], "rotation": 90, "texture": "#4"}
			}
		},
		{
			"from": [6.625, 23.7125, 7.5],
			"to": [7.125, 31.05, 8.5],
			"rotation": {"angle": 0, "axis": "y", "origin": [7.97615, 15.93355, 8]},
			"faces": {
				"north": {"uv": [1, 0, 0, 1], "texture": "#4"},
				"east": {"uv": [0, 0, 1, 1.075], "rotation": 90, "texture": "#4"},
				"south": {"uv": [0, 0, 1, 1.075], "rotation": 90, "texture": "#4"},
				"west": {"uv": [0, 0, 1, 1.075], "rotation": 90, "texture": "#4"},
				"up": {"uv": [0, 0, 1, 1.075], "rotation": 90, "texture": "#4"},
				"down": {"uv": [0, 0, 1, 1.075], "rotation": 90, "texture": "#4"}
			}
		},
		{
			"from": [6.66828, 15.90217, 7.75],
			"to": [7.71828, 16.82717, 8.25],
			"rotation": {"angle": 0, "axis": "y", "origin": [7.97615, 15.93355, 8]},
			"faces": {
				"north": {"uv": [0, 2, 1, 3.075], "rotation": 90, "texture": "#4"},
				"east": {"uv": [0, 2, 1, 3.075], "rotation": 90, "texture": "#4"},
				"south": {"uv": [0, 2, 1, 3.075], "rotation": 90, "texture": "#4"},
				"west": {"uv": [0, 2, 1, 3.075], "rotation": 90, "texture": "#4"},
				"up": {"uv": [0, 2, 1, 3.075], "rotation": 90, "texture": "#4"},
				"down": {"uv": [0, 2, 1, 3.075], "rotation": 90, "texture": "#4"}
			}
		},
		{
			"from": [6.82284, 16.57597, 7.75],
			"to": [7.99784, 17.75097, 8.25],
			"rotation": {"angle": 22.5, "axis": "z", "origin": [7.97615, 15.93355, 8]},
			"faces": {
				"north": {"uv": [0, 2, 1, 3.075], "rotation": 90, "texture": "#4"},
				"east": {"uv": [0, 2, 1, 3.075], "rotation": 90, "texture": "#4"},
				"south": {"uv": [0, 2, 1, 3.075], "rotation": 90, "texture": "#4"},
				"west": {"uv": [0, 2, 1, 3.075], "rotation": 90, "texture": "#4"},
				"up": {"uv": [0, 2, 1, 3.075], "rotation": 90, "texture": "#4"},
				"down": {"uv": [0, 2, 1, 3.075], "rotation": 90, "texture": "#4"}
			}
		},
		{
			"from": [4.75989, 16.48915, 7.75],
			"to": [6.30989, 16.86415, 8.25],
			"rotation": {"angle": -45, "axis": "z", "origin": [7.97615, 15.93355, 8]},
			"faces": {
				"north": {"uv": [1, 0, 0, 1], "texture": "#4"},
				"east": {"uv": [0, 0, 1, 1.075], "rotation": 90, "texture": "#4"},
				"south": {"uv": [0, 0, 1, 1.075], "rotation": 90, "texture": "#4"},
				"west": {"uv": [0, 0, 1, 1.075], "rotation": 90, "texture": "#4"},
				"up": {"uv": [0, 0, 1, 1.075], "rotation": 90, "texture": "#4"},
				"down": {"uv": [0, 0, 1, 1.075], "rotation": 90, "texture": "#4"}
			}
		},
		{
			"from": [3.63489, 15.98915, 7.75],
			"to": [6.43489, 16.48915, 8.25],
			"rotation": {"angle": -45, "axis": "z", "origin": [7.97615, 15.93355, 8]},
			"faces": {
				"north": {"uv": [0, 2, 1, 3.075], "rotation": 90, "texture": "#4"},
				"east": {"uv": [0, 2, 1, 3.075], "rotation": 90, "texture": "#4"},
				"south": {"uv": [0, 2, 1, 3.075], "rotation": 90, "texture": "#4"},
				"west": {"uv": [0, 2, 1, 3.075], "rotation": 90, "texture": "#4"},
				"up": {"uv": [0, 2, 1, 3.075], "rotation": 90, "texture": "#4"},
				"down": {"uv": [0, 2, 1, 3.075], "rotation": 90, "texture": "#4"}
			}
		},
		{
			"from": [2.50989, 15.48915, 7.75],
			"to": [6.43489, 15.98915, 8.25],
			"rotation": {"angle": -45, "axis": "z", "origin": [7.97615, 15.93355, 8]},
			"faces": {
				"north": {"uv": [0, 2, 1, 3.075], "rotation": 90, "texture": "#4"},
				"east": {"uv": [0, 2, 1, 3.075], "rotation": 90, "texture": "#4"},
				"south": {"uv": [0, 2, 1, 3.075], "rotation": 90, "texture": "#4"},
				"west": {"uv": [0, 2, 1, 3.075], "rotation": 90, "texture": "#4"},
				"up": {"uv": [0, 2, 1, 3.075], "rotation": 90, "texture": "#4"},
				"down": {"uv": [0, 2, 1, 3.075], "rotation": 90, "texture": "#4"}
			}
		},
		{
			"from": [7.69811, 16.11763, 7.5],
			"to": [8.19811, 17.90513, 8.5],
			"rotation": {"angle": 22.5, "axis": "z", "origin": [7.97615, 15.93355, 8]},
			"faces": {
				"north": {"uv": [1, 1, 0, 0], "rotation": 90, "texture": "#4"},
				"east": {"uv": [0, 0, 1, 1.075], "rotation": 90, "texture": "#4"},
				"south": {"uv": [0, 0, 1, 1.075], "rotation": 90, "texture": "#4"},
				"west": {"uv": [0, 0, 1, 1.075], "rotation": 90, "texture": "#4"},
				"up": {"uv": [0, 0, 1, 1.075], "rotation": 90, "texture": "#4"},
				"down": {"uv": [0, 0, 1, 1.075], "rotation": 90, "texture": "#4"}
			}
		},
		{
			"from": [4.56459, 16.3931, 7.5],
			"to": [6.23959, 16.8931, 8.5],
			"shade": false,
			"rotation": {"angle": -45, "axis": "z", "origin": [7.97615, 15.93355, 8]},
			"faces": {
				"north": {"uv": [1, 0, 0, 1], "texture": "#4"},
				"east": {"uv": [0, 0, 1, 1.075], "rotation": 90, "texture": "#4"},
				"south": {"uv": [0, 0, 1, 1.075], "rotation": 90, "texture": "#4"},
				"west": {"uv": [0, 0, 1, 1.075], "rotation": 90, "texture": "#4"},
				"up": {"uv": [0, 0, 1, 1.075], "rotation": 90, "texture": "#4"},
				"down": {"uv": [0, 0, 1, 1.075], "rotation": 90, "texture": "#4"}
			}
		},
		{
			"from": [2.42898, 17.6256, 7.5],
			"to": [5.19148, 18.1256, 8.5],
			"rotation": {"angle": -22.5, "axis": "z", "origin": [7.97615, 15.93355, 8]},
			"faces": {
				"north": {"uv": [1, 0, 0, 1], "texture": "#4"},
				"east": {"uv": [0, 0, 1, 1.075], "rotation": 90, "texture": "#4"},
				"south": {"uv": [0, 0, 1, 1.075], "rotation": 90, "texture": "#4"},
				"west": {"uv": [0, 0, 1, 1.075], "rotation": 90, "texture": "#4"},
				"up": {"uv": [0, 0, 1, 1.075], "rotation": 90, "texture": "#4"},
				"down": {"uv": [0, 0, 1, 1.075], "rotation": 90, "texture": "#4"}
			}
		},
		{
			"from": [3.5, 19.625, 7.5],
			"to": [4, 25, 8.5],
			"rotation": {"angle": 0, "axis": "y", "origin": [7.97615, 15.93355, 8]},
			"faces": {
				"north": {"uv": [1, 0, 0, 1], "texture": "#4"},
				"east": {"uv": [0, 0, 1, 1.075], "rotation": 90, "texture": "#4"},
				"south": {"uv": [0, 0, 1, 1.075], "rotation": 90, "texture": "#4"},
				"west": {"uv": [0, 0, 1, 1.075], "rotation": 90, "texture": "#4"},
				"up": {"uv": [0, 0, 1, 1.075], "rotation": 90, "texture": "#4"},
				"down": {"uv": [0, 0, 1, 1.075], "rotation": 90, "texture": "#4"}
			}
		},
		{
			"from": [7.79252, 15.71619, 7.5],
			"to": [8.29252, 16.21619, 8.5],
			"rotation": {"angle": 45, "axis": "z", "origin": [7.97615, 15.93355, 8]},
			"faces": {
				"north": {"uv": [1, 0, 0, 1], "texture": "#4"},
				"east": {"uv": [0, 0, 1, 1.075], "rotation": 90, "texture": "#4"},
				"south": {"uv": [0, 0, 1, 1.075], "rotation": 90, "texture": "#4"},
				"west": {"uv": [0, 0, 1, 1.075], "rotation": 90, "texture": "#4"},
				"up": {"uv": [0, 0, 1, 1.075], "rotation": 90, "texture": "#4"},
				"down": {"uv": [0, 0, 1, 1.075], "rotation": 90, "texture": "#4"}
			}
		},
		{
			"from": [2.74089, 17.37926, 7.75],
			"to": [3.66589, 17.87926, 8.25],
			"rotation": {"angle": -22.5, "axis": "z", "origin": [7.97615, 15.93355, 8]},
			"faces": {
				"north": {"uv": [0, 2, 1, 3.075], "rotation": 90, "texture": "#4"},
				"east": {"uv": [0, 2, 1, 3.075], "rotation": 90, "texture": "#4"},
				"south": {"uv": [0, 2, 1, 3.075], "rotation": 90, "texture": "#4"},
				"west": {"uv": [0, 2, 1, 3.075], "rotation": 90, "texture": "#4"},
				"up": {"uv": [0, 2, 1, 3.075], "rotation": 90, "texture": "#4"},
				"down": {"uv": [0, 2, 1, 3.075], "rotation": 90, "texture": "#4"}
			}
		},
		{
			"from": [12.61746, 30.22199, 7.5],
			"to": [12.97371, 30.57199, 8.5],
			"rotation": {"angle": 22.5, "axis": "z", "origin": [7.97615, 15.93355, 8]},
			"faces": {
				"north": {"uv": [0, 0, 0.7125, 0.7], "texture": "#4"},
				"east": {"uv": [0, 0, 2, 0.7], "texture": "#4"},
				"south": {"uv": [0, 0, 0.7125, 0.7], "texture": "#4"},
				"west": {"uv": [0, 0, 2, 0.7], "texture": "#4"},
				"up": {"uv": [0, 0, 0.7125, 2], "texture": "#4"},
				"down": {"uv": [0, 0, 0.7125, 2], "texture": "#4"}
			}
		},
		{
			"name": "portal_surface_left",
			"from": [4, 19.5, 7.75],
			"to": [6.5, 20, 8.25],
			"rotation": {"angle": 0, "axis": "y", "origin": [7.97615, 15.93355, 8]},
			"faces": {
				"north": {"uv": [11, 14, 16, 15], "texture": "#3"},
				"south": {"uv": [11, 14, 16, 15], "texture": "#3"}
			}
		},
		{
			"name": "portal_surface_left",
			"from": [5, 19, 7.75],
			"to": [6.5, 19.5, 8.25],
			"rotation": {"angle": 0, "axis": "y", "origin": [7.97615, 15.93355, 8]},
			"faces": {
				"north": {"uv": [11, 15, 14, 16], "texture": "#3"},
				"south": {"uv": [11, 15, 14, 16], "texture": "#3"}
			}
		},
		{
			"name": "portal_surface_left",
			"from": [4, 20, 7.75],
			"to": [5.9625, 20.5, 8.25],
			"rotation": {"angle": 0, "axis": "y", "origin": [7.97615, 15.93355, 8]},
			"faces": {
				"north": {"uv": [12, 13, 16, 14], "texture": "#3"},
				"south": {"uv": [12, 13, 16, 14], "texture": "#3"}
			}
		},
		{
			"name": "portal_surface_left",
			"from": [4, 20.5, 7.75],
			"to": [5.5, 23, 8.25],
			"rotation": {"angle": 0, "axis": "y", "origin": [7.97615, 15.93355, 8]},
			"faces": {
				"north": {"uv": [13, 8, 16, 13], "texture": "#3"},
				"south": {"uv": [13, 8, 16, 13], "texture": "#3"}
			}
		},
		{
			"name": "portal_surface_left",
			"from": [4, 23, 7.75],
			"to": [5.975, 23.5, 8.25],
			"rotation": {"angle": 0, "axis": "y", "origin": [7.97615, 15.93355, 8]},
			"faces": {
				"north": {"uv": [12, 7, 16, 8], "texture": "#3"},
				"south": {"uv": [12, 7, 16, 8], "texture": "#3"}
			}
		},
		{
			"name": "portal_surface_left",
			"from": [4, 23.5, 7.75],
			"to": [6.5, 24, 8.25],
			"rotation": {"angle": 0, "axis": "y", "origin": [7.97615, 15.93355, 8]},
			"faces": {
				"north": {"uv": [11, 6, 16, 7], "texture": "#3"},
				"south": {"uv": [11, 6, 16, 7], "texture": "#3"}
			}
		},
		{
			"name": "portal_surface_left",
			"from": [4, 24, 7.75],
			"to": [7, 26, 8.25],
			"rotation": {"angle": 0, "axis": "y", "origin": [7.97615, 15.93355, 8]},
			"faces": {
				"north": {"uv": [10, 2, 16, 6], "texture": "#3"},
				"south": {"uv": [10, 2, 16, 6], "texture": "#3"}
			}
		},
		{
			"name": "portal_surface_left",
			"from": [4.45, 26, 7.75],
			"to": [7, 27, 8.25],
			"rotation": {"angle": 0, "axis": "y", "origin": [7.97615, 15.93355, 8]},
			"faces": {
				"north": {"uv": [10, 0, 15, 2], "texture": "#3"},
				"south": {"uv": [10, 0, 15, 2], "texture": "#3"}
			}
		},
		{
			"name": "portal_surface_left",
			"from": [5, 27, 7.75],
			"to": [7, 27.5, 8.25],
			"rotation": {"angle": 0, "axis": "y", "origin": [7.97615, 15.93355, 8]},
			"faces": {
				"north": {"uv": [10, 15, 14, 16], "texture": "#3"},
				"south": {"uv": [10, 15, 14, 16], "texture": "#3"}
			}
		},
		{
			"name": "portal_surface_left",
			"from": [5.625, 27.5, 7.75],
			"to": [7, 28.5, 8.25],
			"rotation": {"angle": 0, "axis": "y", "origin": [7.97615, 15.93355, 8]},
			"faces": {
				"north": {"uv": [10, 13, 13, 15], "texture": "#3"},
				"south": {"uv": [10, 13, 13, 15], "texture": "#3"}
			}
		},
		{
			"name": "portal_surface_left",
			"from": [6, 28.5, 7.75],
			"to": [7, 29.5, 8.25],
			"rotation": {"angle": 0, "axis": "y", "origin": [7.97615, 15.93355, 8]},
			"faces": {
				"north": {"uv": [10, 11, 12, 13], "texture": "#3"},
				"south": {"uv": [10, 11, 12, 13], "texture": "#3"}
			}
		},
		{
			"name": "portal_surface_left",
			"from": [6.5, 29.5, 7.75],
			"to": [7, 30, 8.25],
			"rotation": {"angle": 0, "axis": "y", "origin": [7.97615, 15.93355, 8]},
			"faces": {
				"north": {"uv": [10, 10, 11, 11], "texture": "#3"},
				"south": {"uv": [10, 10, 11, 11], "texture": "#3"}
			}
		},
		{
			"name": "portal_surface_middle",
			"from": [7.025, 17.5, 7.75],
			"to": [8.975, 18, 8.25],
			"rotation": {"angle": 0, "axis": "y", "origin": [7.97615, 15.93355, 8]},
			"faces": {
				"north": {"uv": [6, 13, 10, 14], "texture": "#3"},
				"south": {"uv": [6, 13, 10, 14], "texture": "#3"}
			}
		},
		{
			"name": "portal_surface_middle",
			"from": [6.55, 18, 7.75],
			"to": [9.45, 18.5, 8.25],
			"rotation": {"angle": 0, "axis": "y", "origin": [7.97615, 15.93355, 8]},
			"faces": {
				"north": {"uv": [5, 12, 11, 13], "texture": "#3"},
				"south": {"uv": [5, 12, 11, 13], "texture": "#3"}
			}
		},
		{
			"name": "portal_surface_middle",
			"from": [6.05, 18.5, 7.75],
			"to": [9.9375, 19, 8.25],
			"rotation": {"angle": 0, "axis": "y", "origin": [7.97615, 15.93355, 8]},
			"faces": {
				"north": {"uv": [4, 11, 12, 12], "texture": "#3"},
				"south": {"uv": [4, 11, 12, 12], "texture": "#3"}
			}
		},
		{
			"name": "portal_surface_middle",
			"from": [6.5, 19, 7.75],
			"to": [9.5, 19.5, 8.25],
			"rotation": {"angle": 0, "axis": "y", "origin": [7.97615, 15.93355, 8]},
			"faces": {
				"north": {"uv": [5, 10, 11, 11], "texture": "#3"},
				"south": {"uv": [5, 10, 11, 11], "texture": "#3"}
			}
		},
		{
			"name": "portal_surface_middle",
			"from": [7.5, 16.5, 7.75],
			"to": [8.5, 17.5, 8.25],
			"rotation": {"angle": 0, "axis": "y", "origin": [7.97615, 15.93355, 8]},
			"faces": {
				"north": {"uv": [7, 14, 9, 16], "texture": "#3"},
				"south": {"uv": [7, 14, 9, 16], "texture": "#3"}
			}
		},
		{
			"from": [6.96093, 19.19932, 7.5],
			"to": [8.99843, 19.69932, 8.5],
			"rotation": {"angle": 0, "axis": "y", "origin": [7.97615, 15.93355, 8]},
			"faces": {
				"north": {"uv": [0, 0, 1, 1.075], "rotation": 90, "texture": "#4"},
				"east": {"uv": [0, 0, 1, 1.075], "rotation": 90, "texture": "#4"},
				"south": {"uv": [0, 0, 1, 1.075], "rotation": 90, "texture": "#4"},
				"west": {"uv": [0, 0, 1, 1.075], "rotation": 90, "texture": "#4"},
				"up": {"uv": [0, 0, 1, 1.075], "rotation": 90, "texture": "#4"},
				"down": {"uv": [0, 0, 1, 1.075], "rotation": 90, "texture": "#4"}
			}
		},
		{
			"from": [17.85131, 20.99341, 7.5],
			"to": [18.35131, 22.49341, 8.5],
			"rotation": {"angle": 45, "axis": "z", "origin": [7.97615, 15.93355, 8]},
			"faces": {
				"north": {"uv": [0, 0, 1, 1.075], "rotation": 90, "texture": "#4"},
				"east": {"uv": [0, 0, 1, 1.075], "rotation": 90, "texture": "#4"},
				"south": {"uv": [0, 0, 1, 1.075], "rotation": 90, "texture": "#4"},
				"west": {"uv": [0, 0, 1, 1.075], "rotation": 90, "texture": "#4"},
				"up": {"uv": [0, 0, 1, 1.075], "rotation": 90, "texture": "#4"},
				"down": {"uv": [0, 0, 1, 1.075], "rotation": 90, "texture": "#4"}
			}
		},
		{
			"from": [12, 19.625, 7.5],
			"to": [12.5, 25, 8.5],
			"rotation": {"angle": 0, "axis": "y", "origin": [7.97615, 15.93355, 8]},
			"faces": {
				"north": {"uv": [0, 0, 1, 1.075], "rotation": 90, "texture": "#4"},
				"east": {"uv": [0, 0, 1, 1.075], "rotation": 90, "texture": "#4"},
				"south": {"uv": [0, 0, 1, 1.075], "rotation": 90, "texture": "#4"},
				"west": {"uv": [0, 0, 1, 1.075], "rotation": 90, "texture": "#4"},
				"up": {"uv": [0, 0, 1, 1.075], "rotation": 90, "texture": "#4"},
				"down": {"uv": [0, 0, 1, 1.075], "rotation": 90, "texture": "#4"}
			}
		},
		{
			"from": [12.5, 19.625, 7.875],
			"to": [12.625, 25, 8.125],
			"rotation": {"angle": 0, "axis": "y", "origin": [7.97615, 15.93355, 8]},
			"faces": {
				"north": {"uv": [0, 4, 1, 5.075], "rotation": 90, "texture": "#4"},
				"east": {"uv": [0, 4, 1, 5.075], "rotation": 90, "texture": "#4"},
				"south": {"uv": [0, 4, 1, 5.075], "rotation": 90, "texture": "#4"},
				"west": {"uv": [0, 4, 1, 5.075], "rotation": 90, "texture": "#4"},
				"up": {"uv": [0, 4, 1, 5.075], "rotation": 90, "texture": "#4"},
				"down": {"uv": [0, 4, 1, 5.075], "rotation": 90, "texture": "#4"}
			}
		},
		{
			"from": [3.375, 19.625, 7.875],
			"to": [3.5, 25, 8.125],
			"rotation": {"angle": 0, "axis": "y", "origin": [7.97615, 15.93355, 8]},
			"faces": {
				"north": {"uv": [0, 4, 1, 5.075], "rotation": 90, "texture": "#4"},
				"east": {"uv": [0, 4, 1, 5.075], "rotation": 90, "texture": "#4"},
				"south": {"uv": [0, 4, 1, 5.075], "rotation": 90, "texture": "#4"},
				"west": {"uv": [0, 4, 1, 5.075], "rotation": 90, "texture": "#4"},
				"up": {"uv": [0, 4, 1, 5.075], "rotation": 90, "texture": "#4"},
				"down": {"uv": [0, 4, 1, 5.075], "rotation": 90, "texture": "#4"}
			}
		},
		{
			"from": [7.3329, 21.2973, 7.875],
			"to": [7.7079, 21.7973, 8.125],
			"rotation": {"angle": 45, "axis": "z", "origin": [7.97615, 15.93355, 8]},
			"faces": {
				"north": {"uv": [0, 4, 1, 5.075], "rotation": 90, "texture": "#4"},
				"east": {"uv": [0, 4, 1, 5.075], "rotation": 90, "texture": "#4"},
				"south": {"uv": [0, 4, 1, 5.075], "rotation": 90, "texture": "#4"},
				"west": {"uv": [0, 4, 1, 5.075], "rotation": 90, "texture": "#4"},
				"up": {"uv": [0, 4, 1, 5.075], "rotation": 90, "texture": "#4"},
				"down": {"uv": [0, 4, 1, 5.075], "rotation": 90, "texture": "#4"}
			}
		},
		{
			"from": [0.25566, 22.54907, 7.875],
			"to": [0.38066, 24.62407, 8.125],
			"rotation": {"angle": -22.5, "axis": "z", "origin": [7.97615, 15.93355, 8]},
			"faces": {
				"north": {"uv": [0, 4, 1, 5.075], "rotation": 90, "texture": "#4"},
				"east": {"uv": [0, 4, 1, 5.075], "rotation": 90, "texture": "#4"},
				"south": {"uv": [0, 4, 1, 5.075], "rotation": 90, "texture": "#4"},
				"west": {"uv": [0, 4, 1, 5.075], "rotation": 90, "texture": "#4"},
				"up": {"uv": [0, 4, 1, 5.075], "rotation": 90, "texture": "#4"},
				"down": {"uv": [0, 4, 1, 5.075], "rotation": 90, "texture": "#4"}
			}
		},
		{
			"from": [0.80098, 25.82578, 7.875],
			"to": [0.92598, 29.56328, 8.125],
			"rotation": {"angle": -22.5, "axis": "z", "origin": [7.97615, 15.93355, 8]},
			"faces": {
				"north": {"uv": [0, 4, 1, 5.075], "rotation": 90, "texture": "#4"},
				"east": {"uv": [0, 4, 1, 5.075], "rotation": 90, "texture": "#4"},
				"south": {"uv": [0, 4, 1, 5.075], "rotation": 90, "texture": "#4"},
				"west": {"uv": [0, 4, 1, 5.075], "rotation": 90, "texture": "#4"},
				"up": {"uv": [0, 4, 1, 5.075], "rotation": 90, "texture": "#4"},
				"down": {"uv": [0, 4, 1, 5.075], "rotation": 90, "texture": "#4"}
			}
		},
		{
			"from": [-2.48237, 21.00804, 7.875],
			"to": [-2.33237, 22.43304, 8.125],
			"rotation": {"angle": -45, "axis": "z", "origin": [7.97615, 15.93355, 8]},
			"faces": {
				"north": {"uv": [0, 4, 1, 5.075], "rotation": 90, "texture": "#4"},
				"east": {"uv": [0, 4, 1, 5.075], "rotation": 90, "texture": "#4"},
				"south": {"uv": [0, 4, 1, 5.075], "rotation": 90, "texture": "#4"},
				"west": {"uv": [0, 4, 1, 5.075], "rotation": 90, "texture": "#4"},
				"up": {"uv": [0, 4, 1, 5.075], "rotation": 90, "texture": "#4"},
				"down": {"uv": [0, 4, 1, 5.075], "rotation": 90, "texture": "#4"}
			}
		},
		{
			"from": [8.40313, 21.40603, 7.875],
			"to": [8.65313, 21.83103, 8.125],
			"rotation": {"angle": -45, "axis": "z", "origin": [7.97615, 15.93355, 8]},
			"faces": {
				"north": {"uv": [0, 4, 1, 5.075], "rotation": 90, "texture": "#4"},
				"east": {"uv": [0, 4, 1, 5.075], "rotation": 90, "texture": "#4"},
				"south": {"uv": [0, 4, 1, 5.075], "rotation": 90, "texture": "#4"},
				"west": {"uv": [0, 4, 1, 5.075], "rotation": 90, "texture": "#4"},
				"up": {"uv": [0, 4, 1, 5.075], "rotation": 90, "texture": "#4"},
				"down": {"uv": [0, 4, 1, 5.075], "rotation": 90, "texture": "#4"}
			}
		},
		{
			"from": [15.61571, 22.53082, 7.875],
			"to": [15.74071, 24.60582, 8.125],
			"rotation": {"angle": 22.5, "axis": "z", "origin": [7.97615, 15.93355, 8]},
			"faces": {
				"north": {"uv": [0, 4, 1, 5.075], "rotation": 90, "texture": "#4"},
				"east": {"uv": [0, 4, 1, 5.075], "rotation": 90, "texture": "#4"},
				"south": {"uv": [0, 4, 1, 5.075], "rotation": 90, "texture": "#4"},
				"west": {"uv": [0, 4, 1, 5.075], "rotation": 90, "texture": "#4"},
				"up": {"uv": [0, 4, 1, 5.075], "rotation": 90, "texture": "#4"},
				"down": {"uv": [0, 4, 1, 5.075], "rotation": 90, "texture": "#4"}
			}
		},
		{
			"from": [18.3434, 20.97432, 7.875],
			"to": [18.4684, 22.39932, 8.125],
			"rotation": {"angle": 45, "axis": "z", "origin": [7.97615, 15.93355, 8]},
			"faces": {
				"north": {"uv": [0, 4, 1, 5.075], "rotation": 90, "texture": "#4"},
				"east": {"uv": [0, 4, 1, 5.075], "rotation": 90, "texture": "#4"},
				"south": {"uv": [0, 4, 1, 5.075], "rotation": 90, "texture": "#4"},
				"west": {"uv": [0, 4, 1, 5.075], "rotation": 90, "texture": "#4"},
				"up": {"uv": [0, 4, 1, 5.075], "rotation": 90, "texture": "#4"},
				"down": {"uv": [0, 4, 1, 5.075], "rotation": 90, "texture": "#4"}
			}
		},
		{
			"from": [15.07039, 25.79735, 7.875],
			"to": [15.19539, 29.54735, 8.125],
			"rotation": {"angle": 22.5, "axis": "z", "origin": [7.97615, 15.93355, 8]},
			"faces": {
				"north": {"uv": [0, 4, 1, 5.075], "rotation": 90, "texture": "#4"},
				"east": {"uv": [0, 4, 1, 5.075], "rotation": 90, "texture": "#4"},
				"south": {"uv": [0, 4, 1, 5.075], "rotation": 90, "texture": "#4"},
				"west": {"uv": [0, 4, 1, 5.075], "rotation": 90, "texture": "#4"},
				"up": {"uv": [0, 4, 1, 5.075], "rotation": 90, "texture": "#4"},
				"down": {"uv": [0, 4, 1, 5.075], "rotation": 90, "texture": "#4"}
			}
		},
		{
			"from": [9.06108, 31.14874, 7.875],
			"to": [9.43608, 31.27374, 8.125],
			"rotation": {"angle": 0, "axis": "z", "origin": [7.97615, 15.93355, 8]},
			"faces": {
				"north": {"uv": [0, 4, 1, 5.075], "rotation": 180, "texture": "#4"},
				"east": {"uv": [0, 4, 1, 5.075], "texture": "#4"},
				"south": {"uv": [0, 4, 1, 5.075], "texture": "#4"},
				"west": {"uv": [0, 4, 1, 5.075], "texture": "#4"},
				"up": {"uv": [0, 4, 1, 5.075], "texture": "#4"},
				"down": {"uv": [0, 4, 1, 5.075], "texture": "#4"}
			}
		},
		{
			"from": [6.56303, 31.14659, 7.875],
			"to": [6.93803, 31.27159, 8.125],
			"rotation": {"angle": 0, "axis": "z", "origin": [7.97615, 15.93355, 8]},
			"faces": {
				"north": {"uv": [0, 4, 1, 5.075], "rotation": 180, "texture": "#4"},
				"east": {"uv": [0, 4, 1, 5.075], "texture": "#4"},
				"south": {"uv": [0, 4, 1, 5.075], "texture": "#4"},
				"west": {"uv": [0, 4, 1, 5.075], "texture": "#4"},
				"up": {"uv": [0, 4, 1, 5.075], "texture": "#4"},
				"down": {"uv": [0, 4, 1, 5.075], "texture": "#4"}
			}
		},
		{
			"from": [12.5, 19.625, 7.875],
			"to": [12.625, 25, 8.125],
			"rotation": {"angle": 0, "axis": "y", "origin": [7.97615, 15.93355, 8]},
			"faces": {
				"north": {"uv": [0, 4, 1, 5.075], "rotation": 90, "texture": "#4"},
				"east": {"uv": [0, 4, 1, 5.075], "rotation": 90, "texture": "#4"},
				"south": {"uv": [0, 4, 1, 5.075], "rotation": 90, "texture": "#4"},
				"west": {"uv": [0, 4, 1, 5.075], "rotation": 90, "texture": "#4"},
				"up": {"uv": [0, 4, 1, 5.075], "rotation": 90, "texture": "#4"},
				"down": {"uv": [0, 4, 1, 5.075], "rotation": 90, "texture": "#4"}
			}
		},
		{
			"from": [10.80489, 17.60735, 7.5],
			"to": [13.56739, 18.10735, 8.5],
			"rotation": {"angle": 22.5, "axis": "z", "origin": [7.97615, 15.93355, 8]},
			"faces": {
				"north": {"uv": [0, 0, 1, 1.075], "rotation": 90, "texture": "#4"},
				"east": {"uv": [0, 0, 1, 1.075], "rotation": 90, "texture": "#4"},
				"south": {"uv": [0, 0, 1, 1.075], "rotation": 90, "texture": "#4"},
				"west": {"uv": [0, 0, 1, 1.075], "rotation": 90, "texture": "#4"},
				"up": {"uv": [0, 0, 1, 1.075], "rotation": 90, "texture": "#4"},
				"down": {"uv": [0, 0, 1, 1.075], "rotation": 90, "texture": "#4"}
			}
		},
		{
			"from": [9.74644, 16.35937, 7.5],
			"to": [11.42144, 16.85937, 8.5],
			"rotation": {"angle": 45, "axis": "z", "origin": [7.97615, 15.93355, 8]},
			"faces": {
				"north": {"uv": [0, 0, 1, 1.075], "rotation": 90, "texture": "#4"},
				"east": {"uv": [0, 0, 1, 1.075], "rotation": 90, "texture": "#4"},
				"south": {"uv": [0, 0, 1, 1.075], "rotation": 90, "texture": "#4"},
				"west": {"uv": [0, 0, 1, 1.075], "rotation": 90, "texture": "#4"},
				"up": {"uv": [0, 0, 1, 1.075], "rotation": 90, "texture": "#4"},
				"down": {"uv": [0, 0, 1, 1.075], "rotation": 90, "texture": "#4"}
			}
		},
		{
			"from": [7.79826, 16.13588, 7.5],
			"to": [8.29826, 17.92338, 8.5],
			"rotation": {"angle": -22.5, "axis": "z", "origin": [7.97615, 15.93355, 8]},
			"faces": {
				"north": {"uv": [0, 0, 1, 1.075], "rotation": 90, "texture": "#4"},
				"east": {"uv": [0, 0, 1, 1.075], "rotation": 90, "texture": "#4"},
				"south": {"uv": [0, 0, 1, 1.075], "rotation": 90, "texture": "#4"},
				"west": {"uv": [0, 0, 1, 1.075], "rotation": 90, "texture": "#4"},
				"up": {"uv": [0, 0, 1, 1.075], "rotation": 90, "texture": "#4"},
				"down": {"uv": [0, 0, 1, 1.075], "rotation": 90, "texture": "#4"}
			}
		},
		{
			"from": [9.55114, 15.45543, 7.75],
			"to": [13.47614, 15.95543, 8.25],
			"rotation": {"angle": 45, "axis": "z", "origin": [7.97615, 15.93355, 8]},
			"faces": {
				"north": {"uv": [0, 2, 1, 3.075], "rotation": 90, "texture": "#4"},
				"east": {"uv": [0, 2, 1, 3.075], "rotation": 90, "texture": "#4"},
				"south": {"uv": [0, 2, 1, 3.075], "rotation": 90, "texture": "#4"},
				"west": {"uv": [0, 2, 1, 3.075], "rotation": 90, "texture": "#4"},
				"up": {"uv": [0, 2, 1, 3.075], "rotation": 90, "texture": "#4"},
				"down": {"uv": [0, 2, 1, 3.075], "rotation": 90, "texture": "#4"}
			}
		},
		{
			"from": [12.36494, 17.39654, 7.75],
			"to": [13.28994, 17.89654, 8.25],
			"rotation": {"angle": 22.5, "axis": "z", "origin": [7.97615, 15.93355, 8]},
			"faces": {
				"north": {"uv": [0, 2, 1, 3.075], "rotation": 90, "texture": "#4"},
				"east": {"uv": [0, 2, 1, 3.075], "rotation": 90, "texture": "#4"},
				"south": {"uv": [0, 2, 1, 3.075], "rotation": 90, "texture": "#4"},
				"west": {"uv": [0, 2, 1, 3.075], "rotation": 90, "texture": "#4"},
				"up": {"uv": [0, 2, 1, 3.075], "rotation": 90, "texture": "#4"},
				"down": {"uv": [0, 2, 1, 3.075], "rotation": 90, "texture": "#4"}
			}
		},
		{
			"from": [9.55114, 15.95543, 7.75],
			"to": [12.35114, 16.45543, 8.25],
			"rotation": {"angle": 45, "axis": "z", "origin": [7.97615, 15.93355, 8]},
			"faces": {
				"north": {"uv": [0, 2, 1, 3.075], "rotation": 90, "texture": "#4"},
				"east": {"uv": [0, 2, 1, 3.075], "rotation": 90, "texture": "#4"},
				"south": {"uv": [0, 2, 1, 3.075], "rotation": 90, "texture": "#4"},
				"west": {"uv": [0, 2, 1, 3.075], "rotation": 90, "texture": "#4"},
				"up": {"uv": [0, 2, 1, 3.075], "rotation": 90, "texture": "#4"},
				"down": {"uv": [0, 2, 1, 3.075], "rotation": 90, "texture": "#4"}
			}
		},
		{
			"from": [9.67614, 16.45543, 7.75],
			"to": [11.22614, 16.83043, 8.25],
			"rotation": {"angle": 45, "axis": "z", "origin": [7.97615, 15.93355, 8]},
			"faces": {
				"north": {"uv": [0, 0, 1, 1.075], "rotation": 90, "texture": "#4"},
				"east": {"uv": [0, 0, 1, 1.075], "rotation": 90, "texture": "#4"},
				"south": {"uv": [0, 0, 1, 1.075], "rotation": 90, "texture": "#4"},
				"west": {"uv": [0, 0, 1, 1.075], "rotation": 90, "texture": "#4"},
				"up": {"uv": [0, 0, 1, 1.075], "rotation": 90, "texture": "#4"},
				"down": {"uv": [0, 0, 1, 1.075], "rotation": 90, "texture": "#4"}
			}
		},
		{
			"from": [7.99853, 16.59423, 7.75],
			"to": [9.17353, 17.76923, 8.25],
			"rotation": {"angle": -22.5, "axis": "z", "origin": [7.97615, 15.93355, 8]},
			"faces": {
				"north": {"uv": [0, 2, 1, 3.075], "rotation": 90, "texture": "#4"},
				"east": {"uv": [0, 2, 1, 3.075], "rotation": 90, "texture": "#4"},
				"south": {"uv": [0, 2, 1, 3.075], "rotation": 90, "texture": "#4"},
				"west": {"uv": [0, 2, 1, 3.075], "rotation": 90, "texture": "#4"},
				"up": {"uv": [0, 2, 1, 3.075], "rotation": 90, "texture": "#4"},
				"down": {"uv": [0, 2, 1, 3.075], "rotation": 90, "texture": "#4"}
			}
		},
		{
			"from": [8.28172, 15.90217, 7.75],
			"to": [9.33172, 16.82717, 8.25],
			"rotation": {"angle": 0, "axis": "y", "origin": [7.97615, 15.93355, 8]},
			"faces": {
				"north": {"uv": [0, 2, 1, 3.075], "rotation": 90, "texture": "#4"},
				"east": {"uv": [0, 2, 1, 3.075], "rotation": 90, "texture": "#4"},
				"south": {"uv": [0, 2, 1, 3.075], "rotation": 90, "texture": "#4"},
				"west": {"uv": [0, 2, 1, 3.075], "rotation": 90, "texture": "#4"},
				"up": {"uv": [0, 2, 1, 3.075], "rotation": 90, "texture": "#4"},
				"down": {"uv": [0, 2, 1, 3.075], "rotation": 90, "texture": "#4"}
			}
		},
		{
			"from": [8.875, 23.7125, 7.5],
			"to": [9.375, 30.5, 8.5],
			"rotation": {"angle": 0, "axis": "y", "origin": [7.97615, 15.93355, 8]},
			"faces": {
				"north": {"uv": [0, 0, 1, 1.075], "rotation": 90, "texture": "#4"},
				"east": {"uv": [0, 0, 1, 1.075], "rotation": 90, "texture": "#4"},
				"south": {"uv": [0, 0, 1, 1.075], "rotation": 90, "texture": "#4"},
				"west": {"uv": [0, 0, 1, 1.075], "rotation": 90, "texture": "#4"},
				"up": {"uv": [0, 0, 1, 1.075], "rotation": 90, "texture": "#4"},
				"down": {"uv": [0, 0, 1, 1.075], "rotation": 90, "texture": "#4"}
			}
		},
		{
			"from": [8.875, 30.5, 7.5],
			"to": [9.375, 31.05, 8.5],
			"rotation": {"angle": 0, "axis": "y", "origin": [7.97615, 15.93355, 8]},
			"faces": {
				"north": {"uv": [0, 0, 1, 1.075], "rotation": 90, "texture": "#4"},
				"east": {"uv": [0, 0, 1, 1.075], "rotation": 90, "texture": "#4"},
				"south": {"uv": [0, 0, 1, 1.075], "rotation": 90, "texture": "#4"},
				"west": {"uv": [0, 0, 1, 1.075], "rotation": 90, "texture": "#4"},
				"up": {"uv": [0, 0, 1, 1.075], "rotation": 90, "texture": "#4"},
				"down": {"uv": [0, 0, 1, 1.075], "rotation": 90, "texture": "#4"}
			}
		},
		{
			"from": [10.26452, 20.95567, 7.5],
			"to": [10.76452, 22.49317, 8.5],
			"rotation": {"angle": 0, "axis": "y", "origin": [7.97615, 15.93355, 8]},
			"faces": {
				"north": {"uv": [0, 0, 1, 1.075], "rotation": 90, "texture": "#4"},
				"east": {"uv": [0, 0, 1, 1.075], "rotation": 90, "texture": "#4"},
				"south": {"uv": [0, 0, 1, 1.075], "rotation": 90, "texture": "#4"},
				"west": {"uv": [0, 0, 1, 1.075], "rotation": 90, "texture": "#4"},
				"up": {"uv": [0, 0, 1, 1.075], "rotation": 90, "texture": "#4"},
				"down": {"uv": [0, 0, 1, 1.075], "rotation": 90, "texture": "#4"}
			}
		},
		{
			"from": [14.46886, 19.5241, 7.5],
			"to": [14.96886, 20.0241, 8.5],
			"rotation": {"angle": 45, "axis": "z", "origin": [7.97615, 15.93355, 8]},
			"faces": {
				"north": {"uv": [0, 0, 1, 1.075], "rotation": 90, "texture": "#4"},
				"east": {"uv": [0, 0, 1, 1.075], "rotation": 90, "texture": "#4"},
				"south": {"uv": [0, 0, 1, 1.075], "rotation": 90, "texture": "#4"},
				"west": {"uv": [0, 0, 1, 1.075], "rotation": 90, "texture": "#4"},
				"up": {"uv": [0, 0, 1, 1.075], "rotation": 90, "texture": "#4"},
				"down": {"uv": [0, 0, 1, 1.075], "rotation": 90, "texture": "#4"}
			}
		},
		{
			"from": [6.27973, 20.03212, 7.5],
			"to": [6.77973, 20.53212, 8.5],
			"rotation": {"angle": -45, "axis": "z", "origin": [7.97615, 15.93355, 8]},
			"faces": {
				"north": {"uv": [0, 0, 1, 1.075], "rotation": 90, "texture": "#4"},
				"east": {"uv": [0, 0, 1, 1.075], "rotation": 90, "texture": "#4"},
				"south": {"uv": [0, 0, 1, 1.075], "rotation": 90, "texture": "#4"},
				"west": {"uv": [0, 0, 1, 1.075], "rotation": 90, "texture": "#4"},
				"up": {"uv": [0, 0, 1, 1.075], "rotation": 90, "texture": "#4"},
				"down": {"uv": [0, 0, 1, 1.075], "rotation": 90, "texture": "#4"}
			}
		},
		{
			"from": [5.83546, 23.45935, 7.5],
			"to": [6.87296, 23.95935, 8.5],
			"rotation": {"angle": -22.5, "axis": "z", "origin": [7.97615, 15.93355, 8]},
			"faces": {
				"north": {"uv": [0, 0, 1, 1.075], "rotation": 90, "texture": "#4"},
				"east": {"uv": [0, 0, 1, 1.075], "rotation": 90, "texture": "#4"},
				"south": {"uv": [0, 0, 1, 1.075], "rotation": 90, "texture": "#4"},
				"west": {"uv": [0, 0, 1, 1.075], "rotation": 90, "texture": "#4"},
				"up": {"uv": [0, 0, 1, 1.075], "rotation": 90, "texture": "#4"},
				"down": {"uv": [0, 0, 1, 1.075], "rotation": 90, "texture": "#4"}
			}
		},
		{
			"from": [10.05489, 18.60735, 7.5],
			"to": [11.30489, 19.10735, 8.5],
			"rotation": {"angle": 22.5, "axis": "z", "origin": [7.97615, 15.93355, 8]},
			"faces": {
				"north": {"uv": [0, 0, 1, 1.075], "rotation": 90, "texture": "#4"},
				"east": {"uv": [0, 0, 1, 1.075], "rotation": 90, "texture": "#4"},
				"south": {"uv": [0, 0, 1, 1.075], "rotation": 90, "texture": "#4"},
				"west": {"uv": [0, 0, 1, 1.075], "rotation": 90, "texture": "#4"},
				"up": {"uv": [0, 0, 1, 1.075], "rotation": 90, "texture": "#4"},
				"down": {"uv": [0, 0, 1, 1.075], "rotation": 90, "texture": "#4"}
			}
		},
		{
			"from": [7.3786, 19.32443, 7.5],
			"to": [8.5036, 19.82443, 8.5],
			"rotation": {"angle": -22.5, "axis": "z", "origin": [7.97615, 15.93355, 8]},
			"faces": {
				"north": {"uv": [0, 0, 1, 1.075], "rotation": 90, "texture": "#4"},
				"east": {"uv": [0, 0, 1, 1.075], "rotation": 90, "texture": "#4"},
				"south": {"uv": [0, 0, 1, 1.075], "rotation": 90, "texture": "#4"},
				"west": {"uv": [0, 0, 1, 1.075], "rotation": 90, "texture": "#4"},
				"up": {"uv": [0, 0, 1, 1.075], "rotation": 90, "texture": "#4"},
				"down": {"uv": [0, 0, 1, 1.075], "rotation": 90, "texture": "#4"}
			}
		},
		{
			"from": [9.76108, 18.86447, 7.5],
			"to": [10.63608, 19.36447, 8.5],
			"rotation": {"angle": 0, "axis": "y", "origin": [7.97615, 15.93355, 8]},
			"faces": {
				"north": {"uv": [0, 0, 1, 1.075], "rotation": 90, "texture": "#4"},
				"east": {"uv": [0, 0, 1, 1.075], "rotation": 90, "texture": "#4"},
				"south": {"uv": [0, 0, 1, 1.075], "rotation": 90, "texture": "#4"},
				"west": {"uv": [0, 0, 1, 1.075], "rotation": 90, "texture": "#4"},
				"up": {"uv": [0, 0, 1, 1.075], "rotation": 90, "texture": "#4"},
				"down": {"uv": [0, 0, 1, 1.075], "rotation": 90, "texture": "#4"}
			}
		},
		{
			"from": [12.56252, 20.92678, 7.5],
			"to": [13.06252, 21.92678, 8.5],
			"rotation": {"angle": 22.5, "axis": "z", "origin": [7.97615, 15.93355, 8]},
			"faces": {
				"north": {"uv": [0, 0, 1, 1.075], "rotation": 90, "texture": "#4"},
				"east": {"uv": [0, 0, 1, 1.075], "rotation": 90, "texture": "#4"},
				"south": {"uv": [0, 0, 1, 1.075], "rotation": 90, "texture": "#4"},
				"west": {"uv": [0, 0, 1, 1.075], "rotation": 90, "texture": "#4"},
				"up": {"uv": [0, 0, 1, 1.075], "rotation": 90, "texture": "#4"},
				"down": {"uv": [0, 0, 1, 1.075], "rotation": 90, "texture": "#4"}
			}
		},
		{
			"from": [8.1306, 20.63992, 7.5],
			"to": [8.6306, 21.63992, 8.5],
			"rotation": {"angle": -22.5, "axis": "z", "origin": [7.97615, 15.93355, 8]},
			"faces": {
				"north": {"uv": [0, 0, 1, 1.075], "rotation": 90, "texture": "#4"},
				"east": {"uv": [0, 0, 1, 1.075], "rotation": 90, "texture": "#4"},
				"south": {"uv": [0, 0, 1, 1.075], "rotation": 90, "texture": "#4"},
				"west": {"uv": [0, 0, 1, 1.075], "rotation": 90, "texture": "#4"},
				"up": {"uv": [0, 0, 1, 1.075], "rotation": 90, "texture": "#4"},
				"down": {"uv": [0, 0, 1, 1.075], "rotation": 90, "texture": "#4"}
			}
		},
		{
			"from": [15.12522, 22.57866, 7.5],
			"to": [15.62522, 24.57866, 8.5],
			"rotation": {"angle": 22.5, "axis": "z", "origin": [7.97615, 15.93355, 8]},
			"faces": {
				"north": {"uv": [0, 0, 1, 1.075], "rotation": 90, "texture": "#4"},
				"east": {"uv": [0, 0, 1, 1.075], "rotation": 90, "texture": "#4"},
				"south": {"uv": [0, 0, 1, 1.075], "rotation": 90, "texture": "#4"},
				"west": {"uv": [0, 0, 1, 1.075], "rotation": 90, "texture": "#4"},
				"up": {"uv": [0, 0, 1, 1.075], "rotation": 90, "texture": "#4"},
				"down": {"uv": [0, 0, 1, 1.075], "rotation": 90, "texture": "#4"}
			}
		},
		{
			"from": [14.58926, 25.77313, 7.5],
			"to": [15.08926, 29.54813, 8.5],
			"rotation": {"angle": 22.5, "axis": "z", "origin": [7.97615, 15.93355, 8]},
			"faces": {
				"north": {"uv": [0, 0, 1, 1.075], "rotation": 90, "texture": "#4"},
				"east": {"uv": [0, 0, 1, 1.075], "rotation": 90, "texture": "#4"},
				"south": {"uv": [0, 0, 1, 1.075], "rotation": 90, "texture": "#4"},
				"west": {"uv": [0, 0, 1, 1.075], "rotation": 90, "texture": "#4"},
				"up": {"uv": [0, 0, 1, 1.075], "rotation": 90, "texture": "#4"},
				"down": {"uv": [0, 0, 1, 1.075], "rotation": 90, "texture": "#4"}
			}
		},
		{
			"from": [3.02266, 30.24024, 7.5],
			"to": [3.37891, 30.59024, 8.5],
			"rotation": {"angle": -22.5, "axis": "z", "origin": [7.97615, 15.93355, 8]},
			"faces": {
				"north": {"uv": [0, 0, 1, 1.075], "rotation": 90, "texture": "#4"},
				"east": {"uv": [0, 0, 1, 1.075], "rotation": 90, "texture": "#4"},
				"south": {"uv": [0, 0, 1, 1.075], "rotation": 90, "texture": "#4"},
				"west": {"uv": [0, 0, 1, 1.075], "rotation": 90, "texture": "#4"},
				"up": {"uv": [0, 0, 1, 1.075], "rotation": 90, "texture": "#4"},
				"down": {"uv": [0, 0, 1, 1.075], "rotation": 90, "texture": "#4"}
			}
		},
		{
			"name": "portal_surface_right",
			"from": [9, 29.5, 7.75],
			"to": [9.5, 30, 8.25],
			"rotation": {"angle": 0, "axis": "y", "origin": [7.97615, 15.93355, 8]},
			"faces": {
				"north": {"uv": [5, 10, 6, 11], "texture": "#3"},
				"south": {"uv": [5, 10, 6, 11], "texture": "#3"}
			}
		},
		{
			"name": "portal_surface_right",
			"from": [9.5, 19.5, 7.75],
			"to": [12, 20, 8.25],
			"rotation": {"angle": 0, "axis": "y", "origin": [7.97615, 15.93355, 8]},
			"faces": {
				"north": {"uv": [0, 14, 5, 15], "texture": "#3"},
				"south": {"uv": [0, 14, 5, 15], "texture": "#3"}
			}
		},
		{
			"name": "portal_surface_right",
			"from": [10.35, 20, 7.75],
			"to": [12, 20.5, 8.25],
			"rotation": {"angle": 0, "axis": "y", "origin": [7.97615, 15.93355, 8]},
			"faces": {
				"north": {"uv": [0, 13, 3.3, 14], "texture": "#3"},
				"south": {"uv": [0, 13, 2.9, 14], "texture": "#3"}
			}
		},
		{
			"name": "portal_surface_right",
			"from": [9.5, 19, 7.75],
			"to": [11, 19.5, 8.25],
			"rotation": {"angle": 0, "axis": "y", "origin": [7.97615, 15.93355, 8]},
			"faces": {
				"north": {"uv": [2, 15, 5, 16], "texture": "#3"},
				"south": {"uv": [2, 15, 5, 16], "texture": "#3"}
			}
		},
		{
			"name": "portal_surface_right",
			"from": [10.0375, 20, 7.75],
			"to": [12, 20.5, 8.25],
			"shade": false,
			"rotation": {"angle": 0, "axis": "y", "origin": [7.97615, 15.93355, 8]},
			"faces": {
				"north": {"uv": [0, 13, 4, 14], "texture": "#3"},
				"south": {"uv": [0, 13, 4, 14], "texture": "#3"}
			}
		},
		{
			"name": "portal_surface_right",
			"from": [10.5, 20.5, 7.75],
			"to": [12, 23, 8.25],
			"rotation": {"angle": 0, "axis": "y", "origin": [7.97615, 15.93355, 8]},
			"faces": {
				"north": {"uv": [0, 8, 3, 13], "texture": "#3"},
				"south": {"uv": [0, 8, 3, 13], "texture": "#3"}
			}
		},
		{
			"name": "portal_surface_right",
			"from": [10.025, 23, 7.75],
			"to": [12, 23.5, 8.25],
			"rotation": {"angle": 0, "axis": "y", "origin": [7.97615, 15.93355, 8]},
			"faces": {
				"north": {"uv": [0, 7, 4, 8], "texture": "#3"},
				"south": {"uv": [0, 7, 4, 8], "texture": "#3"}
			}
		},
		{
			"name": "portal_surface_right",
			"from": [9.5, 23.5, 7.75],
			"to": [12, 24, 8.25],
			"rotation": {"angle": 0, "axis": "y", "origin": [7.97615, 15.93355, 8]},
			"faces": {
				"north": {"uv": [0, 6, 5, 7], "texture": "#3"},
				"south": {"uv": [0, 6, 5, 7], "texture": "#3"}
			}
		},
		{
			"name": "portal_surface_right",
			"from": [9, 24, 7.75],
			"to": [12, 26, 8.25],
			"rotation": {"angle": 0, "axis": "y", "origin": [7.97615, 15.93355, 8]},
			"faces": {
				"north": {"uv": [0, 2, 6, 6], "texture": "#3"},
				"south": {"uv": [0, 2, 6, 6], "texture": "#3"}
			}
		},
		{
			"name": "portal_surface_right",
			"from": [9, 26, 7.75],
			"to": [11.55, 27, 8.25],
			"rotation": {"angle": 0, "axis": "y", "origin": [7.97615, 15.93355, 8]},
			"faces": {
				"north": {"uv": [1, 0, 6, 2], "texture": "#3"},
				"south": {"uv": [10, 0, 15, 2], "texture": "#3"}
			}
		},
		{
			"name": "portal_surface_right",
			"from": [9, 27, 7.75],
			"to": [11, 27.5, 8.25],
			"rotation": {"angle": 0, "axis": "y", "origin": [7.97615, 15.93355, 8]},
			"faces": {
				"north": {"uv": [2, 15, 6, 16], "texture": "#3"},
				"south": {"uv": [2, 15, 6, 16], "texture": "#3"}
			}
		},
		{
			"name": "portal_surface_right",
			"from": [9, 27.5, 7.75],
			"to": [10.375, 28.5, 8.25],
			"rotation": {"angle": 0, "axis": "y", "origin": [7.97615, 15.93355, 8]},
			"faces": {
				"north": {"uv": [3, 13, 6, 15], "texture": "#3"},
				"south": {"uv": [3, 13, 6, 15], "texture": "#3"}
			}
		},
		{
			"name": "portal_surface_right",
			"from": [9, 28.5, 7.75],
			"to": [10, 29.5, 8.25],
			"rotation": {"angle": 0, "axis": "y", "origin": [7.97615, 15.93355, 8]},
			"faces": {
				"north": {"uv": [4, 11, 6, 13], "texture": "#3"},
				"south": {"uv": [4, 11, 6, 13], "texture": "#3"}
			}
		},
		{
			"from": [7.5, -11, 7.5],
			"to": [8.5, 15.2, 8.5],
			"rotation": {"angle": 0, "axis": "z", "origin": [7.5, 14.5, 8]},
			"faces": {
				"north": {"uv": [0, 0, 0.5, 13], "texture": "#5"},
				"east": {"uv": [0.5, 0, 1, 13], "texture": "#5"},
				"south": {"uv": [1, 0, 1.5, 13], "texture": "#5"},
				"west": {"uv": [1.5, 0, 2, 13], "texture": "#5"},
				"up": {"uv": [5.5, 4.5, 5, 4], "texture": "#5"},
				"down": {"uv": [5.5, 4.5, 5, 5], "texture": "#5"}
			}
		},
		{
			"from": [7.35, 14, 7.35],
			"to": [8.65, 14.5, 8.65],
			"rotation": {"angle": 0, "axis": "z", "origin": [7.5, 14.5, 8]},
			"faces": {
				"north": {"uv": [2, 0, 2.75, 0.75], "texture": "#5"},
				"east": {"uv": [2, 1, 2.75, 1.75], "texture": "#5"},
				"south": {"uv": [2, 2, 2.75, 2.75], "texture": "#5"},
				"west": {"uv": [3, 0, 3.75, 0.75], "texture": "#5"},
				"up": {"uv": [3.75, 1.75, 3, 1], "texture": "#5"},
				"down": {"uv": [2.75, 3, 2, 3.75], "texture": "#5"}
			}
		},
		{
			"from": [7.35, 13.25, 7.35],
			"to": [8.65, 13.75, 8.65],
			"rotation": {"angle": 0, "axis": "z", "origin": [7.5, 14.5, 8]},
			"faces": {
				"north": {"uv": [2, 0, 2.75, 0.75], "texture": "#5"},
				"east": {"uv": [2, 1, 2.75, 1.75], "texture": "#5"},
				"south": {"uv": [2, 2, 2.75, 2.75], "texture": "#5"},
				"west": {"uv": [3, 0, 3.75, 0.75], "texture": "#5"},
				"up": {"uv": [3.75, 1.75, 3, 1], "texture": "#5"},
				"down": {"uv": [2.75, 3, 2, 3.75], "texture": "#5"}
			}
		},
		{
			"from": [7.35, 13.75, 7.6],
			"to": [8.4, 14, 8.65],
			"rotation": {"angle": 0, "axis": "z", "origin": [7.5, 14.75, 8]},
			"faces": {
				"north": {"uv": [2, 0, 2.75, 0.75], "texture": "#5"},
				"east": {"uv": [2, 1, 2.75, 1.75], "texture": "#5"},
				"south": {"uv": [2, 2, 2.75, 2.75], "texture": "#5"},
				"west": {"uv": [3, 0, 3.75, 0.75], "texture": "#5"},
				"up": {"uv": [3.75, 1.75, 3, 1], "texture": "#5"},
				"down": {"uv": [2.75, 3, 2, 3.75], "texture": "#5"}
			}
		},
		{
			"from": [7.6, 13.75, 7.35],
			"to": [8.65, 14, 8.4],
			"rotation": {"angle": 0, "axis": "z", "origin": [7.75, 14.75, 7.8]},
			"faces": {
				"north": {"uv": [2, 0, 2.75, 0.75], "texture": "#5"},
				"east": {"uv": [2, 1, 2.75, 1.75], "texture": "#5"},
				"south": {"uv": [2, 2, 2.75, 2.75], "texture": "#5"},
				"west": {"uv": [3, 0, 3.75, 0.75], "texture": "#5"},
				"up": {"uv": [3.75, 1.75, 3, 1], "texture": "#5"},
				"down": {"uv": [2.75, 3, 2, 3.75], "texture": "#5"}
			}
		},
		{
			"from": [7.35, 11.25, 7.35],
			"to": [8.4, 11.5, 8.4],
			"rotation": {"angle": 0, "axis": "z", "origin": [7.5, 12.25, 7.75]},
			"faces": {
				"north": {"uv": [2, 0, 2.75, 0.75], "texture": "#5"},
				"east": {"uv": [2, 1, 2.75, 1.75], "texture": "#5"},
				"south": {"uv": [2, 2, 2.75, 2.75], "texture": "#5"},
				"west": {"uv": [3, 0, 3.75, 0.75], "texture": "#5"},
				"up": {"uv": [3.75, 1.75, 3, 1], "texture": "#5"},
				"down": {"uv": [2.75, 3, 2, 3.75], "texture": "#5"}
			}
		},
		{
			"from": [7.6, 11.25, 7.6],
			"to": [8.65, 11.5, 8.65],
			"rotation": {"angle": 0, "axis": "z", "origin": [7.75, 12.25, 8.05]},
			"faces": {
				"north": {"uv": [2, 0, 2.75, 0.75], "texture": "#5"},
				"east": {"uv": [2, 1, 2.75, 1.75], "texture": "#5"},
				"south": {"uv": [2, 2, 2.75, 2.75], "texture": "#5"},
				"west": {"uv": [3, 0, 3.75, 0.75], "texture": "#5"},
				"up": {"uv": [3.75, 1.75, 3, 1], "texture": "#5"},
				"down": {"uv": [2.75, 3, 2, 3.75], "texture": "#5"}
			}
		},
		{
			"from": [7.35, -10.5, 7.35],
			"to": [8.65, -7.75, 8.65],
			"rotation": {"angle": 0, "axis": "z", "origin": [7.5, -7.75, 8]},
			"faces": {
				"north": {"uv": [2, 0, 2.75, 0.75], "texture": "#5"},
				"east": {"uv": [2, 1, 2.75, 1.75], "texture": "#5"},
				"south": {"uv": [2, 2, 2.75, 2.75], "texture": "#5"},
				"west": {"uv": [3, 0, 3.75, 0.75], "texture": "#5"},
				"up": {"uv": [3.75, 1.75, 3, 1], "texture": "#5"},
				"down": {"uv": [2.75, 3, 2, 3.75], "texture": "#5"}
			}
		},
		{
			"from": [7.35, -11.25, 7.35],
			"to": [8.65, -10.75, 8.65],
			"rotation": {"angle": 0, "axis": "z", "origin": [7.5, -10.75, 8]},
			"faces": {
				"north": {"uv": [2, 0, 2.75, 0.75], "texture": "#5"},
				"east": {"uv": [2, 1, 2.75, 1.75], "texture": "#5"},
				"south": {"uv": [2, 2, 2.75, 2.75], "texture": "#5"},
				"west": {"uv": [3, 0, 3.75, 0.75], "texture": "#5"},
				"up": {"uv": [3.75, 1.75, 3, 1], "texture": "#5"},
				"down": {"uv": [2.75, 3, 2, 3.75], "texture": "#5"}
			}
		},
		{
			"from": [7.6, -11.5, 7.6],
			"to": [8.4, -11.25, 8.4],
			"rotation": {"angle": 0, "axis": "z", "origin": [7.5, -11.25, 8]},
			"faces": {
				"north": {"uv": [2, 0, 2.75, 0.75], "texture": "#5"},
				"east": {"uv": [2, 1, 2.75, 1.75], "texture": "#5"},
				"south": {"uv": [2, 2, 2.75, 2.75], "texture": "#5"},
				"west": {"uv": [3, 0, 3.75, 0.75], "texture": "#5"},
				"up": {"uv": [3.75, 1.75, 3, 1], "texture": "#5"},
				"down": {"uv": [2.75, 3, 2, 3.75], "texture": "#5"}
			}
		},
		{
			"from": [7.35, 12, 8.1],
			"to": [7.9, 13, 8.65],
			"rotation": {"angle": 0, "axis": "z", "origin": [7.5, 13.25, 8]},
			"faces": {
				"north": {"uv": [3.5, 6, 3.75, 6.5], "texture": "#5"},
				"east": {"uv": [6, 4, 6.25, 4.5], "texture": "#5"},
				"south": {"uv": [6, 4.5, 6.25, 5], "texture": "#5"},
				"west": {"uv": [6, 5, 6.25, 5.5], "texture": "#5"},
				"up": {"uv": [7.75, 6.75, 7.5, 6.5], "texture": "#5"},
				"down": {"uv": [7.25, 7.5, 7, 7.75], "texture": "#5"}
			}
		},
		{
			"from": [7.35, 12.25, 7.35],
			"to": [7.9, 13.25, 7.9],
			"rotation": {"angle": 0, "axis": "z", "origin": [7.5, 13.5, 7.25]},
			"faces": {
				"north": {"uv": [6, 5.5, 6.25, 6], "texture": "#5"},
				"east": {"uv": [6, 6, 6.25, 6.5], "texture": "#5"},
				"south": {"uv": [6.5, 0, 6.75, 0.5], "texture": "#5"},
				"west": {"uv": [6.5, 0.5, 6.75, 1], "texture": "#5"},
				"up": {"uv": [7.75, 7.25, 7.5, 7], "texture": "#5"},
				"down": {"uv": [7.75, 7.5, 7.5, 7.75], "texture": "#5"}
			}
		},
		{
			"from": [8.1, 12, 7.35],
			"to": [8.65, 13, 7.9],
			"rotation": {"angle": 0, "axis": "z", "origin": [8.25, 13.25, 7.25]},
			"faces": {
				"north": {"uv": [6.5, 1, 6.75, 1.5], "texture": "#5"},
				"east": {"uv": [6.5, 1.5, 6.75, 2], "texture": "#5"},
				"south": {"uv": [6.5, 2, 6.75, 2.5], "texture": "#5"},
				"west": {"uv": [6.5, 2.5, 6.75, 3], "texture": "#5"},
				"up": {"uv": [8.25, 0.25, 8, 0], "texture": "#5"},
				"down": {"uv": [8.25, 0.5, 8, 0.75], "texture": "#5"}
			}
		},
		{
			"from": [8.1, 12.25, 8.1],
			"to": [8.65, 13.25, 8.65],
			"rotation": {"angle": 0, "axis": "z", "origin": [8.25, 13.5, 8]},
			"faces": {
				"north": {"uv": [6.5, 3, 6.75, 3.5], "texture": "#5"},
				"east": {"uv": [3.5, 6.5, 3.75, 7], "texture": "#5"},
				"south": {"uv": [6.5, 3.5, 6.75, 4], "texture": "#5"},
				"west": {"uv": [4, 6.5, 4.25, 7], "texture": "#5"},
				"up": {"uv": [8.25, 1.25, 8, 1], "texture": "#5"},
				"down": {"uv": [8.25, 1.5, 8, 1.75], "texture": "#5"}
			}
		},
		{
			"from": [7.35, 11.5, 7.35],
			"to": [8.65, 12, 8.65],
			"rotation": {"angle": 0, "axis": "z", "origin": [7.5, 12.5, 8]},
			"faces": {
				"north": {"uv": [3, 4, 3.75, 4.5], "texture": "#5"},
				"east": {"uv": [4, 3, 4.75, 3.5], "texture": "#5"},
				"south": {"uv": [4, 3.5, 4.75, 4], "texture": "#5"},
				"west": {"uv": [4, 4, 4.75, 4.5], "texture": "#5"},
				"up": {"uv": [3.75, 2.75, 3, 2], "texture": "#5"},
				"down": {"uv": [3.75, 3, 3, 3.75], "texture": "#5"}
			}
		},
		{
			"from": [7.35, 10.75, 7.35],
			"to": [8.65, 11.25, 8.65],
			"rotation": {"angle": 0, "axis": "z", "origin": [7.5, 11.5, 8]},
			"faces": {
				"north": {"uv": [3, 4, 3.75, 4.5], "texture": "#5"},
				"east": {"uv": [4, 3, 4.75, 3.5], "texture": "#5"},
				"south": {"uv": [4, 3.5, 4.75, 4], "texture": "#5"},
				"west": {"uv": [4, 4, 4.75, 4.5], "texture": "#5"},
				"up": {"uv": [3.75, 2.75, 3, 2], "texture": "#5"},
				"down": {"uv": [3.75, 3, 3, 3.75], "texture": "#5"}
			}
		},
		{
			"from": [7.35, 10.35, 7.5],
			"to": [7.65, 10.75, 8.5],
			"rotation": {"angle": 22.5, "axis": "z", "origin": [7.35, 10.75, 8]},
			"faces": {
				"north": {"uv": [2, 8, 2.25, 8.25], "texture": "#5"},
				"east": {"uv": [6.5, 4, 7, 4.25], "texture": "#5"},
				"south": {"uv": [8, 2, 8.25, 2.25], "texture": "#5"},
				"west": {"uv": [4.5, 6.5, 5, 6.75], "texture": "#5"},
				"up": {"uv": [6.75, 5, 6.5, 4.5], "texture": "#5"},
				"down": {"uv": [5.25, 6.5, 5, 7], "texture": "#5"}
			}
		},
		{
			"from": [8.35, 14.5, 7.5],
			"to": [8.65, 14.9, 8.5],
			"rotation": {"angle": 22.5, "axis": "z", "origin": [8.65, 14.5, 8]},
			"faces": {
				"north": {"uv": [2.5, 8, 2.75, 8.25], "texture": "#5"},
				"east": {"uv": [6.5, 5, 7, 5.25], "texture": "#5"},
				"south": {"uv": [8, 2.5, 8.25, 2.75], "texture": "#5"},
				"west": {"uv": [5.5, 6.5, 6, 6.75], "texture": "#5"},
				"up": {"uv": [6.75, 6, 6.5, 5.5], "texture": "#5"},
				"down": {"uv": [6.25, 6.5, 6, 7], "texture": "#5"}
			}
		},
		{
			"from": [8.35, 10.35, 7.5],
			"to": [8.65, 10.75, 8.5],
			"rotation": {"angle": -22.5, "axis": "z", "origin": [8.65, 10.75, 8]},
			"faces": {
				"north": {"uv": [3, 8, 3.25, 8.25], "texture": "#5"},
				"east": {"uv": [6.5, 6, 7, 6.25], "texture": "#5"},
				"south": {"uv": [8, 3, 8.25, 3.25], "texture": "#5"},
				"west": {"uv": [6.5, 6.5, 7, 6.75], "texture": "#5"},
				"up": {"uv": [7.25, 0.5, 7, 0], "texture": "#5"},
				"down": {"uv": [7.25, 0.5, 7, 1], "texture": "#5"}
			}
		},
		{
			"from": [7.35, 14.5, 7.5],
			"to": [7.65, 14.9, 8.5],
			"rotation": {"angle": -22.5, "axis": "z", "origin": [7.35, 14.5, 8]},
			"faces": {
				"north": {"uv": [3.5, 8, 3.75, 8.25], "texture": "#5"},
				"east": {"uv": [7, 1, 7.5, 1.25], "texture": "#5"},
				"south": {"uv": [8, 3.5, 8.25, 3.75], "texture": "#5"},
				"west": {"uv": [7, 1.5, 7.5, 1.75], "texture": "#5"},
				"up": {"uv": [2.25, 7.5, 2, 7], "texture": "#5"},
				"down": {"uv": [7.25, 2, 7, 2.5], "texture": "#5"}
			}
		},
		{
			"from": [7.5, 10.35, 7.35],
			"to": [8.5, 10.75, 7.65],
			"rotation": {"angle": -22.5, "axis": "x", "origin": [8, 10.75, 7.35]},
			"faces": {
				"north": {"uv": [2.5, 7, 3, 7.25], "texture": "#5"},
				"east": {"uv": [4, 8, 4.25, 8.25], "texture": "#5"},
				"south": {"uv": [7, 2.5, 7.5, 2.75], "texture": "#5"},
				"west": {"uv": [8, 4, 8.25, 4.25], "texture": "#5"},
				"up": {"uv": [3.5, 7.25, 3, 7], "texture": "#5"},
				"down": {"uv": [7.5, 3, 7, 3.25], "texture": "#5"}
			}
		},
		{
			"from": [7.5, 14.5, 8.35],
			"to": [8.5, 14.9, 8.65],
			"rotation": {"angle": -22.5, "axis": "x", "origin": [8, 14.5, 8.65]},
			"faces": {
				"north": {"uv": [3.5, 7, 4, 7.25], "texture": "#5"},
				"east": {"uv": [4.5, 8, 4.75, 8.25], "texture": "#5"},
				"south": {"uv": [7, 3.5, 7.5, 3.75], "texture": "#5"},
				"west": {"uv": [8, 4.5, 8.25, 4.75], "texture": "#5"},
				"up": {"uv": [4.5, 7.25, 4, 7], "texture": "#5"},
				"down": {"uv": [7.5, 4, 7, 4.25], "texture": "#5"}
			}
		},
		{
			"from": [7.5, 10.35, 8.35],
			"to": [8.5, 10.75, 8.65],
			"rotation": {"angle": 22.5, "axis": "x", "origin": [8, 10.75, 8.65]},
			"faces": {
				"north": {"uv": [4.5, 7, 5, 7.25], "texture": "#5"},
				"east": {"uv": [5, 8, 5.25, 8.25], "texture": "#5"},
				"south": {"uv": [7, 4.5, 7.5, 4.75], "texture": "#5"},
				"west": {"uv": [8, 5, 8.25, 5.25], "texture": "#5"},
				"up": {"uv": [5.5, 7.25, 5, 7], "texture": "#5"},
				"down": {"uv": [7.5, 5, 7, 5.25], "texture": "#5"}
			}
		},
		{
			"from": [7.5, 14.5, 7.35],
			"to": [8.5, 14.9, 7.65],
			"rotation": {"angle": 22.5, "axis": "x", "origin": [8, 14.5, 7.35]},
			"faces": {
				"north": {"uv": [5.5, 7, 6, 7.25], "texture": "#5"},
				"east": {"uv": [5.5, 8, 5.75, 8.25], "texture": "#5"},
				"south": {"uv": [7, 5.5, 7.5, 5.75], "texture": "#5"},
				"west": {"uv": [8, 5.5, 8.25, 5.75], "texture": "#5"},
				"up": {"uv": [6.5, 7.25, 6, 7], "texture": "#5"},
				"down": {"uv": [7.5, 6, 7, 6.25], "texture": "#5"}
			}
		},
		{
			"from": [7.35, 6, 7.35],
			"to": [8.65, 6.5, 8.65],
			"rotation": {"angle": 0, "axis": "z", "origin": [7.5, 6.5, 8]},
			"faces": {
				"north": {"uv": [5, 5, 5.75, 5.25], "texture": "#5"},
				"east": {"uv": [5.5, 0, 6.25, 0.25], "texture": "#5"},
				"south": {"uv": [5.5, 0.5, 6.25, 0.75], "texture": "#5"},
				"west": {"uv": [5.5, 1, 6.25, 1.25], "texture": "#5"},
				"up": {"uv": [4.75, 0.75, 4, 0], "texture": "#5"},
				"down": {"uv": [4.75, 1, 4, 1.75], "texture": "#5"}
			}
		},
		{
			"from": [7.35, 1, 7.35],
			"to": [8.65, 1.5, 8.65],
			"rotation": {"angle": 0, "axis": "z", "origin": [7.5, 1.5, 8]},
			"faces": {
				"north": {"uv": [5.5, 1.5, 6.25, 1.75], "texture": "#5"},
				"east": {"uv": [5.5, 2, 6.25, 2.25], "texture": "#5"},
				"south": {"uv": [5.5, 2.5, 6.25, 2.75], "texture": "#5"},
				"west": {"uv": [3, 5.5, 3.75, 5.75], "texture": "#5"},
				"up": {"uv": [2.75, 4.75, 2, 4], "texture": "#5"},
				"down": {"uv": [4.75, 2, 4, 2.75], "texture": "#5"}
			}
		},
		{
			"from": [8.35, 15.5, 7.6],
			"to": [8.65, 16.75, 8.4],
			"rotation": {"angle": 0, "axis": "z", "origin": [7.5, 18, 8]},
			"faces": {
				"north": {"uv": [5.5, 3, 5.75, 3.75], "texture": "#5"},
				"east": {"uv": [3, 4.5, 3.5, 5.25], "texture": "#5"},
				"south": {"uv": [4, 5.5, 4.25, 6.25], "texture": "#5"},
				"west": {"uv": [3.5, 4.5, 4, 5.25], "texture": "#5"},
				"up": {"uv": [6.75, 7.5, 6.5, 7], "texture": "#5"},
				"down": {"uv": [7.25, 6.5, 7, 7], "texture": "#5"}
			}
		},
		{
			"from": [7.65, 15, 7.6],
			"to": [8.35, 16.25, 8.4],
			"rotation": {"angle": 0, "axis": "z", "origin": [7.2, 18, 8]},
			"faces": {
				"north": {"uv": [5.5, 4, 5.75, 4.75], "texture": "#5"},
				"east": {"uv": [4, 4.5, 4.5, 5.25], "texture": "#5"},
				"south": {"uv": [4.5, 5.5, 4.75, 6.25], "texture": "#5"},
				"west": {"uv": [4.5, 4.5, 5, 5.25], "texture": "#5"},
				"up": {"uv": [7.25, 7.5, 7, 7], "texture": "#5"},
				"down": {"uv": [7.75, 0, 7.5, 0.5], "texture": "#5"}
			}
		},
		{
			"from": [7.35, 15.5, 7.6],
			"to": [7.65, 16.75, 8.4],
			"rotation": {"angle": 0, "axis": "z", "origin": [6.75, 18, 8]},
			"faces": {
				"north": {"uv": [5, 5.5, 5.25, 6.25], "texture": "#5"},
				"east": {"uv": [5, 0, 5.5, 0.75], "texture": "#5"},
				"south": {"uv": [5.5, 5.5, 5.75, 6.25], "texture": "#5"},
				"west": {"uv": [5, 1, 5.5, 1.75], "texture": "#5"},
				"up": {"uv": [7.75, 1, 7.5, 0.5], "texture": "#5"},
				"down": {"uv": [7.75, 1, 7.5, 1.5], "texture": "#5"}
			}
		},
		{
			"from": [7.35, 15, 7.6],
			"to": [7.65, 15.5, 8.4],
			"rotation": {"angle": 22.5, "axis": "z", "origin": [7.35, 15.5, 8]},
			"faces": {
				"north": {"uv": [6, 8, 6.25, 8.25], "texture": "#5"},
				"east": {"uv": [7.5, 1.5, 8, 1.75], "texture": "#5"},
				"south": {"uv": [8, 6, 8.25, 6.25], "texture": "#5"},
				"west": {"uv": [2, 7.5, 2.5, 7.75], "texture": "#5"},
				"up": {"uv": [7.75, 2.5, 7.5, 2], "texture": "#5"},
				"down": {"uv": [2.75, 7.5, 2.5, 8], "texture": "#5"}
			}
		},
		{
			"from": [7.5, 15.2, 7.5],
			"to": [8.5, 15.7, 7.8],
			"rotation": {"angle": 22.5, "axis": "x", "origin": [8, 15.2, 7.5]},
			"faces": {
				"north": {"uv": [7.5, 2.5, 8, 2.75], "texture": "#5"},
				"east": {"uv": [6.5, 8, 6.75, 8.25], "texture": "#5"},
				"south": {"uv": [3, 7.5, 3.5, 7.75], "texture": "#5"},
				"west": {"uv": [8, 6.5, 8.25, 6.75], "texture": "#5"},
				"up": {"uv": [8, 3.25, 7.5, 3], "texture": "#5"},
				"down": {"uv": [4, 7.5, 3.5, 7.75], "texture": "#5"}
			}
		},
		{
			"from": [7.5, 15.2, 8.2],
			"to": [8.5, 15.7, 8.5],
			"rotation": {"angle": -22.5, "axis": "x", "origin": [8, 15.2, 8.5]},
			"faces": {
				"north": {"uv": [7.5, 3.5, 8, 3.75], "texture": "#5"},
				"east": {"uv": [7, 8, 7.25, 8.25], "texture": "#5"},
				"south": {"uv": [4, 7.5, 4.5, 7.75], "texture": "#5"},
				"west": {"uv": [8, 7, 8.25, 7.25], "texture": "#5"},
				"up": {"uv": [8, 4.25, 7.5, 4], "texture": "#5"},
				"down": {"uv": [5, 7.5, 4.5, 7.75], "texture": "#5"}
			}
		},
		{
			"from": [8.35, 15, 7.6],
			"to": [8.65, 15.5, 8.4],
			"rotation": {"angle": -22.5, "axis": "z", "origin": [8.65, 15.5, 8]},
			"faces": {
				"north": {"uv": [7.5, 8, 7.75, 8.25], "texture": "#5"},
				"east": {"uv": [7.5, 4.5, 8, 4.75], "texture": "#5"},
				"south": {"uv": [8, 7.5, 8.25, 7.75], "texture": "#5"},
				"west": {"uv": [5, 7.5, 5.5, 7.75], "texture": "#5"},
				"up": {"uv": [7.75, 5.5, 7.5, 5], "texture": "#5"},
				"down": {"uv": [5.75, 7.5, 5.5, 8], "texture": "#5"}
			}
		},
		{
			"from": [6.425, 16, 7.6],
			"to": [6.725, 17.425, 8.4],
			"rotation": {"angle": 22.5, "axis": "z", "origin": [5.825, 18.575, 8]},
			"faces": {
				"north": {"uv": [2, 6, 2.25, 6.75], "texture": "#5"},
				"east": {"uv": [2, 5, 2.5, 5.75], "texture": "#5"},
				"south": {"uv": [2.5, 6, 2.75, 6.75], "texture": "#5"},
				"west": {"uv": [5, 2, 5.5, 2.75], "texture": "#5"},
				"up": {"uv": [7.75, 6, 7.5, 5.5], "texture": "#5"},
				"down": {"uv": [6.25, 7.5, 6, 8], "texture": "#5"}
			}
		},
		{
			"from": [9.375, 16.6, 7.6],
			"to": [9.675, 17.975, 8.4],
			"rotation": {"angle": -22.5, "axis": "z", "origin": [8.775, 19.125, 8]},
			"faces": {
				"north": {"uv": [3, 6, 3.25, 6.75], "texture": "#5"},
				"east": {"uv": [2.5, 5, 3, 5.75], "texture": "#5"},
				"south": {"uv": [6, 3, 6.25, 3.75], "texture": "#5"},
				"west": {"uv": [5, 3, 5.5, 3.75], "texture": "#5"},
				"up": {"uv": [7.75, 6.5, 7.5, 6], "texture": "#5"},
				"down": {"uv": [6.75, 7.5, 6.5, 8], "texture": "#5"}
			}
		},
		{
			"name": "gold_thing",
			"from": [7.1, 13.75, 7.6],
			"to": [8.4, 14, 8.9],
			"rotation": {"angle": 0, "axis": "z", "origin": [7.5, 14.75, 8]},
			"faces": {
				"north": {"uv": [2, 0, 2.75, 0.75], "texture": "#5"},
				"east": {"uv": [2, 1, 2.75, 1.75], "texture": "#5"},
				"south": {"uv": [2, 2, 2.75, 2.75], "texture": "#5"},
				"west": {"uv": [3, 0, 3.75, 0.75], "texture": "#5"},
				"up": {"uv": [3.75, 1.75, 3, 1], "texture": "#5"},
				"down": {"uv": [2.75, 3, 2, 3.75], "texture": "#5"}
			}
		},
		{
			"name": "gold_thing",
			"from": [7.1, 14, 7.1],
			"to": [8.9, 14.5, 8.9],
			"rotation": {"angle": 0, "axis": "z", "origin": [7.5, 14.5, 8]},
			"faces": {
				"north": {"uv": [2, 0, 2.75, 0.75], "texture": "#5"},
				"east": {"uv": [2, 1, 2.75, 1.75], "texture": "#5"},
				"south": {"uv": [2, 2, 2.75, 2.75], "texture": "#5"},
				"west": {"uv": [3, 0, 3.75, 0.75], "texture": "#5"},
				"up": {"uv": [3.75, 1.75, 3, 1], "texture": "#5"},
				"down": {"uv": [2.75, 3, 2, 3.75], "texture": "#5"}
			}
		},
		{
			"name": "gold_thing",
			"from": [7.6, 13.75, 7.1],
			"to": [8.9, 14, 8.4],
			"rotation": {"angle": 0, "axis": "z", "origin": [7.75, 14.75, 7.8]},
			"faces": {
				"north": {"uv": [2, 0, 2.75, 0.75], "texture": "#5"},
				"east": {"uv": [2, 1, 2.75, 1.75], "texture": "#5"},
				"south": {"uv": [2, 2, 2.75, 2.75], "texture": "#5"},
				"west": {"uv": [3, 0, 3.75, 0.75], "texture": "#5"},
				"up": {"uv": [3.75, 1.75, 3, 1], "texture": "#5"},
				"down": {"uv": [2.75, 3, 2, 3.75], "texture": "#5"}
			}
		},
		{
			"name": "gold_thing",
			"from": [7.25, 14.5, 7.1],
			"to": [8.75, 14.9, 7.4],
			"rotation": {"angle": 22.5, "axis": "x", "origin": [8, 14.5, 7.1]},
			"faces": {
				"north": {"uv": [5.5, 7, 6, 7.25], "texture": "#5"},
				"east": {"uv": [5.5, 8, 5.75, 8.25], "texture": "#5"},
				"south": {"uv": [7, 5.5, 7.5, 5.75], "texture": "#5"},
				"west": {"uv": [8, 5.5, 8.25, 5.75], "texture": "#5"},
				"up": {"uv": [6.5, 7.25, 6, 7], "texture": "#5"},
				"down": {"uv": [7.5, 6, 7, 6.25], "texture": "#5"}
			}
		},
		{
			"name": "gold_thing",
			"from": [7.1, 14.5, 7.25],
			"to": [7.4, 14.9, 8.75],
			"rotation": {"angle": -22.5, "axis": "z", "origin": [7.1, 14.5, 8]},
			"faces": {
				"north": {"uv": [3.5, 8, 3.75, 8.25], "texture": "#5"},
				"east": {"uv": [7, 1, 7.5, 1.25], "texture": "#5"},
				"south": {"uv": [8, 3.5, 8.25, 3.75], "texture": "#5"},
				"west": {"uv": [7, 1.5, 7.5, 1.75], "texture": "#5"},
				"up": {"uv": [2.25, 7.5, 2, 7], "texture": "#5"},
				"down": {"uv": [7.25, 2, 7, 2.5], "texture": "#5"}
			}
		},
		{
			"name": "gold_thing",
			"from": [7.1, 13.25, 7.1],
			"to": [8.9, 13.75, 8.9],
			"rotation": {"angle": 0, "axis": "z", "origin": [7.5, 14.5, 8]},
			"faces": {
				"north": {"uv": [2, 0, 2.75, 0.75], "texture": "#5"},
				"east": {"uv": [2, 1, 2.75, 1.75], "texture": "#5"},
				"south": {"uv": [2, 2, 2.75, 2.75], "texture": "#5"},
				"west": {"uv": [3, 0, 3.75, 0.75], "texture": "#5"},
				"up": {"uv": [3.75, 1.75, 3, 1], "texture": "#5"},
				"down": {"uv": [2.75, 3, 2, 3.75], "texture": "#5"}
			}
		},
		{
			"name": "gold_thing",
			"from": [7.1, 12.25, 7.1],
			"to": [7.9, 13.25, 7.9],
			"rotation": {"angle": 0, "axis": "z", "origin": [7.5, 13.5, 7.25]},
			"faces": {
				"north": {"uv": [6, 5.5, 6.25, 6], "texture": "#5"},
				"east": {"uv": [6, 6, 6.25, 6.5], "texture": "#5"},
				"south": {"uv": [6.5, 0, 6.75, 0.5], "texture": "#5"},
				"west": {"uv": [6.5, 0.5, 6.75, 1], "texture": "#5"},
				"up": {"uv": [7.75, 7.25, 7.5, 7], "texture": "#5"},
				"down": {"uv": [7.75, 7.5, 7.5, 7.75], "texture": "#5"}
			}
		},
		{
			"name": "gold_thing",
			"from": [8.1, 12, 7.1],
			"to": [8.9, 13, 7.9],
			"rotation": {"angle": 0, "axis": "z", "origin": [8.25, 13.25, 7.25]},
			"faces": {
				"north": {"uv": [6.5, 1, 6.75, 1.5], "texture": "#5"},
				"east": {"uv": [6.5, 1.5, 6.75, 2], "texture": "#5"},
				"south": {"uv": [6.5, 2, 6.75, 2.5], "texture": "#5"},
				"west": {"uv": [6.5, 2.5, 6.75, 3], "texture": "#5"},
				"up": {"uv": [8.25, 0.25, 8, 0], "texture": "#5"},
				"down": {"uv": [8.25, 0.5, 8, 0.75], "texture": "#5"}
			}
		},
		{
			"name": "gold_thing",
			"from": [7.1, 12, 8.1],
			"to": [7.9, 13, 8.9],
			"rotation": {"angle": 0, "axis": "z", "origin": [7.5, 13.25, 8]},
			"faces": {
				"north": {"uv": [3.5, 6, 3.75, 6.5], "texture": "#5"},
				"east": {"uv": [6, 4, 6.25, 4.5], "texture": "#5"},
				"south": {"uv": [6, 4.5, 6.25, 5], "texture": "#5"},
				"west": {"uv": [6, 5, 6.25, 5.5], "texture": "#5"},
				"up": {"uv": [7.75, 6.75, 7.5, 6.5], "texture": "#5"},
				"down": {"uv": [7.25, 7.5, 7, 7.75], "texture": "#5"}
			}
		},
		{
			"name": "gold_thing",
			"from": [7.1, 11.5, 7.1],
			"to": [8.9, 12, 8.9],
			"rotation": {"angle": 0, "axis": "z", "origin": [7.5, 12.5, 8]},
			"faces": {
				"north": {"uv": [3, 4, 3.75, 4.5], "texture": "#5"},
				"east": {"uv": [4, 3, 4.75, 3.5], "texture": "#5"},
				"south": {"uv": [4, 3.5, 4.75, 4], "texture": "#5"},
				"west": {"uv": [4, 4, 4.75, 4.5], "texture": "#5"},
				"up": {"uv": [3.75, 2.75, 3, 2], "texture": "#5"},
				"down": {"uv": [3.75, 3, 3, 3.75], "texture": "#5"}
			}
		},
		{
			"name": "gold_thing",
			"from": [7.1, 11.25, 7.1],
			"to": [8.15, 11.5, 8.4],
			"rotation": {"angle": 0, "axis": "z", "origin": [7.5, 12.25, 7.75]},
			"faces": {
				"north": {"uv": [2, 0, 2.75, 0.75], "texture": "#5"},
				"east": {"uv": [2, 1, 2.75, 1.75], "texture": "#5"},
				"south": {"uv": [2, 2, 2.75, 2.75], "texture": "#5"},
				"west": {"uv": [3, 0, 3.75, 0.75], "texture": "#5"},
				"up": {"uv": [3.75, 1.75, 3, 1], "texture": "#5"},
				"down": {"uv": [2.75, 3, 2, 3.75], "texture": "#5"}
			}
		},
		{
			"name": "gold_thing",
			"from": [7.1, 10.75, 7.1],
			"to": [8.9, 11.25, 8.9],
			"rotation": {"angle": 0, "axis": "z", "origin": [7.5, 11.5, 8]},
			"faces": {
				"north": {"uv": [3, 4, 3.75, 4.5], "texture": "#5"},
				"east": {"uv": [4, 3, 4.75, 3.5], "texture": "#5"},
				"south": {"uv": [4, 3.5, 4.75, 4], "texture": "#5"},
				"west": {"uv": [4, 4, 4.75, 4.5], "texture": "#5"},
				"up": {"uv": [3.75, 2.75, 3, 2], "texture": "#5"},
				"down": {"uv": [3.75, 3, 3, 3.75], "texture": "#5"}
			}
		},
		{
			"name": "gold_thing",
			"from": [7.1, 10.35, 7.25],
			"to": [7.4, 10.75, 8.75],
			"rotation": {"angle": 22.5, "axis": "z", "origin": [7.1, 10.75, 8]},
			"faces": {
				"north": {"uv": [2, 8, 2.25, 8.25], "texture": "#5"},
				"east": {"uv": [6.5, 4, 7, 4.25], "texture": "#5"},
				"south": {"uv": [8, 2, 8.25, 2.25], "texture": "#5"},
				"west": {"uv": [4.5, 6.5, 5, 6.75], "texture": "#5"},
				"up": {"uv": [6.75, 5, 6.5, 4.5], "texture": "#5"},
				"down": {"uv": [5.25, 6.5, 5, 7], "texture": "#5"}
			}
		},
		{
			"name": "gold_thing",
			"from": [7.25, 10.35, 7.1],
			"to": [8.75, 10.75, 7.4],
			"rotation": {"angle": -22.5, "axis": "x", "origin": [8, 10.75, 7.1]},
			"faces": {
				"north": {"uv": [2.5, 7, 3, 7.25], "texture": "#5"},
				"east": {"uv": [4, 8, 4.25, 8.25], "texture": "#5"},
				"south": {"uv": [7, 2.5, 7.5, 2.75], "texture": "#5"},
				"west": {"uv": [8, 4, 8.25, 4.25], "texture": "#5"},
				"up": {"uv": [3.5, 7.25, 3, 7], "texture": "#5"},
				"down": {"uv": [7.5, 3, 7, 3.25], "texture": "#5"}
			}
		},
		{
			"name": "gold_thing",
			"from": [8.1, 12.25, 8.1],
			"to": [8.9, 13.25, 8.9],
			"rotation": {"angle": 0, "axis": "z", "origin": [8.25, 13.5, 8]},
			"faces": {
				"north": {"uv": [6.5, 3, 6.75, 3.5], "texture": "#5"},
				"east": {"uv": [3.5, 6.5, 3.75, 7], "texture": "#5"},
				"south": {"uv": [6.5, 3.5, 6.75, 4], "texture": "#5"},
				"west": {"uv": [4, 6.5, 4.25, 7], "texture": "#5"},
				"up": {"uv": [8.25, 1.25, 8, 1], "texture": "#5"},
				"down": {"uv": [8.25, 1.5, 8, 1.75], "texture": "#5"}
			}
		},
		{
			"name": "gold_thing",
			"from": [8.6, 14.5, 7.25],
			"to": [8.9, 14.9, 8.75],
			"rotation": {"angle": 22.5, "axis": "z", "origin": [8.9, 14.5, 8]},
			"faces": {
				"north": {"uv": [2.5, 8, 2.75, 8.25], "texture": "#5"},
				"east": {"uv": [6.5, 5, 7, 5.25], "texture": "#5"},
				"south": {"uv": [8, 2.5, 8.25, 2.75], "texture": "#5"},
				"west": {"uv": [5.5, 6.5, 6, 6.75], "texture": "#5"},
				"up": {"uv": [6.75, 6, 6.5, 5.5], "texture": "#5"},
				"down": {"uv": [6.25, 6.5, 6, 7], "texture": "#5"}
			}
		},
		{
			"name": "gold_thing",
			"from": [7.25, 14.5, 8.6],
			"to": [8.75, 14.9, 8.9],
			"rotation": {"angle": -22.5, "axis": "x", "origin": [8, 14.5, 8.9]},
			"faces": {
				"north": {"uv": [3.5, 7, 4, 7.25], "texture": "#5"},
				"east": {"uv": [4.5, 8, 4.75, 8.25], "texture": "#5"},
				"south": {"uv": [7, 3.5, 7.5, 3.75], "texture": "#5"},
				"west": {"uv": [8, 4.5, 8.25, 4.75], "texture": "#5"},
				"up": {"uv": [4.5, 7.25, 4, 7], "texture": "#5"},
				"down": {"uv": [7.5, 4, 7, 4.25], "texture": "#5"}
			}
		},
		{
			"name": "gold_thing",
			"from": [7.6, 11.25, 7.6],
			"to": [8.9, 11.5, 8.9],
			"rotation": {"angle": 0, "axis": "z", "origin": [7.75, 12.25, 8.05]},
			"faces": {
				"north": {"uv": [2, 0, 2.75, 0.75], "texture": "#5"},
				"east": {"uv": [2, 1, 2.75, 1.75], "texture": "#5"},
				"south": {"uv": [2, 2, 2.75, 2.75], "texture": "#5"},
				"west": {"uv": [3, 0, 3.75, 0.75], "texture": "#5"},
				"up": {"uv": [3.75, 1.75, 3, 1], "texture": "#5"},
				"down": {"uv": [2.75, 3, 2, 3.75], "texture": "#5"}
			}
		},
		{
			"name": "gold_thing",
			"from": [8.6, 10.35, 7.25],
			"to": [8.9, 10.75, 8.75],
			"rotation": {"angle": -22.5, "axis": "z", "origin": [8.9, 10.75, 8]},
			"faces": {
				"north": {"uv": [3, 8, 3.25, 8.25], "texture": "#5"},
				"east": {"uv": [6.5, 6, 7, 6.25], "texture": "#5"},
				"south": {"uv": [8, 3, 8.25, 3.25], "texture": "#5"},
				"west": {"uv": [6.5, 6.5, 7, 6.75], "texture": "#5"},
				"up": {"uv": [7.25, 0.5, 7, 0], "texture": "#5"},
				"down": {"uv": [7.25, 0.5, 7, 1], "texture": "#5"}
			}
		},
		{
			"name": "gold_thing",
			"from": [7.25, 10.35, 8.6],
			"to": [8.75, 10.75, 8.9],
			"rotation": {"angle": 22.5, "axis": "x", "origin": [8, 10.75, 8.9]},
			"faces": {
				"north": {"uv": [4.5, 7, 5, 7.25], "texture": "#5"},
				"east": {"uv": [5, 8, 5.25, 8.25], "texture": "#5"},
				"south": {"uv": [7, 4.5, 7.5, 4.75], "texture": "#5"},
				"west": {"uv": [8, 5, 8.25, 5.25], "texture": "#5"},
				"up": {"uv": [5.5, 7.25, 5, 7], "texture": "#5"},
				"down": {"uv": [7.5, 5, 7, 5.25], "texture": "#5"}
			}
		},
		{
			"from": [7.25, -14, 7.25],
			"to": [8.75, 15.2, 8.75],
			"rotation": {"angle": 0, "axis": "z", "origin": [7.5, 14.5, 8]},
			"faces": {
				"north": {"uv": [0, 0, 0.5, 13], "texture": "#5"},
				"east": {"uv": [0.5, 0, 1, 13], "texture": "#5"},
				"south": {"uv": [1, 0, 1.5, 13], "texture": "#5"},
				"west": {"uv": [1.5, 0, 2, 13], "texture": "#5"},
				"up": {"uv": [5.5, 4.5, 5, 4], "texture": "#5"},
				"down": {"uv": [5.5, 4.5, 5, 5], "texture": "#5"}
			}
		},
		{
			"from": [7.35, -10.5, 7.35],
			"to": [8.65, -7.75, 8.65],
			"rotation": {"angle": 0, "axis": "z", "origin": [7.5, -7.75, 8]},
			"faces": {
				"north": {"uv": [2, 0, 2.75, 0.75], "texture": "#5"},
				"east": {"uv": [2, 1, 2.75, 1.75], "texture": "#5"},
				"south": {"uv": [2, 2, 2.75, 2.75], "texture": "#5"},
				"west": {"uv": [3, 0, 3.75, 0.75], "texture": "#5"},
				"up": {"uv": [3.75, 1.75, 3, 1], "texture": "#5"},
				"down": {"uv": [2.75, 3, 2, 3.75], "texture": "#5"}
			}
		},
		{
			"from": [7.1, -14.25, 7.1],
			"to": [8.9, -13.75, 8.9],
			"rotation": {"angle": 0, "axis": "z", "origin": [7.5, -13.75, 8]},
			"faces": {
				"north": {"uv": [2, 0, 2.75, 0.75], "texture": "#5"},
				"east": {"uv": [2, 1, 2.75, 1.75], "texture": "#5"},
				"south": {"uv": [2, 2, 2.75, 2.75], "texture": "#5"},
				"west": {"uv": [3, 0, 3.75, 0.75], "texture": "#5"},
				"up": {"uv": [3.75, 1.75, 3, 1], "texture": "#5"},
				"down": {"uv": [2.75, 3, 2, 3.75], "texture": "#5"}
			}
		},
		{
			"from": [7.35, -14.5, 7.35],
			"to": [8.65, -14.25, 8.65],
			"rotation": {"angle": 0, "axis": "z", "origin": [7.5, -14.25, 8]},
			"faces": {
				"north": {"uv": [2, 0, 2.75, 0.75], "texture": "#5"},
				"east": {"uv": [2, 1, 2.75, 1.75], "texture": "#5"},
				"south": {"uv": [2, 2, 2.75, 2.75], "texture": "#5"},
				"west": {"uv": [3, 0, 3.75, 0.75], "texture": "#5"},
				"up": {"uv": [3.75, 1.75, 3, 1], "texture": "#5"},
				"down": {"uv": [2.75, 3, 2, 3.75], "texture": "#5"}
			}
		},
		{
			"from": [7.1, 0, 7.1],
			"to": [8.9, 0.5, 8.9],
			"rotation": {"angle": 0, "axis": "z", "origin": [7.5, 0.5, 8]},
			"faces": {
				"north": {"uv": [5, 5, 5.75, 5.25], "texture": "#5"},
				"east": {"uv": [5.5, 0, 6.25, 0.25], "texture": "#5"},
				"south": {"uv": [5.5, 0.5, 6.25, 0.75], "texture": "#5"},
				"west": {"uv": [5.5, 1, 6.25, 1.25], "texture": "#5"},
				"up": {"uv": [4.75, 0.75, 4, 0], "texture": "#5"},
				"down": {"uv": [4.75, 1, 4, 1.75], "texture": "#5"}
			}
		},
		{
			"from": [7.1, -5, 7.1],
			"to": [8.9, -4.5, 8.9],
			"rotation": {"angle": 0, "axis": "z", "origin": [7.5, -4.5, 8]},
			"faces": {
				"north": {"uv": [5.5, 1.5, 6.25, 1.75], "texture": "#5"},
				"east": {"uv": [5.5, 2, 6.25, 2.25], "texture": "#5"},
				"south": {"uv": [5.5, 2.5, 6.25, 2.75], "texture": "#5"},
				"west": {"uv": [3, 5.5, 3.75, 5.75], "texture": "#5"},
				"up": {"uv": [2.75, 4.75, 2, 4], "texture": "#5"},
				"down": {"uv": [4.75, 2, 4, 2.75], "texture": "#5"}
			}
		},
		{
			"from": [8.35, 15.5, 7.6],
			"to": [8.65, 16.75, 8.4],
			"rotation": {"angle": 0, "axis": "z", "origin": [7.5, 18, 8]},
			"faces": {
				"north": {"uv": [5.5, 3, 5.75, 3.75], "texture": "#5"},
				"east": {"uv": [3, 4.5, 3.5, 5.25], "texture": "#5"},
				"south": {"uv": [4, 5.5, 4.25, 6.25], "texture": "#5"},
				"west": {"uv": [3.5, 4.5, 4, 5.25], "texture": "#5"},
				"up": {"uv": [6.75, 7.5, 6.5, 7], "texture": "#5"},
				"down": {"uv": [7.25, 6.5, 7, 7], "texture": "#5"}
			}
		},
		{
			"from": [7.65, 15, 7.6],
			"to": [8.35, 16.25, 8.4],
			"rotation": {"angle": 0, "axis": "z", "origin": [7.2, 18, 8]},
			"faces": {
				"north": {"uv": [5.5, 4, 5.75, 4.75], "texture": "#5"},
				"east": {"uv": [4, 4.5, 4.5, 5.25], "texture": "#5"},
				"south": {"uv": [4.5, 5.5, 4.75, 6.25], "texture": "#5"},
				"west": {"uv": [4.5, 4.5, 5, 5.25], "texture": "#5"},
				"up": {"uv": [7.25, 7.5, 7, 7], "texture": "#5"},
				"down": {"uv": [7.75, 0, 7.5, 0.5], "texture": "#5"}
			}
		},
		{
			"from": [7.35, 15.5, 7.6],
			"to": [7.65, 16.75, 8.4],
			"rotation": {"angle": 0, "axis": "z", "origin": [6.75, 18, 8]},
			"faces": {
				"north": {"uv": [5, 5.5, 5.25, 6.25], "texture": "#5"},
				"east": {"uv": [5, 0, 5.5, 0.75], "texture": "#5"},
				"south": {"uv": [5.5, 5.5, 5.75, 6.25], "texture": "#5"},
				"west": {"uv": [5, 1, 5.5, 1.75], "texture": "#5"},
				"up": {"uv": [7.75, 1, 7.5, 0.5], "texture": "#5"},
				"down": {"uv": [7.75, 1, 7.5, 1.5], "texture": "#5"}
			}
		},
		{
			"from": [7.35, 15, 7.6],
			"to": [7.65, 15.5, 8.4],
			"rotation": {"angle": 22.5, "axis": "z", "origin": [7.35, 15.5, 8]},
			"faces": {
				"north": {"uv": [6, 8, 6.25, 8.25], "texture": "#5"},
				"east": {"uv": [7.5, 1.5, 8, 1.75], "texture": "#5"},
				"south": {"uv": [8, 6, 8.25, 6.25], "texture": "#5"},
				"west": {"uv": [2, 7.5, 2.5, 7.75], "texture": "#5"},
				"up": {"uv": [7.75, 2.5, 7.5, 2], "texture": "#5"},
				"down": {"uv": [2.75, 7.5, 2.5, 8], "texture": "#5"}
			}
		},
		{
			"from": [7.5, 15.2, 7.5],
			"to": [8.5, 15.7, 7.8],
			"rotation": {"angle": 22.5, "axis": "x", "origin": [8, 15.2, 7.5]},
			"faces": {
				"north": {"uv": [7.5, 2.5, 8, 2.75], "texture": "#5"},
				"east": {"uv": [6.5, 8, 6.75, 8.25], "texture": "#5"},
				"south": {"uv": [3, 7.5, 3.5, 7.75], "texture": "#5"},
				"west": {"uv": [8, 6.5, 8.25, 6.75], "texture": "#5"},
				"up": {"uv": [8, 3.25, 7.5, 3], "texture": "#5"},
				"down": {"uv": [4, 7.5, 3.5, 7.75], "texture": "#5"}
			}
		},
		{
			"from": [7.5, 15.2, 8.2],
			"to": [8.5, 15.7, 8.5],
			"rotation": {"angle": -22.5, "axis": "x", "origin": [8, 15.2, 8.5]},
			"faces": {
				"north": {"uv": [7.5, 3.5, 8, 3.75], "texture": "#5"},
				"east": {"uv": [7, 8, 7.25, 8.25], "texture": "#5"},
				"south": {"uv": [4, 7.5, 4.5, 7.75], "texture": "#5"},
				"west": {"uv": [8, 7, 8.25, 7.25], "texture": "#5"},
				"up": {"uv": [8, 4.25, 7.5, 4], "texture": "#5"},
				"down": {"uv": [5, 7.5, 4.5, 7.75], "texture": "#5"}
			}
		},
		{
			"from": [8.35, 15, 7.6],
			"to": [8.65, 15.5, 8.4],
			"rotation": {"angle": -22.5, "axis": "z", "origin": [8.65, 15.5, 8]},
			"faces": {
				"north": {"uv": [7.5, 8, 7.75, 8.25], "texture": "#5"},
				"east": {"uv": [7.5, 4.5, 8, 4.75], "texture": "#5"},
				"south": {"uv": [8, 7.5, 8.25, 7.75], "texture": "#5"},
				"west": {"uv": [5, 7.5, 5.5, 7.75], "texture": "#5"},
				"up": {"uv": [7.75, 5.5, 7.5, 5], "texture": "#5"},
				"down": {"uv": [5.75, 7.5, 5.5, 8], "texture": "#5"}
			}
		},
		{
			"from": [6.425, 16, 7.6],
			"to": [6.725, 17.425, 8.4],
			"rotation": {"angle": 22.5, "axis": "z", "origin": [5.825, 18.575, 8]},
			"faces": {
				"north": {"uv": [2, 6, 2.25, 6.75], "texture": "#5"},
				"east": {"uv": [2, 5, 2.5, 5.75], "texture": "#5"},
				"south": {"uv": [2.5, 6, 2.75, 6.75], "texture": "#5"},
				"west": {"uv": [5, 2, 5.5, 2.75], "texture": "#5"},
				"up": {"uv": [7.75, 6, 7.5, 5.5], "texture": "#5"},
				"down": {"uv": [6.25, 7.5, 6, 8], "texture": "#5"}
			}
		},
		{
			"from": [9.375, 16.6, 7.6],
			"to": [9.675, 17.975, 8.4],
			"rotation": {"angle": -22.5, "axis": "z", "origin": [8.775, 19.125, 8]},
			"faces": {
				"north": {"uv": [3, 6, 3.25, 6.75], "texture": "#5"},
				"east": {"uv": [2.5, 5, 3, 5.75], "texture": "#5"},
				"south": {"uv": [6, 3, 6.25, 3.75], "texture": "#5"},
				"west": {"uv": [5, 3, 5.5, 3.75], "texture": "#5"},
				"up": {"uv": [7.75, 6.5, 7.5, 6], "texture": "#5"},
				"down": {"uv": [6.75, 7.5, 6.5, 8], "texture": "#5"}
			}
		}
	],
	"display": {
		"thirdperson_righthand": {
			"rotation": [7, -68, 8],
			"translation": [-0.25, 3.75, 0.25]
		},
		"thirdperson_lefthand": {
			"rotation": [7, -68, 8],
			"translation": [-0.25, 3.75, 0.25]
		},
		"firstperson_righthand": {
			"rotation": [-8, -87, 0],
			"translation": [3.75, 2.25, 0],
			"scale": [0.6, 0.6, 0.6]
		},
		"firstperson_lefthand": {
			"rotation": [-8, -87, 0],
			"translation": [3.75, 2.25, 0],
			"scale": [0.6, 0.6, 0.6]
		},
		"ground": {
			"rotation": [-80, -9, 0],
			"translation": [0, 0.75, 0],
			"scale": [0.7, 0.7, 0.7]
		},
		"gui": {
			"rotation": [0, -18, 49],
			"translation": [0.25, 0.25, 0],
			"scale": [0.5, 0.5, 0.5]
		}
	},
	"groups": [
		{
			"name": "staff_top",
			"origin": [8, 8, 8],
			"color": 0,
			"children": [
				0,
				1,
				2,
				3,
				4,
				5,
				6,
				7,
				8,
				9,
				10,
				11,
				12,
				13,
				14,
				15,
				16,
				17,
				18,
				19,
				20,
				21,
				22,
				23,
				24,
				25,
				26,
				27,
				28,
				29,
				30,
				31,
				32,
				33,
				34,
				35,
				36,
				37,
				38,
				39,
				40,
				41,
				42,
				{
					"name": "side1",
					"origin": [16.2435, 15.02526, 0],
					"color": 0,
					"children": []
				},
				{
					"name": "side1",
					"origin": [16.2435, 15.02526, 0],
					"color": 0,
					"children": [
						43,
						44,
						45,
						46,
						47,
						48,
						49,
						50,
						51,
						52,
						53,
						54,
						55,
						56,
						57,
						58,
						59,
						60,
						61,
						62,
						63,
						64,
						65,
						66,
						67,
						68,
						69,
						70,
						71,
						72,
						73,
						74,
						75,
						76,
						77,
						78,
						79,
						80,
						81,
						82,
						83,
						84,
						85,
						86,
						87,
						88,
						89,
						90,
						91,
						92,
						93
					]
				}
			]
		},
		{
			"name": "staff_handle",
			"origin": [8.775, 17.125, 8],
			"color": 0,
			"children": [94, 95, 96, 97, 98, 99, 100, 101, 102, 103, 104, 105, 106, 107, 108, 109, 110, 111, 112, 113, 114, 115, 116, 117, 118, 119, 120, 121, 122, 123, 124, 125, 126, 127, 128]
		},
		{
			"name": "staff_handle_big",
			"origin": [8.775, 17.125, 8],
			"color": 0,
			"children": [129, 130, 131, 132, 133, 134, 135, 136, 137, 138, 139, 140, 141, 142, 143, 144, 145, 146, 147, 148, 149, 150, 151, 152, 153, 154, 155, 156, 157, 158, 159, 160, 161, 162, 163]
		}
	]
}