{
	"credit": "Made with Blockbench",
	"textures": {
		"3": "custom/nether_portal",
		"particle": "custom/portal"
	},
	"elements": [
		{
			"from": [-4.24529, 11.56899, 7],
			"to": [-3.24529, 14.56899, 9],
			"rotation": {"angle": -45, "axis": "z", "origin": [7.95231, 9.86709, 8]},
			"color": 7,
			"faces": {
				"north": {"uv": [1, 0, 2, 3], "texture": "#missing"},
				"east": {"uv": [2, 0, 4, 3], "texture": "#missing"},
				"south": {"uv": [1, 0, 2, 3], "texture": "#missing"},
				"west": {"uv": [2, 0, 4, 3], "texture": "#missing"},
				"up": {"uv": [1, 0, 2, 2], "texture": "#missing"},
				"down": {"uv": [1, 0, 2, 2], "texture": "#missing"}
			}
		},
		{
			"from": [-1, 5.25, 7],
			"to": [0, 16, 9],
			"rotation": {"angle": 0, "axis": "y", "origin": [7.95231, 9.86709, 8]},
			"color": 7,
			"faces": {
				"north": {"uv": [1, 0, 2, 10.75], "texture": "#missing"},
				"east": {"uv": [2, 0, 4, 10.75], "texture": "#missing"},
				"south": {"uv": [1, 0, 2, 10.75], "texture": "#missing"},
				"west": {"uv": [2, 0, 4, 10.75], "texture": "#missing"},
				"up": {"uv": [1, 0, 2, 2], "texture": "#missing"},
				"down": {"uv": [1, 0, 2, 2], "texture": "#missing"}
			}
		},
		{
			"from": [1.45016, 2.16465, 7],
			"to": [6.97516, 3.16465, 9],
			"rotation": {"angle": -22.5, "axis": "z", "origin": [7.95231, 9.86709, 8]},
			"color": 7,
			"faces": {
				"north": {"uv": [5.525, 0, 11.05, 1], "texture": "#missing"},
				"east": {"uv": [2, 0, 4, 1], "texture": "#missing"},
				"south": {"uv": [5.525, 0, 11.05, 1], "texture": "#missing"},
				"west": {"uv": [2, 0, 4, 1], "texture": "#missing"},
				"up": {"uv": [5.525, 0, 11.05, 2], "texture": "#missing"},
				"down": {"uv": [5.525, 0, 11.05, 2], "texture": "#missing"}
			}
		},
		{
			"from": [9.61446, 2.30091, 7],
			"to": [12.96446, 3.30091, 9],
			"shade": false,
			"rotation": {"angle": -45, "axis": "z", "origin": [7.95231, 9.86709, 8]},
			"color": 7,
			"faces": {
				"north": {"uv": [3.35, 0, 6.7, 1], "texture": "#missing"},
				"east": {"uv": [2, 0, 4, 1], "texture": "#missing"},
				"south": {"uv": [3.35, 0, 6.7, 1], "texture": "#missing"},
				"west": {"uv": [2, 0, 4, 1], "texture": "#missing"},
				"up": {"uv": [3.35, 0, 6.7, 2], "texture": "#missing"},
				"down": {"uv": [3.35, 0, 6.7, 2], "texture": "#missing"}
			}
		},
		{
			"from": [2.80401, -0.8513, 7],
			"to": [3.80401, 2.7237, 9],
			"rotation": {"angle": 22.5, "axis": "z", "origin": [7.95231, 9.86709, 8]},
			"color": 7,
			"faces": {
				"north": {"uv": [0, 1, 3.575, 2], "rotation": 90, "texture": "#missing"},
				"east": {"uv": [0, 2, 3.575, 4], "rotation": 270, "texture": "#missing"},
				"south": {"uv": [0, 1, 3.575, 2], "rotation": 270, "texture": "#missing"},
				"west": {"uv": [0, 2, 3.575, 4], "rotation": 270, "texture": "#missing"},
				"up": {"uv": [0, 1, 2, 2], "rotation": 270, "texture": "#missing"},
				"down": {"uv": [0, 1, 2, 2], "rotation": 270, "texture": "#missing"}
			}
		},
		{
			"from": [5.50506, 0.49302, 7.5],
			"to": [13.35506, 1.49302, 8.5],
			"rotation": {"angle": -45, "axis": "z", "origin": [7.95231, 9.86709, 8]},
			"color": 8,
			"faces": {
				"north": {"uv": [7.85, 0, 15.7, 1], "texture": "#missing"},
				"east": {"uv": [1, 0, 2, 1], "texture": "#missing"},
				"south": {"uv": [7.85, 0, 15.7, 1], "texture": "#missing"},
				"west": {"uv": [1, 0, 2, 1], "texture": "#missing"},
				"up": {"uv": [7.85, 0, 15.7, 1], "texture": "#missing"},
				"down": {"uv": [7.85, 0, 15.7, 1], "texture": "#missing"}
			}
		},
		{
			"from": [7.75506, 1.49302, 7.5],
			"to": [13.35506, 2.49302, 8.5],
			"rotation": {"angle": -45, "axis": "z", "origin": [7.95231, 9.86709, 8]},
			"color": 8,
			"faces": {
				"north": {"uv": [5.6, 0, 11.2, 1], "texture": "#missing"},
				"east": {"uv": [1, 0, 2, 1], "texture": "#missing"},
				"south": {"uv": [5.6, 0, 11.2, 1], "texture": "#missing"},
				"west": {"uv": [1, 0, 2, 1], "texture": "#missing"},
				"up": {"uv": [5.6, 0, 11.2, 1], "texture": "#missing"},
				"down": {"uv": [5.6, 0, 11.2, 1], "texture": "#missing"}
			}
		},
		{
			"from": [10.00506, 2.49302, 7.5],
			"to": [13.10506, 3.24302, 8.5],
			"rotation": {"angle": -45, "axis": "z", "origin": [7.95231, 9.86709, 8]},
			"color": 8,
			"faces": {
				"north": {"uv": [3.1, 0, 6.2, 0.75], "texture": "#missing"},
				"east": {"uv": [1, 0, 2, 0.75], "texture": "#missing"},
				"south": {"uv": [3.1, 0, 6.2, 0.75], "texture": "#missing"},
				"west": {"uv": [1, 0, 2, 0.75], "texture": "#missing"},
				"up": {"uv": [3.1, 0, 6.2, 1], "texture": "#missing"},
				"down": {"uv": [3.1, 0, 6.2, 1], "texture": "#missing"}
			}
		},
		{
			"from": [1.05349, 0.06539, 7.5],
			"to": [3.40349, 2.41539, 8.5],
			"rotation": {"angle": 22.5, "axis": "z", "origin": [7.95231, 9.86709, 8]},
			"color": 8,
			"faces": {
				"north": {"uv": [0, 2.35, 2.35, 4.7], "rotation": 90, "texture": "#missing"},
				"east": {"uv": [0, 1, 2.35, 2], "rotation": 270, "texture": "#missing"},
				"south": {"uv": [0, 2.35, 2.35, 4.7], "rotation": 270, "texture": "#missing"},
				"west": {"uv": [0, 1, 2.35, 2], "rotation": 270, "texture": "#missing"},
				"up": {"uv": [0, 2.35, 1, 4.7], "rotation": 270, "texture": "#missing"},
				"down": {"uv": [0, 2.35, 1, 4.7], "rotation": 270, "texture": "#missing"}
			}
		},
		{
			"from": [5.33655, -2.19566, 7.5],
			"to": [7.43655, -0.34566, 8.5],
			"rotation": {"angle": 0, "axis": "z", "origin": [7.95231, 9.86709, 8]},
			"color": 8,
			"faces": {
				"north": {"uv": [0, 2.1, 1.85, 4.2], "rotation": 90, "texture": "#missing"},
				"east": {"uv": [0, 1, 1.85, 2], "rotation": 270, "texture": "#missing"},
				"south": {"uv": [0, 2.1, 1.85, 4.2], "rotation": 270, "texture": "#missing"},
				"west": {"uv": [0, 1, 1.85, 2], "rotation": 270, "texture": "#missing"},
				"up": {"uv": [0, 2.1, 1, 4.2], "rotation": 270, "texture": "#missing"},
				"down": {"uv": [0, 2.1, 1, 4.2], "rotation": 270, "texture": "#missing"}
			}
		},
		{
			"from": [5.25, 13.425, 7],
			"to": [6.25, 28.1, 9],
			"rotation": {"angle": 0, "axis": "y", "origin": [7.95231, 9.86709, 8]},
			"color": 7,
			"faces": {
				"north": {"uv": [1, 0, 2, 14.675], "texture": "#missing"},
				"east": {"uv": [2, 0, 4, 14.675], "texture": "#missing"},
				"south": {"uv": [1, 0, 2, 14.675], "texture": "#missing"},
				"west": {"uv": [2, 0, 4, 14.675], "texture": "#missing"},
				"up": {"uv": [1, 0, 2, 2], "texture": "#missing"},
				"down": {"uv": [1, 0, 2, 2], "texture": "#missing"}
			}
		},
		{
			"from": [2.47096, 7.91133, 7],
			"to": [3.47096, 10.98633, 9],
			"rotation": {"angle": 0, "axis": "y", "origin": [7.76096, 9.40515, 8]},
			"color": 7,
			"faces": {
				"north": {"uv": [1, 0, 2, 3.075], "texture": "#missing"},
				"east": {"uv": [2, 0, 4, 3.075], "texture": "#missing"},
				"south": {"uv": [1, 0, 2, 3.075], "texture": "#missing"},
				"west": {"uv": [2, 0, 4, 3.075], "texture": "#missing"},
				"up": {"uv": [1, 0, 2, 2], "texture": "#missing"},
				"down": {"uv": [1, 0, 2, 2], "texture": "#missing"}
			}
		},
		{
			"from": [3.93384, 9.21616, 7],
			"to": [4.93384, 10.21616, 9],
			"rotation": {"angle": -45, "axis": "z", "origin": [7.95231, 11.86709, 8]},
			"color": 7,
			"faces": {
				"north": {"uv": [1, 0, 2, 1], "texture": "#missing"},
				"east": {"uv": [2, 0, 4, 1], "texture": "#missing"},
				"south": {"uv": [1, 0, 2, 1], "texture": "#missing"},
				"west": {"uv": [2, 0, 4, 1], "texture": "#missing"},
				"up": {"uv": [1, 0, 2, 2], "texture": "#missing"},
				"down": {"uv": [1, 0, 2, 2], "texture": "#missing"}
			}
		},
		{
			"from": [1.92732, 9.5115, 7],
			"to": [2.92732, 10.5115, 9],
			"rotation": {"angle": 45, "axis": "z", "origin": [7.95231, 9.86709, 8]},
			"color": 7,
			"faces": {
				"north": {"uv": [1, 0, 2, 1], "texture": "#missing"},
				"east": {"uv": [2, 0, 4, 1], "texture": "#missing"},
				"south": {"uv": [1, 0, 2, 1], "texture": "#missing"},
				"west": {"uv": [2, 0, 4, 1], "texture": "#missing"},
				"up": {"uv": [1, 0, 2, 2], "texture": "#missing"},
				"down": {"uv": [1, 0, 2, 2], "texture": "#missing"}
			}
		},
		{
			"from": [4.88925, 13.94789, 7],
			"to": [6.96425, 14.94789, 9],
			"rotation": {"angle": 22.5, "axis": "z", "origin": [7.95231, 11.86709, 8]},
			"color": 7,
			"faces": {
				"north": {"uv": [0, 1, 1, 3.075], "rotation": 90, "texture": "#missing"},
				"east": {"uv": [0, 2, 1, 4], "rotation": 270, "texture": "#missing"},
				"south": {"uv": [0, 1, 1, 3.075], "rotation": 270, "texture": "#missing"},
				"west": {"uv": [0, 2, 1, 4], "rotation": 270, "texture": "#missing"},
				"up": {"uv": [0, 1, 2, 3.075], "rotation": 270, "texture": "#missing"},
				"down": {"uv": [0, 1, 2, 3.075], "rotation": 270, "texture": "#missing"}
			}
		},
		{
			"from": [5.97516, 4.16465, 7],
			"to": [8.47516, 5.16465, 9],
			"rotation": {"angle": -22.5, "axis": "z", "origin": [7.95231, 9.86709, 8]},
			"color": 7,
			"faces": {
				"north": {"uv": [0, 2, 1, 4.5], "rotation": 90, "texture": "#missing"},
				"east": {"uv": [0, 2, 1, 4], "rotation": 270, "texture": "#missing"},
				"south": {"uv": [0, 2, 1, 4.5], "rotation": 270, "texture": "#missing"},
				"west": {"uv": [0, 2, 1, 4], "rotation": 270, "texture": "#missing"},
				"up": {"uv": [0, 2, 2, 4.5], "rotation": 270, "texture": "#missing"},
				"down": {"uv": [0, 2, 2, 4.5], "rotation": 270, "texture": "#missing"}
			}
		},
		{
			"from": [2.39334, 5.5258, 7],
			"to": [4.64334, 6.5258, 9],
			"rotation": {"angle": 22.5, "axis": "z", "origin": [7.95231, 9.86709, 8]},
			"color": 7,
			"faces": {
				"north": {"uv": [0, 2.25, 1, 4.5], "rotation": 90, "texture": "#missing"},
				"east": {"uv": [0, 2, 1, 4], "rotation": 270, "texture": "#missing"},
				"south": {"uv": [0, 2.25, 1, 4.5], "rotation": 270, "texture": "#missing"},
				"west": {"uv": [0, 2, 1, 4], "rotation": 270, "texture": "#missing"},
				"up": {"uv": [0, 2.25, 2, 4.5], "rotation": 270, "texture": "#missing"},
				"down": {"uv": [0, 2.25, 2, 4.5], "rotation": 270, "texture": "#missing"}
			}
		},
		{
			"from": [2.72783, 3.72894, 7],
			"to": [4.47783, 4.72894, 9],
			"rotation": {"angle": 0, "axis": "z", "origin": [7.95231, 9.86709, 8]},
			"color": 7,
			"faces": {
				"north": {"uv": [0, 1.75, 1, 3.5], "rotation": 90, "texture": "#missing"},
				"east": {"uv": [0, 2, 1, 4], "rotation": 270, "texture": "#missing"},
				"south": {"uv": [0, 1.75, 1, 3.5], "rotation": 270, "texture": "#missing"},
				"west": {"uv": [0, 2, 1, 4], "rotation": 270, "texture": "#missing"},
				"up": {"uv": [0, 1.75, 2, 3.5], "rotation": 270, "texture": "#missing"},
				"down": {"uv": [0, 1.75, 2, 3.5], "rotation": 270, "texture": "#missing"}
			}
		},
		{
			"from": [3.22526, 8.95575, 7],
			"to": [4.22526, 10.95575, 9],
			"rotation": {"angle": -22.5, "axis": "z", "origin": [7.95231, 11.86709, 8]},
			"color": 7,
			"faces": {
				"north": {"uv": [1, 0, 2, 2], "texture": "#missing"},
				"east": {"uv": [2, 0, 4, 2], "texture": "#missing"},
				"south": {"uv": [1, 0, 2, 2], "texture": "#missing"},
				"west": {"uv": [2, 0, 4, 2], "texture": "#missing"},
				"up": {"uv": [1, 0, 2, 2], "texture": "#missing"},
				"down": {"uv": [1, 0, 2, 2], "texture": "#missing"}
			}
		},
		{
			"from": [2.13934, 8.15679, 7],
			"to": [3.13934, 10.15679, 9],
			"rotation": {"angle": 22.5, "axis": "z", "origin": [7.95231, 9.86709, 8]},
			"color": 7,
			"faces": {
				"north": {"uv": [1, 0, 2, 2], "texture": "#missing"},
				"east": {"uv": [2, 0, 4, 2], "texture": "#missing"},
				"south": {"uv": [1, 0, 2, 2], "texture": "#missing"},
				"west": {"uv": [2, 0, 4, 2], "texture": "#missing"},
				"up": {"uv": [1, 0, 2, 2], "texture": "#missing"},
				"down": {"uv": [1, 0, 2, 2], "texture": "#missing"}
			}
		},
		{
			"from": [-2.66551, 12.10726, 7],
			"to": [-1.66551, 16.10726, 9],
			"rotation": {"angle": -22.5, "axis": "z", "origin": [7.95231, 9.86709, 8]},
			"color": 7,
			"faces": {
				"north": {"uv": [1, 0, 2, 4], "texture": "#missing"},
				"east": {"uv": [2, 0, 4, 4], "texture": "#missing"},
				"south": {"uv": [1, 0, 2, 4], "texture": "#missing"},
				"west": {"uv": [2, 0, 4, 4], "texture": "#missing"},
				"up": {"uv": [1, 0, 2, 2], "texture": "#missing"},
				"down": {"uv": [1, 0, 2, 2], "texture": "#missing"}
			}
		},
		{
			"from": [-1.59358, 18.49622, 7],
			"to": [-0.59358, 26.04622, 9],
			"rotation": {"angle": -22.5, "axis": "z", "origin": [7.95231, 9.86709, 8]},
			"color": 7,
			"faces": {
				"north": {"uv": [1, 0, 2, 7.55], "texture": "#missing"},
				"east": {"uv": [2, 0, 4, 7.55], "texture": "#missing"},
				"south": {"uv": [1, 0, 2, 7.55], "texture": "#missing"},
				"west": {"uv": [2, 0, 4, 7.55], "texture": "#missing"},
				"up": {"uv": [1, 0, 2, 2], "texture": "#missing"},
				"down": {"uv": [1, 0, 2, 2], "texture": "#missing"}
			}
		},
		{
			"from": [8, -2.7, 7],
			"to": [9, -1.7, 9],
			"rotation": {"angle": 45, "axis": "z", "origin": [8, -2.7, 7]},
			"color": 6,
			"faces": {
				"north": {"uv": [0, 0, 1, 1], "texture": "#missing"},
				"east": {"uv": [0, 0, 2, 1], "texture": "#missing"},
				"south": {"uv": [0, 0, 1, 1], "texture": "#missing"},
				"west": {"uv": [0, 0, 2, 1], "texture": "#missing"},
				"up": {"uv": [0, 0, 1, 2], "texture": "#missing"},
				"down": {"uv": [0, 0, 1, 2], "texture": "#missing"}
			}
		},
		{
			"name": "portal_surface_left",
			"from": [0, 5, 7.5],
			"to": [5, 6, 8.5],
			"rotation": {"angle": 0, "axis": "y", "origin": [0, 5, 7.5]},
			"faces": {
				"north": {"uv": [11, 14, 16, 15], "texture": "#3"},
				"south": {"uv": [11, 14, 16, 15], "texture": "#3"}
			}
		},
		{
			"name": "portal_surface_left",
			"from": [2, 4, 7.5],
			"to": [5, 5, 8.5],
			"rotation": {"angle": 0, "axis": "y", "origin": [0, 4, 7.5]},
			"faces": {
				"north": {"uv": [11, 15, 14, 16], "texture": "#3"},
				"south": {"uv": [11, 15, 14, 16], "texture": "#3"}
			}
		},
		{
			"name": "portal_surface_left",
			"from": [0, 6, 7.5],
			"to": [3.925, 7, 8.5],
			"rotation": {"angle": 0, "axis": "y", "origin": [0, 6, 7.5]},
			"faces": {
				"north": {"uv": [12, 13, 16, 14], "texture": "#3"},
				"south": {"uv": [12, 13, 16, 14], "texture": "#3"}
			}
		},
		{
			"name": "portal_surface_left",
			"from": [0, 7, 7.5],
			"to": [3, 12, 8.5],
			"rotation": {"angle": 0, "axis": "y", "origin": [0, 7, 7.5]},
			"faces": {
				"north": {"uv": [13, 8, 16, 13], "texture": "#3"},
				"south": {"uv": [13, 8, 16, 13], "texture": "#3"}
			}
		},
		{
			"name": "portal_surface_left",
			"from": [0, 12, 7.5],
			"to": [3.95, 13, 8.5],
			"rotation": {"angle": 0, "axis": "y", "origin": [0, 12, 7.5]},
			"faces": {
				"north": {"uv": [12, 7, 16, 8], "texture": "#3"},
				"south": {"uv": [12, 7, 16, 8], "texture": "#3"}
			}
		},
		{
			"name": "portal_surface_left",
			"from": [0, 13, 7.5],
			"to": [5, 14, 8.5],
			"rotation": {"angle": 0, "axis": "y", "origin": [0, 13, 7.5]},
			"faces": {
				"north": {"uv": [11, 6, 16, 7], "texture": "#3"},
				"south": {"uv": [11, 6, 16, 7], "texture": "#3"}
			}
		},
		{
			"name": "portal_surface_left",
			"from": [0, 14, 7.5],
			"to": [6, 18, 8.5],
			"rotation": {"angle": 0, "axis": "y", "origin": [0, 14, 7.5]},
			"faces": {
				"north": {"uv": [10, 2, 16, 6], "texture": "#3"},
				"south": {"uv": [10, 2, 16, 6], "texture": "#3"}
			}
		},
		{
			"name": "portal_surface_left",
			"from": [0.9, 18, 7.5],
			"to": [6, 20, 8.5],
			"rotation": {"angle": 0, "axis": "y", "origin": [0, 18, 7.5]},
			"faces": {
				"north": {"uv": [10, 0, 15, 2], "texture": "#3"},
				"south": {"uv": [10, 0, 15, 2], "texture": "#3"}
			}
		},
		{
			"name": "portal_surface_left",
			"from": [2, 20, 7.5],
			"to": [6, 21, 8.5],
			"rotation": {"angle": 0, "axis": "y", "origin": [0, 20, 7.5]},
			"faces": {
				"north": {"uv": [10, 15, 14, 16], "texture": "#3"},
				"south": {"uv": [10, 15, 14, 16], "texture": "#3"}
			}
		},
		{
			"name": "portal_surface_left",
			"from": [3.25, 21, 7.5],
			"to": [6, 23, 8.5],
			"rotation": {"angle": 0, "axis": "y", "origin": [0, 21, 7.5]},
			"faces": {
				"north": {"uv": [10, 13, 13, 15], "texture": "#3"},
				"south": {"uv": [10, 13, 13, 15], "texture": "#3"}
			}
		},
		{
			"name": "portal_surface_left",
			"from": [4, 23, 7.5],
			"to": [6, 25, 8.5],
			"rotation": {"angle": 0, "axis": "y", "origin": [0, 23, 7.5]},
			"faces": {
				"north": {"uv": [10, 11, 12, 13], "texture": "#3"},
				"south": {"uv": [10, 11, 12, 13], "texture": "#3"}
			}
		},
		{
			"name": "portal_surface_left",
			"from": [5, 25, 7.5],
			"to": [6, 26, 8.5],
			"rotation": {"angle": 0, "axis": "y", "origin": [0, 25, 7.5]},
			"faces": {
				"north": {"uv": [10, 10, 11, 11], "texture": "#3"},
				"south": {"uv": [10, 10, 11, 11], "texture": "#3"}
			}
		},
		{
			"from": [5.39542, 27.86137, 7],
			"to": [6.10792, 28.56137, 9],
			"rotation": {"angle": 22.5, "axis": "z", "origin": [5.59542, 28.33637, 0]},
			"color": 7,
			"faces": {
				"north": {"uv": [0, 0, 0.7125, 0.7], "texture": "#missing"},
				"east": {"uv": [0, 0, 2, 0.7], "texture": "#missing"},
				"south": {"uv": [0, 0, 0.7125, 0.7], "texture": "#missing"},
				"west": {"uv": [0, 0, 2, 0.7], "texture": "#missing"},
				"up": {"uv": [0, 0, 0.7125, 2], "texture": "#missing"},
				"down": {"uv": [0, 0, 0.7125, 2], "texture": "#missing"}
			}
		},
		{
			"from": [2.14494, 1.74302, 7.5],
			"to": [3.99494, 2.74302, 8.5],
			"rotation": {"angle": -22.5, "axis": "z", "origin": [8.04769, 9.86709, 8]},
			"color": 8,
			"faces": {
				"north": {"uv": [0, 0, 1.85, 1], "texture": "#missing"},
				"east": {"uv": [0, 0, 1, 1], "texture": "#missing"},
				"south": {"uv": [0, 0, 1.85, 1], "texture": "#missing"},
				"west": {"uv": [0, 0, 1, 1], "texture": "#missing"},
				"up": {"uv": [0, 0, 1.85, 1], "texture": "#missing"},
				"down": {"uv": [0, 0, 1.85, 1], "texture": "#missing"}
			}
		},
		{
			"name": "portal_surface_middle",
			"from": [6.05, 1, 7.5],
			"to": [9.95, 2, 8.5],
			"rotation": {"angle": 0, "axis": "y", "origin": [6, 1, 7.5]},
			"faces": {
				"north": {"uv": [6, 13, 10, 14], "texture": "#3"},
				"south": {"uv": [6, 13, 10, 14], "texture": "#3"}
			}
		},
		{
			"name": "portal_surface_middle",
			"from": [5.1, 2, 7.5],
			"to": [10.9, 3, 8.5],
			"rotation": {"angle": 0, "axis": "y", "origin": [6, 2, 7.5]},
			"faces": {
				"north": {"uv": [5, 12, 11, 13], "texture": "#3"},
				"south": {"uv": [5, 12, 11, 13], "texture": "#3"}
			}
		},
		{
			"name": "portal_surface_middle",
			"from": [4.1, 3, 7.5],
			"to": [11.875, 4, 8.5],
			"rotation": {"angle": 0, "axis": "y", "origin": [6, 3, 7.5]},
			"faces": {
				"north": {"uv": [4, 11, 12, 12], "texture": "#3"},
				"south": {"uv": [4, 11, 12, 12], "texture": "#3"}
			}
		},
		{
			"name": "portal_surface_middle",
			"from": [5, 4, 7.5],
			"to": [11, 5, 8.5],
			"rotation": {"angle": 0, "axis": "y", "origin": [6, 4, 7.5]},
			"faces": {
				"north": {"uv": [5, 10, 11, 11], "texture": "#3"},
				"south": {"uv": [5, 10, 11, 11], "texture": "#3"}
			}
		},
		{
			"name": "portal_surface_middle",
			"from": [7, -1, 7.5],
			"to": [9, 1, 8.5],
			"rotation": {"angle": 0, "axis": "y", "origin": [6, 0, 7.5]},
			"faces": {
				"north": {"uv": [7, 14, 9, 16], "texture": "#3"},
				"south": {"uv": [7, 14, 9, 16], "texture": "#3"}
			}
		},
		{
			"from": [5.92186, 4.39864, 7],
			"to": [9.99686, 5.39864, 9],
			"rotation": {"angle": 0, "axis": "z", "origin": [9.70029, 9.75187, 8]},
			"color": 7,
			"faces": {
				"north": {"uv": [0, 1.825, 1, 5.9], "rotation": 90, "texture": "#missing"},
				"east": {"uv": [0, 2, 1, 4], "rotation": 270, "texture": "#missing"},
				"south": {"uv": [0, 1.825, 1, 5.9], "rotation": 270, "texture": "#missing"},
				"west": {"uv": [0, 2, 1, 4], "rotation": 270, "texture": "#missing"},
				"up": {"uv": [0, 1.825, 2, 5.9], "rotation": 270, "texture": "#missing"},
				"down": {"uv": [0, 1.825, 2, 5.9], "rotation": 270, "texture": "#missing"}
			}
		},
		{
			"from": [19.24529, 11.56899, 7],
			"to": [20.24529, 14.56899, 9],
			"rotation": {"angle": 45, "axis": "z", "origin": [8.04769, 9.86709, 8]},
			"color": 7,
			"faces": {
				"north": {"uv": [0, 0, 1, 3], "texture": "#missing"},
				"east": {"uv": [0, 0, 2, 3], "texture": "#missing"},
				"south": {"uv": [0, 0, 1, 3], "texture": "#missing"},
				"west": {"uv": [0, 0, 2, 3], "texture": "#missing"},
				"up": {"uv": [0, 0, 1, 2], "texture": "#missing"},
				"down": {"uv": [0, 0, 1, 2], "texture": "#missing"}
			}
		},
		{
			"from": [16, 5.25, 7],
			"to": [17, 16, 9],
			"rotation": {"angle": 0, "axis": "y", "origin": [8.04769, 9.86709, 8]},
			"color": 7,
			"faces": {
				"north": {"uv": [0, 0, 1, 10.75], "texture": "#missing"},
				"east": {"uv": [0, 0, 2, 10.75], "texture": "#missing"},
				"south": {"uv": [0, 0, 1, 10.75], "texture": "#missing"},
				"west": {"uv": [0, 0, 2, 10.75], "texture": "#missing"},
				"up": {"uv": [0, 0, 1, 2], "texture": "#missing"},
				"down": {"uv": [0, 0, 1, 2], "texture": "#missing"}
			}
		},
		{
			"from": [9.02484, 2.16465, 7],
			"to": [14.54984, 3.16465, 9],
			"rotation": {"angle": 22.5, "axis": "z", "origin": [8.04769, 9.86709, 8]},
			"color": 7,
			"faces": {
				"north": {"uv": [0, 0, 5.525, 1], "texture": "#missing"},
				"east": {"uv": [0, 0, 2, 1], "texture": "#missing"},
				"south": {"uv": [0, 0, 5.525, 1], "texture": "#missing"},
				"west": {"uv": [0, 0, 2, 1], "texture": "#missing"},
				"up": {"uv": [0, 0, 5.525, 2], "texture": "#missing"},
				"down": {"uv": [0, 0, 5.525, 2], "texture": "#missing"}
			}
		},
		{
			"from": [3.03554, 2.30091, 7],
			"to": [6.38554, 3.30091, 9],
			"rotation": {"angle": 45, "axis": "z", "origin": [8.04769, 9.86709, 8]},
			"color": 7,
			"faces": {
				"north": {"uv": [0, 0, 3.35, 1], "texture": "#missing"},
				"east": {"uv": [0, 0, 2, 1], "texture": "#missing"},
				"south": {"uv": [0, 0, 3.35, 1], "texture": "#missing"},
				"west": {"uv": [0, 0, 2, 1], "texture": "#missing"},
				"up": {"uv": [0, 0, 3.35, 2], "texture": "#missing"},
				"down": {"uv": [0, 0, 3.35, 2], "texture": "#missing"}
			}
		},
		{
			"from": [12.19599, -0.8513, 7],
			"to": [13.19599, 2.7237, 9],
			"rotation": {"angle": -22.5, "axis": "z", "origin": [8.04769, 9.86709, 8]},
			"color": 7,
			"faces": {
				"north": {"uv": [0, 0, 3.575, 1], "rotation": 90, "texture": "#missing"},
				"east": {"uv": [0, 0, 3.575, 2], "rotation": 270, "texture": "#missing"},
				"south": {"uv": [0, 0, 3.575, 1], "rotation": 270, "texture": "#missing"},
				"west": {"uv": [0, 0, 3.575, 2], "rotation": 270, "texture": "#missing"},
				"up": {"uv": [0, 0, 2, 1], "rotation": 270, "texture": "#missing"},
				"down": {"uv": [0, 0, 2, 1], "rotation": 270, "texture": "#missing"}
			}
		},
		{
			"from": [2.64494, 0.49302, 7.5],
			"to": [10.49494, 1.49302, 8.5],
			"rotation": {"angle": 45, "axis": "z", "origin": [8.04769, 9.86709, 8]},
			"color": 8,
			"faces": {
				"north": {"uv": [0, 0, 7.85, 1], "texture": "#missing"},
				"east": {"uv": [0, 0, 1, 1], "texture": "#missing"},
				"south": {"uv": [0, 0, 7.85, 1], "texture": "#missing"},
				"west": {"uv": [0, 0, 1, 1], "texture": "#missing"},
				"up": {"uv": [0, 0, 7.85, 1], "texture": "#missing"},
				"down": {"uv": [0, 0, 7.85, 1], "texture": "#missing"}
			}
		},
		{
			"from": [12.14494, 1.74302, 7.5],
			"to": [13.99494, 2.74302, 8.5],
			"rotation": {"angle": 22.5, "axis": "z", "origin": [8.04769, 9.86709, 8]},
			"color": 8,
			"faces": {
				"north": {"uv": [0, 0, 1.85, 1], "texture": "#missing"},
				"east": {"uv": [0, 0, 1, 1], "texture": "#missing"},
				"south": {"uv": [0, 0, 1.85, 1], "texture": "#missing"},
				"west": {"uv": [0, 0, 1, 1], "texture": "#missing"},
				"up": {"uv": [0, 0, 1.85, 1], "texture": "#missing"},
				"down": {"uv": [0, 0, 1.85, 1], "texture": "#missing"}
			}
		},
		{
			"from": [2.64494, 1.49302, 7.5],
			"to": [8.24494, 2.49302, 8.5],
			"rotation": {"angle": 45, "axis": "z", "origin": [8.04769, 9.86709, 8]},
			"color": 8,
			"faces": {
				"north": {"uv": [0, 0, 5.6, 1], "texture": "#missing"},
				"east": {"uv": [0, 0, 1, 1], "texture": "#missing"},
				"south": {"uv": [0, 0, 5.6, 1], "texture": "#missing"},
				"west": {"uv": [0, 0, 1, 1], "texture": "#missing"},
				"up": {"uv": [0, 0, 5.6, 1], "texture": "#missing"},
				"down": {"uv": [0, 0, 5.6, 1], "texture": "#missing"}
			}
		},
		{
			"from": [2.89494, 2.49302, 7.5],
			"to": [5.99494, 3.24302, 8.5],
			"rotation": {"angle": 45, "axis": "z", "origin": [8.04769, 9.86709, 8]},
			"color": 8,
			"faces": {
				"north": {"uv": [0, 0, 3.1, 0.75], "texture": "#missing"},
				"east": {"uv": [0, 0, 1, 0.75], "texture": "#missing"},
				"south": {"uv": [0, 0, 3.1, 0.75], "texture": "#missing"},
				"west": {"uv": [0, 0, 1, 0.75], "texture": "#missing"},
				"up": {"uv": [0, 0, 3.1, 1], "texture": "#missing"},
				"down": {"uv": [0, 0, 3.1, 1], "texture": "#missing"}
			}
		},
		{
			"from": [12.59651, 0.06539, 7.5],
			"to": [14.94651, 2.41539, 8.5],
			"rotation": {"angle": -22.5, "axis": "z", "origin": [8.04769, 9.86709, 8]},
			"color": 8,
			"faces": {
				"north": {"uv": [0, 0, 2.35, 2.35], "rotation": 90, "texture": "#missing"},
				"east": {"uv": [0, 0, 2.35, 1], "rotation": 270, "texture": "#missing"},
				"south": {"uv": [0, 0, 2.35, 2.35], "rotation": 270, "texture": "#missing"},
				"west": {"uv": [0, 0, 2.35, 1], "rotation": 270, "texture": "#missing"},
				"up": {"uv": [0, 0, 1, 2.35], "rotation": 270, "texture": "#missing"},
				"down": {"uv": [0, 0, 1, 2.35], "rotation": 270, "texture": "#missing"}
			}
		},
		{
			"from": [8.56345, -2.19566, 7.5],
			"to": [10.66345, -0.34566, 8.5],
			"rotation": {"angle": 0, "axis": "z", "origin": [8.04769, 9.86709, 8]},
			"color": 8,
			"faces": {
				"north": {"uv": [0, 0, 1.85, 2.1], "rotation": 90, "texture": "#missing"},
				"east": {"uv": [0, 0, 1.85, 1], "rotation": 270, "texture": "#missing"},
				"south": {"uv": [0, 0, 1.85, 2.1], "rotation": 270, "texture": "#missing"},
				"west": {"uv": [0, 0, 1.85, 1], "rotation": 270, "texture": "#missing"},
				"up": {"uv": [0, 0, 1, 2.1], "rotation": 270, "texture": "#missing"},
				"down": {"uv": [0, 0, 1, 2.1], "rotation": 270, "texture": "#missing"}
			}
		},
		{
			"from": [9.75, 13.425, 7],
			"to": [10.75, 27, 9],
			"rotation": {"angle": 0, "axis": "y", "origin": [8.04769, 9.86709, 8]},
			"color": 7,
			"faces": {
				"north": {"uv": [0, 0, 1, 13.575], "texture": "#missing"},
				"east": {"uv": [0, 0, 2, 13.575], "texture": "#missing"},
				"south": {"uv": [0, 0, 1, 13.575], "texture": "#missing"},
				"west": {"uv": [0, 0, 2, 13.575], "texture": "#missing"},
				"up": {"uv": [0, 0, 1, 2], "texture": "#missing"},
				"down": {"uv": [0, 0, 1, 2], "texture": "#missing"}
			}
		},
		{
			"from": [9.75, 27, 7],
			"to": [10.75, 28.1, 9],
			"rotation": {"angle": 0, "axis": "y", "origin": [8.04769, 14.44209, 8]},
			"color": 7,
			"faces": {
				"north": {"uv": [0, 0, 1, 1.1], "texture": "#missing"},
				"east": {"uv": [0, 0, 2, 1.1], "texture": "#missing"},
				"south": {"uv": [0, 0, 1, 1.1], "texture": "#missing"},
				"west": {"uv": [0, 0, 2, 1.1], "texture": "#missing"},
				"up": {"uv": [0, 0, 1, 2], "texture": "#missing"},
				"down": {"uv": [0, 0, 1, 2], "texture": "#missing"}
			}
		},
		{
			"from": [12.52904, 7.91133, 7],
			"to": [13.52904, 10.98633, 9],
			"rotation": {"angle": 0, "axis": "y", "origin": [8.23904, 9.40515, 8]},
			"color": 7,
			"faces": {
				"north": {"uv": [0, 0, 1, 3.075], "texture": "#missing"},
				"east": {"uv": [0, 0, 2, 3.075], "texture": "#missing"},
				"south": {"uv": [0, 0, 1, 3.075], "texture": "#missing"},
				"west": {"uv": [0, 0, 2, 3.075], "texture": "#missing"},
				"up": {"uv": [0, 0, 1, 2], "texture": "#missing"},
				"down": {"uv": [0, 0, 1, 2], "texture": "#missing"}
			}
		},
		{
			"from": [11.06616, 9.21616, 7],
			"to": [12.06616, 10.21616, 9],
			"rotation": {"angle": 45, "axis": "z", "origin": [8.04769, 11.86709, 8]},
			"color": 7,
			"faces": {
				"north": {"uv": [0, 0, 1, 1], "texture": "#missing"},
				"east": {"uv": [0, 0, 2, 1], "texture": "#missing"},
				"south": {"uv": [0, 0, 1, 1], "texture": "#missing"},
				"west": {"uv": [0, 0, 2, 1], "texture": "#missing"},
				"up": {"uv": [0, 0, 1, 2], "texture": "#missing"},
				"down": {"uv": [0, 0, 1, 2], "texture": "#missing"}
			}
		},
		{
			"from": [13.07268, 9.5115, 7],
			"to": [14.07268, 10.5115, 9],
			"rotation": {"angle": -45, "axis": "z", "origin": [8.04769, 9.86709, 8]},
			"color": 7,
			"faces": {
				"north": {"uv": [0, 0, 1, 1], "texture": "#missing"},
				"east": {"uv": [0, 0, 2, 1], "texture": "#missing"},
				"south": {"uv": [0, 0, 1, 1], "texture": "#missing"},
				"west": {"uv": [0, 0, 2, 1], "texture": "#missing"},
				"up": {"uv": [0, 0, 1, 2], "texture": "#missing"},
				"down": {"uv": [0, 0, 1, 2], "texture": "#missing"}
			}
		},
		{
			"from": [9.03575, 13.94789, 7],
			"to": [11.11075, 14.94789, 9],
			"rotation": {"angle": -22.5, "axis": "z", "origin": [8.04769, 11.86709, 8]},
			"color": 7,
			"faces": {
				"north": {"uv": [0, 0, 1, 2.075], "rotation": 90, "texture": "#missing"},
				"east": {"uv": [0, 0, 1, 2], "rotation": 270, "texture": "#missing"},
				"south": {"uv": [0, 0, 1, 2.075], "rotation": 270, "texture": "#missing"},
				"west": {"uv": [0, 0, 1, 2], "rotation": 270, "texture": "#missing"},
				"up": {"uv": [0, 0, 2, 2.075], "rotation": 270, "texture": "#missing"},
				"down": {"uv": [0, 0, 2, 2.075], "rotation": 270, "texture": "#missing"}
			}
		},
		{
			"from": [7.52484, 4.16465, 7],
			"to": [10.02484, 5.16465, 9],
			"rotation": {"angle": 22.5, "axis": "z", "origin": [8.04769, 9.86709, 8]},
			"color": 7,
			"faces": {
				"north": {"uv": [0, 0, 1, 2.5], "rotation": 90, "texture": "#missing"},
				"east": {"uv": [0, 0, 1, 2], "rotation": 270, "texture": "#missing"},
				"south": {"uv": [0, 0, 1, 2.5], "rotation": 270, "texture": "#missing"},
				"west": {"uv": [0, 0, 1, 2], "rotation": 270, "texture": "#missing"},
				"up": {"uv": [0, 0, 2, 2.5], "rotation": 270, "texture": "#missing"},
				"down": {"uv": [0, 0, 2, 2.5], "rotation": 270, "texture": "#missing"}
			}
		},
		{
			"from": [11.35666, 5.5258, 7],
			"to": [13.60666, 6.5258, 9],
			"rotation": {"angle": -22.5, "axis": "z", "origin": [8.04769, 9.86709, 8]},
			"color": 7,
			"faces": {
				"north": {"uv": [0, 0, 1, 2.25], "rotation": 90, "texture": "#missing"},
				"east": {"uv": [0, 0, 1, 2], "rotation": 270, "texture": "#missing"},
				"south": {"uv": [0, 0, 1, 2.25], "rotation": 270, "texture": "#missing"},
				"west": {"uv": [0, 0, 1, 2], "rotation": 270, "texture": "#missing"},
				"up": {"uv": [0, 0, 2, 2.25], "rotation": 270, "texture": "#missing"},
				"down": {"uv": [0, 0, 2, 2.25], "rotation": 270, "texture": "#missing"}
			}
		},
		{
			"from": [11.52217, 3.72894, 7],
			"to": [13.27217, 4.72894, 9],
			"rotation": {"angle": 0, "axis": "z", "origin": [8.04769, 9.86709, 8]},
			"color": 7,
			"faces": {
				"north": {"uv": [0, 0, 1, 1.75], "rotation": 90, "texture": "#missing"},
				"east": {"uv": [0, 0, 1, 2], "rotation": 270, "texture": "#missing"},
				"south": {"uv": [0, 0, 1, 1.75], "rotation": 270, "texture": "#missing"},
				"west": {"uv": [0, 0, 1, 2], "rotation": 270, "texture": "#missing"},
				"up": {"uv": [0, 0, 2, 1.75], "rotation": 270, "texture": "#missing"},
				"down": {"uv": [0, 0, 2, 1.75], "rotation": 270, "texture": "#missing"}
			}
		},
		{
			"from": [11.77474, 8.95575, 7],
			"to": [12.77474, 10.95575, 9],
			"rotation": {"angle": 22.5, "axis": "z", "origin": [8.04769, 11.86709, 8]},
			"color": 7,
			"faces": {
				"north": {"uv": [0, 0, 1, 2], "texture": "#missing"},
				"east": {"uv": [0, 0, 2, 2], "texture": "#missing"},
				"south": {"uv": [0, 0, 1, 2], "texture": "#missing"},
				"west": {"uv": [0, 0, 2, 2], "texture": "#missing"},
				"up": {"uv": [0, 0, 1, 2], "texture": "#missing"},
				"down": {"uv": [0, 0, 1, 2], "texture": "#missing"}
			}
		},
		{
			"from": [12.86066, 8.15679, 7],
			"to": [13.86066, 10.15679, 9],
			"rotation": {"angle": -22.5, "axis": "z", "origin": [8.04769, 9.86709, 8]},
			"color": 7,
			"faces": {
				"north": {"uv": [0, 0, 1, 2], "texture": "#missing"},
				"east": {"uv": [0, 0, 2, 2], "texture": "#missing"},
				"south": {"uv": [0, 0, 1, 2], "texture": "#missing"},
				"west": {"uv": [0, 0, 2, 2], "texture": "#missing"},
				"up": {"uv": [0, 0, 1, 2], "texture": "#missing"},
				"down": {"uv": [0, 0, 1, 2], "texture": "#missing"}
			}
		},
		{
			"from": [17.66551, 12.10726, 7],
			"to": [18.66551, 16.10726, 9],
			"rotation": {"angle": 22.5, "axis": "z", "origin": [8.04769, 9.86709, 8]},
			"color": 7,
			"faces": {
				"north": {"uv": [0, 0, 1, 4], "texture": "#missing"},
				"east": {"uv": [0, 0, 2, 4], "texture": "#missing"},
				"south": {"uv": [0, 0, 1, 4], "texture": "#missing"},
				"west": {"uv": [0, 0, 2, 4], "texture": "#missing"},
				"up": {"uv": [0, 0, 1, 2], "texture": "#missing"},
				"down": {"uv": [0, 0, 1, 2], "texture": "#missing"}
			}
		},
		{
			"from": [16.59358, 18.49622, 7],
			"to": [17.59358, 26.04622, 9],
			"rotation": {"angle": 22.5, "axis": "z", "origin": [8.04769, 9.86709, 8]},
			"color": 7,
			"faces": {
				"north": {"uv": [0, 0, 1, 7.55], "texture": "#missing"},
				"east": {"uv": [0, 0, 2, 7.55], "texture": "#missing"},
				"south": {"uv": [0, 0, 1, 7.55], "texture": "#missing"},
				"west": {"uv": [0, 0, 2, 7.55], "texture": "#missing"},
				"up": {"uv": [0, 0, 1, 2], "texture": "#missing"},
				"down": {"uv": [0, 0, 1, 2], "texture": "#missing"}
			}
		},
		{
			"from": [9.80873, 27.99232, 7],
			"to": [10.52123, 28.69232, 9],
			"rotation": {"angle": -22.5, "axis": "z", "origin": [10.03373, 28.19232, 0]},
			"color": 7,
			"faces": {
				"north": {"uv": [0, 0, 0.7, 0.7125], "rotation": 90, "texture": "#missing"},
				"east": {"uv": [0, 0, 0.7, 2], "rotation": 270, "texture": "#missing"},
				"south": {"uv": [0, 0, 0.7, 0.7125], "rotation": 270, "texture": "#missing"},
				"west": {"uv": [0, 0, 0.7, 2], "rotation": 270, "texture": "#missing"},
				"up": {"uv": [0, 0, 2, 0.7125], "rotation": 270, "texture": "#missing"},
				"down": {"uv": [0, 0, 2, 0.7125], "rotation": 270, "texture": "#missing"}
			}
		},
		{
			"name": "portal_surface_right",
			"from": [10, 25, 7.5],
			"to": [11, 26, 8.5],
			"rotation": {"angle": 0, "axis": "y", "origin": [16, 25, 7.5]},
			"faces": {
				"north": {"uv": [5, 10, 6, 11], "texture": "#3"},
				"south": {"uv": [5, 10, 6, 11], "texture": "#3"}
			}
		},
		{
			"name": "portal_surface_right",
			"from": [11, 5, 7.5],
			"to": [16, 6, 8.5],
			"rotation": {"angle": 0, "axis": "y", "origin": [16, 5, 7.5]},
			"faces": {
				"north": {"uv": [0, 14, 5, 15], "texture": "#3"},
				"south": {"uv": [0, 14, 5, 15], "texture": "#3"}
			}
		},
		{
			"name": "portal_surface_right",
			"from": [11, 4, 7.5],
			"to": [14, 5, 8.5],
			"rotation": {"angle": 0, "axis": "y", "origin": [16, 4, 7.5]},
			"faces": {
				"north": {"uv": [2, 15, 5, 16], "texture": "#3"},
				"south": {"uv": [2, 15, 5, 16], "texture": "#3"}
			}
		},
		{
			"name": "portal_surface_right",
			"from": [12.075, 6, 7.5],
			"to": [16, 7, 8.5],
			"rotation": {"angle": 0, "axis": "y", "origin": [16, 6, 7.5]},
			"faces": {
				"north": {"uv": [0, 13, 4, 14], "texture": "#3"},
				"south": {"uv": [0, 13, 4, 14], "texture": "#3"}
			}
		},
		{
			"name": "portal_surface_right",
			"from": [13, 7, 7.5],
			"to": [16, 12, 8.5],
			"rotation": {"angle": 0, "axis": "y", "origin": [16, 7, 7.5]},
			"faces": {
				"north": {"uv": [0, 8, 3, 13], "texture": "#3"},
				"south": {"uv": [0, 8, 3, 13], "texture": "#3"}
			}
		},
		{
			"name": "portal_surface_right",
			"from": [12.05, 12, 7.5],
			"to": [16, 13, 8.5],
			"rotation": {"angle": 0, "axis": "y", "origin": [16, 12, 7.5]},
			"faces": {
				"north": {"uv": [0, 7, 4, 8], "texture": "#3"},
				"south": {"uv": [0, 7, 4, 8], "texture": "#3"}
			}
		},
		{
			"name": "portal_surface_right",
			"from": [11, 13, 7.5],
			"to": [16, 14, 8.5],
			"rotation": {"angle": 0, "axis": "y", "origin": [16, 13, 7.5]},
			"faces": {
				"north": {"uv": [0, 6, 5, 7], "texture": "#3"},
				"south": {"uv": [0, 6, 5, 7], "texture": "#3"}
			}
		},
		{
			"name": "portal_surface_right",
			"from": [10, 14, 7.5],
			"to": [16, 18, 8.5],
			"rotation": {"angle": 0, "axis": "y", "origin": [16, 14, 7.5]},
			"faces": {
				"north": {"uv": [0, 2, 6, 6], "texture": "#3"},
				"south": {"uv": [0, 2, 6, 6], "texture": "#3"}
			}
		},
		{
			"name": "portal_surface_right",
			"from": [10, 18, 7.5],
			"to": [15.1, 20, 8.5],
			"rotation": {"angle": 0, "axis": "y", "origin": [16, 18, 7.5]},
			"faces": {
				"north": {"uv": [1, 0, 6, 2], "texture": "#3"},
				"south": {"uv": [10, 0, 15, 2], "texture": "#3"}
			}
		},
		{
			"name": "portal_surface_right",
			"from": [10, 20, 7.5],
			"to": [14, 21, 8.5],
			"rotation": {"angle": 0, "axis": "y", "origin": [16, 20, 7.5]},
			"faces": {
				"north": {"uv": [2, 15, 6, 16], "texture": "#3"},
				"south": {"uv": [2, 15, 6, 16], "texture": "#3"}
			}
		},
		{
			"name": "portal_surface_right",
			"from": [10, 21, 7.5],
			"to": [12.75, 23, 8.5],
			"rotation": {"angle": 0, "axis": "y", "origin": [16, 21, 7.5]},
			"faces": {
				"north": {"uv": [3, 13, 6, 15], "texture": "#3"},
				"south": {"uv": [3, 13, 6, 15], "texture": "#3"}
			}
		},
		{
			"name": "portal_surface_right",
			"from": [10, 23, 7.5],
			"to": [12, 25, 8.5],
			"rotation": {"angle": 0, "axis": "y", "origin": [16, 23, 7.5]},
			"faces": {
				"north": {"uv": [4, 11, 6, 13], "texture": "#3"},
				"south": {"uv": [4, 11, 6, 13], "texture": "#3"}
			}
		}
	],
	"display": {},
	"groups": [
		{
			"name": "staff_top",
			"origin": [8, 8, 8],
			"color": 0,
			"children": [
				0,
				1,
				2,
				3,
				4,
				5,
				6,
				7,
				8,
				9,
				10,
				11,
				12,
				13,
				14,
				15,
				16,
				17,
				18,
				19,
				20,
				21,
				22,
				23,
				24,
				25,
				26,
				27,
				28,
				29,
				30,
				31,
				32,
				33,
				34,
				35,
				36,
				37,
				38,
				39,
				40,
				41,
				42,
				{
					"name": "side1",
					"origin": [16.2435, 15.02526, 0],
					"color": 0,
					"children": []
				},
				{
					"name": "side1",
					"origin": [16.2435, 15.02526, 0],
					"color": 0,
					"children": [43, 44, 45, 46, 47, 48, 49, 50, 51, 52, 53, 54, 55, 56, 57, 58, 59, 60, 61, 62, 63, 64, 65, 66, 67, 68, 69, 70, 71, 72, 73, 74, 75, 76, 77, 78, 79]
				}
			]
		}
	]
}