{"elements":[{"from":[-8.125,8,-8],"to":[23.875,8,24],"rotation":{"angle":0,"axis":"y","origin":[7.875,8,8]},"faces":{"up":{"uv":[0,0,16,16],"texture":"#7"}}}],"textures":{"2":"minecraft:custom/magic_book_pages","3":"minecraft:custom/magic_book_back","4":"minecraft:custom/magic_book_page1","5":"minecraft:custom/magic_book_page2","6":"minecraft:custom/magic_book_page3","7":"minecraft:custom/magic_circle_2","8":"minecraft:custom/magic_cirlce_1"},"display":{"head":{"translation":[0,-6.4,0],"scale":[3.2,3.2,3.2],"rotation":[0,180,0]}},"texture_size":[64,64]}