{"elements":[{"from":[8,7.5,5],"to":[12.5,8,11],"rotation":{"angle":0,"axis":"y","origin":[8,7.75,4]},"faces":{"north":{"uv":[9,2,13.5,2.5],"texture":"#2"},"east":{"uv":[9,0,15,0.5],"texture":"#2"},"south":{"uv":[9,2.5,13.5,3],"texture":"#2"},"west":{"uv":[9,0.5,15,1],"texture":"#2"},"up":{"uv":[4.5,6,0,0],"texture":"#2"},"down":{"uv":[9,0,4.5,6],"texture":"#2"}}},{"from":[8,7.375,4.875],"to":[12.625,7.5,11.125],"rotation":{"angle":0,"axis":"y","origin":[8,7.75,4]},"faces":{"north":{"uv":[5.5,1.5,7.875,1.625],"texture":"#3"},"east":{"uv":[5.5,0.5,8.625,0.625],"texture":"#3"},"south":{"uv":[5.5,1.75,7.875,1.875],"texture":"#3"},"west":{"uv":[5.5,0.75,8.625,0.875],"texture":"#3"},"up":{"uv":[2.375,3.125,0,0],"texture":"#3"},"down":{"uv":[4.875,0,2.5,3.125],"texture":"#3"}}}],"textures":{"2":"minecraft:custom/magic_book_pages","3":"minecraft:custom/magic_book_back","4":"minecraft:custom/magic_book_page1","5":"minecraft:custom/magic_book_page2","6":"minecraft:custom/magic_book_page3","7":"minecraft:custom/magic_circle_2","8":"minecraft:custom/magic_cirlce_1"},"display":{"head":{"translation":[0,-6.4,0],"scale":[3.2,3.2,3.2],"rotation":[0,180,0]}},"texture_size":[64,64]}