{"elements":[{"from":[3.5,7.5,5],"to":[8,8,11],"rotation":{"angle":0,"axis":"y","origin":[8,7.75,4]},"faces":{"north":{"uv":[9,3,13.5,3.5],"texture":"#2"},"east":{"uv":[9,1,15,1.5],"texture":"#2"},"south":{"uv":[9,3.5,13.5,4],"texture":"#2"},"west":{"uv":[9,1.5,15,2],"texture":"#2"},"up":{"uv":[4.5,12,0,6],"texture":"#2"},"down":{"uv":[9,6,4.5,12],"texture":"#2"}}},{"from":[3.375,7.375,4.875],"to":[8,7.5,11.125],"rotation":{"angle":0,"axis":"y","origin":[8,7.75,4]},"faces":{"north":{"uv":[5.5,2,7.875,2.125],"texture":"#3"},"east":{"uv":[5.5,1,8.625,1.125],"texture":"#3"},"south":{"uv":[5.5,2.25,7.875,2.375],"texture":"#3"},"west":{"uv":[5.5,1.25,8.625,1.375],"texture":"#3"},"up":{"uv":[2.375,6.375,0,3.25],"texture":"#3"},"down":{"uv":[4.875,3.25,2.5,6.375],"texture":"#3"}}}],"textures":{"2":"minecraft:custom/magic_book_pages","3":"minecraft:custom/magic_book_back","4":"minecraft:custom/magic_book_page1","5":"minecraft:custom/magic_book_page2","6":"minecraft:custom/magic_book_page3","7":"minecraft:custom/magic_circle_2","8":"minecraft:custom/magic_cirlce_1"},"display":{"head":{"translation":[0,-6.4,0],"scale":[3.2,3.2,3.2],"rotation":[0,180,0]}},"texture_size":[64,64]}