{
	"credit": "Made with Blockbench",
	"textures": {
		"1": "custom/shield_base_nopattern"
	},
	"elements": [
		{
			"from": [2, 0, 2],
			"to": [14, 1, 14],
			"faces": {
				"north": {"uv": [3.25, 0, 6.25, 0.25], "rotation": 180, "texture": "#1"},
				"east": {"uv": [3.25, 0.25, 3.5, 5.75], "rotation": 270, "texture": "#1"},
				"south": {"uv": [0.25, 0, 3.25, 0.25], "texture": "#1"},
				"west": {"uv": [0, 0.25, 0.25, 5.75], "rotation": 90, "texture": "#1"},
				"up": {"uv": [0.25, 8.25, 3.25, 11.25], "rotation": 180, "texture": "#1"},
				"down": {"uv": [3.5, 8.25, 6.5, 11.25], "texture": "#1"}
			}
		},
		{
			"from": [2, -0.1, 2],
			"to": [14, 0.9, 14],
			"rotation": {"angle": -45, "axis": "y", "origin": [8, 0, 8]},
			"faces": {
				"north": {"uv": [3.25, 0.25, 3.5, 5.75], "rotation": 270, "texture": "#1"},
				"east": {"uv": [0.25, 0, 3.25, 0.25], "texture": "#1"},
				"south": {"uv": [0, 0.25, 0.25, 5.75], "rotation": 90, "texture": "#1"},
				"west": {"uv": [3.25, 0, 6.25, 0.25], "rotation": 180, "texture": "#1"},
				"up": {"uv": [0.25, 8.25, 3.25, 11.25], "rotation": 90, "texture": "#1"},
				"down": {"uv": [3.5, 8.25, 6.5, 11.25], "rotation": 90, "texture": "#1"}
			}
		}
	],
	"display": {
		"thirdperson_righthand": {
			"scale": [2, 2, 2]
		},
		"head": {
			"translation": [0, 13, 0],
			"scale": [2.5, 2.5, 2.5]
		}
	}
}