{
	"credit": "Made with Blockbench",
	"textures": {
		"1": "custom/shield_base_nopattern"
	},
	"elements": [
		{
			"from": [2, 0, 8],
			"to": [14, 22, 9],
			"faces": {
				"north": {"uv": [0.25, 0.25, 3.25, 5.75], "texture": "#1"},
				"east": {"uv": [3.25, 0.25, 3.5, 5.75], "texture": "#1"},
				"south": {"uv": [3.5, 0.25, 6.5, 5.75], "texture": "#1"},
				"west": {"uv": [0, 0.25, 0.25, 5.75], "texture": "#1"},
				"up": {"uv": [0.25, 0, 3.25, 0.25], "texture": "#1"},
				"down": {"uv": [3.25, 0, 6.25, 0.25], "texture": "#1"}
			}
		}
	],
	"display": {
		"thirdperson_righthand": {
			"scale": [2, 2, 2]
		},
		"head": {
			"translation": [0, -12, 0],
			"scale": [2.5, 2.5, 2.5]
		}
	}
}