{
    "parent": "item/generated",
    "textures": {
        "layer0": "item/brick"
    },
    "overrides": [
        {"predicate": {"custom_model_data": 1001}, "model": "item/dripstone/curved_1"},
        {"predicate": {"custom_model_data": 1002}, "model": "item/sheepetrator/endrod_projectile"},
		{"predicate": {"custom_model_data": 1003}, "model": "item/shield_sphere/shield_no_handle_size-4"},
		{"predicate": {"custom_model_data": 1004}, "model": "item/shield_sphere/shield_no_handle_size-3"},
		{"predicate": {"custom_model_data": 1005}, "model": "item/shield_sphere/shield_no_handle_size-2"},
		{"predicate": {"custom_model_data": 1006}, "model": "item/shield_sphere/shield_no_handle_size-1"},
		{"predicate": {"custom_model_data": 1007}, "model": "item/shield_sphere/shield_no_handle_size0"},
		{"predicate": {"custom_model_data": 1008}, "model": "item/shield_sphere/shield_no_handle_size_p1"},
		{"predicate": {"custom_model_data": 1009}, "model": "item/shield_sphere/shield_cap_size-4"},
		{"predicate": {"custom_model_data": 1010}, "model": "item/shield_sphere/shield_cap_size-3"},
		{"predicate": {"custom_model_data": 1011}, "model": "item/shield_sphere/shield_cap_size-2"},
		{"predicate": {"custom_model_data": 1012}, "model": "item/shield_sphere/shield_cap_size-1"},
		{"predicate": {"custom_model_data": 1013}, "model": "item/shield_sphere/shield_cap_size0"},
		{"predicate": {"custom_model_data": 1014}, "model": "item/shield_sphere/shield_cap_size_p1"},
		{"predicate": {"custom_model_data": 1015}, "model": "item/shield_sphere/shield_sword"},
		{"predicate": {"custom_model_data": 1016}, "model": "item/dripstone/giant_bottom"},
		{"predicate": {"custom_model_data": 1017}, "model": "item/dripstone/giant_middle"},
		{"predicate": {"custom_model_data": 1018}, "model": "item/dripstone/giant_top"},
		{"predicate": {"custom_model_data": 1019}, "model": "item/dripstone/big_1"},
		{"predicate": {"custom_model_data": 1020}, "model": "item/dripstone/big_2"},
		{"predicate": {"custom_model_data": 1021}, "model": "item/dripstone/big_3"},
		{"predicate": {"custom_model_data": 1022}, "model": "item/dripstone/big_4"},
		{"predicate": {"custom_model_data": 1023}, "model": "item/dripstone/big_5"},
		{"predicate": {"custom_model_data": 1024}, "model": "item/dripstone/big_6"},
		{"predicate": {"custom_model_data": 1025}, "model": "item/dripstone/small_spike"},
		{"predicate": {"custom_model_data": 1026}, "model": "item/dripstone/small_spike2"},
		{"predicate": {"custom_model_data": 1027}, "model": "item/dripstone/small_spike3"},
		{"predicate": {"custom_model_data": 1028}, "model": "item/washing_machine"},
		{"predicate": {"custom_model_data": 1029}, "model": "item/portal_staff/portal"},
		{"predicate": {"custom_model_data": 1030}, "model": "item/portal_staff/rock_1"},
		{"predicate": {"custom_model_data": 1031}, "model": "item/portal_staff/portal_small1"},
		{"predicate": {"custom_model_data": 1032}, "model": "item/portal_staff/portal_small2"},
		{"predicate": {"custom_model_data": 1033}, "model": "item/portal_staff/portal_small3"},
		{"predicate": {"custom_model_data": 1034}, "model": "item/portal_staff/portal_small4"},
		{"predicate": {"custom_model_data": 1035}, "model": "item/portal_staff/portal_small5"},
		{"predicate": {"custom_model_data": 1036}, "model": "item/portal_staff/portal_small6"},
		{"predicate": {"custom_model_data": 1037}, "model": "item/portal_staff/rock_2"},
		{"predicate": {"custom_model_data": 1038}, "model": "item/portal_staff/rock_3"},
		{"predicate": {"custom_model_data": 1039}, "model": "item/portal_staff/rock_4"},
		{"predicate": {"custom_model_data": 1040}, "model": "item/portal_staff/rock_5"},
		{"predicate": {"custom_model_data": 1041}, "model": "item/portal_staff/rock_6"},
		{"predicate": {"custom_model_data": 1042}, "model": "item/portal_staff/rock_7"},
		{"predicate": {"custom_model_data": 1043}, "model": "item/portal_staff/rock_8"},
		{"predicate": {"custom_model_data": 1044}, "model": "item/magic_book/book_open"},
		{"predicate": {"custom_model_data": 1045}, "model": "item/sheepetrator/sheepetrator_v3_thumbnail"},
		{"predicate": {"custom_model_data": 1046}, "model": "item/washing_machine"}
    ]
}
