{
	"parent": "item/handheld",
	"textures": {
		"layer0": "item/carrot_on_a_stick"
	},
    "overrides": [
		{"predicate": {"custom_model_data": 1001}, "model": "item/sheepetrator"},
		{"predicate": {"custom_model_data": 1002}, "model": "item/shield_sphere/shield_hand_item"},
		{"predicate": {"custom_model_data": 1003}, "model": "item/dripstone/dripstone_trident"},
		{"predicate": {"custom_model_data": 1004}, "model": "item/portal_staff/portal_staff_charge_4"},
		{"predicate": {"custom_model_data": 1005}, "model": "item/portal_staff/portal_staff_charge_3"},
		{"predicate": {"custom_model_data": 1006}, "model": "item/portal_staff/portal_staff_charge_2"},
		{"predicate": {"custom_model_data": 1007}, "model": "item/portal_staff/portal_staff_charge_1"},
		{"predicate": {"custom_model_data": 1008}, "model": "item/portal_staff/portal_staff_charge_0"},
		{"predicate": {"custom_model_data": 1009}, "model": "item/tesla_gun/tesla_gun"},
		{"predicate": {"custom_model_data": 1010}, "model": "item/start_round_icon"}
    ]
}