{
	"credit": "Made with Blockbench",
	"elements": [
		{
			"from": [3, 7, 2.5],
			"to": [11, 10, 13.5],
			"rotation": {"angle": 0, "axis": "y", "origin": [4, 0, 4]},
			"color": 1,
			"faces": {
				"north": {"uv": [0, 0, 16, 6], "texture": "#missing"},
				"east": {"uv": [0, 0, 16, 6], "texture": "#missing"},
				"south": {"uv": [0, 0, 16, 6], "texture": "#missing"},
				"west": {"uv": [0, 0, 16, 6], "texture": "#missing"},
				"up": {"uv": [0, 0, 16, 16], "texture": "#missing"},
				"down": {"uv": [0, 0, 16, 16], "texture": "#missing"}
			}
		},
		{
			"from": [0, 3, -8.5],
			"to": [14, 13, 2.5],
			"rotation": {"angle": 0, "axis": "y", "origin": [4, 0, 4]},
			"color": 1,
			"faces": {
				"north": {"uv": [0, 0, 16, 6], "texture": "#missing"},
				"east": {"uv": [0, 0, 16, 6], "texture": "#missing"},
				"south": {"uv": [0, 0, 16, 6], "texture": "#missing"},
				"west": {"uv": [0, 0, 16, 6], "texture": "#missing"},
				"up": {"uv": [0, 0, 16, 16], "texture": "#missing"},
				"down": {"uv": [0, 0, 16, 16], "texture": "#missing"}
			}
		},
		{
			"from": [5, 10, 9],
			"to": [9, 11, 13.5],
			"rotation": {"angle": 0, "axis": "y", "origin": [4, 0, 4]},
			"color": 1,
			"faces": {
				"north": {"uv": [0, 0, 8, 2], "texture": "#missing"},
				"east": {"uv": [0, 0, 9, 2], "texture": "#missing"},
				"south": {"uv": [0, 0, 8, 2], "texture": "#missing"},
				"west": {"uv": [0, 0, 9, 2], "texture": "#missing"},
				"up": {"uv": [0, 0, 8, 9], "texture": "#missing"},
				"down": {"uv": [0, 0, 8, 9], "texture": "#missing"}
			}
		},
		{
			"from": [11, 7, 2.5],
			"to": [11.5, 10, 9],
			"rotation": {"angle": 0, "axis": "y", "origin": [4, 0, 4]},
			"color": 1,
			"faces": {
				"north": {"uv": [0, 0, 1, 6], "texture": "#missing"},
				"east": {"uv": [0, 0, 13, 6], "texture": "#missing"},
				"south": {"uv": [0, 0, 1, 6], "texture": "#missing"},
				"west": {"uv": [0, 0, 13, 6], "texture": "#missing"},
				"up": {"uv": [0, 0, 1, 13], "texture": "#missing"},
				"down": {"uv": [0, 0, 1, 13], "texture": "#missing"}
			}
		},
		{
			"from": [2.5, 7, 2.5],
			"to": [3, 10, 9],
			"rotation": {"angle": 0, "axis": "y", "origin": [4, 0, 4]},
			"color": 1,
			"faces": {
				"north": {"uv": [0, 0, 1, 6], "texture": "#missing"},
				"east": {"uv": [0, 0, 13, 6], "texture": "#missing"},
				"south": {"uv": [0, 0, 1, 6], "texture": "#missing"},
				"west": {"uv": [0, 0, 13, 6], "texture": "#missing"},
				"up": {"uv": [0, 0, 1, 13], "texture": "#missing"},
				"down": {"uv": [0, 0, 1, 13], "texture": "#missing"}
			}
		},
		{
			"from": [3, 4.5, 2.5],
			"to": [11, 7, 8],
			"rotation": {"angle": 0, "axis": "y", "origin": [4, 0, 4]},
			"color": 1,
			"faces": {
				"north": {"uv": [0, 0, 16, 5], "texture": "#missing"},
				"east": {"uv": [0, 0, 11, 5], "texture": "#missing"},
				"south": {"uv": [0, 0, 16, 5], "texture": "#missing"},
				"west": {"uv": [0, 0, 11, 5], "texture": "#missing"},
				"up": {"uv": [0, 0, 16, 11], "texture": "#missing"},
				"down": {"uv": [0, 0, 16, 11], "texture": "#missing"}
			}
		},
		{
			"from": [3, 10, 2.5],
			"to": [11, 13, 9],
			"rotation": {"angle": 0, "axis": "y", "origin": [4, 0, 4]},
			"color": 1,
			"faces": {
				"north": {"uv": [0, 0, 16, 6], "texture": "#missing"},
				"east": {"uv": [0, 0, 13, 6], "texture": "#missing"},
				"south": {"uv": [0, 0, 16, 6], "texture": "#missing"},
				"west": {"uv": [0, 0, 13, 6], "texture": "#missing"},
				"up": {"uv": [0, 0, 16, 13], "texture": "#missing"},
				"down": {"uv": [0, 0, 16, 13], "texture": "#missing"}
			}
		},
		{
			"from": [3.5, 4.5, 8],
			"to": [10.5, 6.5, 12.5],
			"rotation": {"angle": 0, "axis": "z", "origin": [4, 0, 4]},
			"color": 1,
			"faces": {
				"north": {"uv": [0, 0, 14, 4], "texture": "#missing"},
				"east": {"uv": [0, 0, 9, 4], "texture": "#missing"},
				"south": {"uv": [0, 0, 14, 4], "texture": "#missing"},
				"west": {"uv": [0, 0, 9, 4], "texture": "#missing"},
				"up": {"uv": [0, 0, 14, 9], "texture": "#missing"},
				"down": {"uv": [0, 0, 14, 9], "texture": "#missing"}
			}
		},
		{
			"from": [5, 4, 8],
			"to": [9, 4.5, 12.5],
			"rotation": {"angle": 0, "axis": "z", "origin": [4, 0, 4]},
			"color": 1,
			"faces": {
				"north": {"uv": [0, 0, 8, 1], "texture": "#missing"},
				"east": {"uv": [0, 0, 9, 1], "texture": "#missing"},
				"south": {"uv": [0, 0, 8, 1], "texture": "#missing"},
				"west": {"uv": [0, 0, 9, 1], "texture": "#missing"},
				"up": {"uv": [0, 0, 8, 9], "texture": "#missing"},
				"down": {"uv": [0, 0, 8, 9], "texture": "#missing"}
			}
		},
		{
			"from": [5, 4, 3],
			"to": [9, 4.5, 8],
			"rotation": {"angle": 0, "axis": "z", "origin": [4, 0, 4]},
			"color": 1,
			"faces": {
				"north": {"uv": [0, 0, 8, 1], "texture": "#missing"},
				"east": {"uv": [0, 0, 10, 1], "texture": "#missing"},
				"south": {"uv": [0, 0, 8, 1], "texture": "#missing"},
				"west": {"uv": [0, 0, 10, 1], "texture": "#missing"},
				"up": {"uv": [0, 0, 8, 10], "texture": "#missing"},
				"down": {"uv": [0, 0, 8, 10], "texture": "#missing"}
			}
		},
		{
			"from": [2, 7, 0],
			"to": [13, 9, 16],
			"color": 1,
			"faces": {
				"north": {"uv": [0, 0, 11, 2], "texture": "#missing"},
				"east": {"uv": [0, 0, 16, 2], "texture": "#missing"},
				"south": {"uv": [0, 0, 11, 2], "texture": "#missing"},
				"west": {"uv": [0, 0, 16, 2], "texture": "#missing"},
				"up": {"uv": [0, 0, 11, 16], "texture": "#missing"},
				"down": {"uv": [0, 0, 11, 16], "texture": "#missing"}
			}
		},
		{
			"from": [0, 0, -3],
			"to": [16, 7, 19],
			"color": 1,
			"faces": {
				"north": {"uv": [0, 0, 16, 7], "texture": "#missing"},
				"east": {"uv": [0, 0, 16, 7], "texture": "#missing"},
				"south": {"uv": [0, 0, 16, 7], "texture": "#missing"},
				"west": {"uv": [0, 0, 16, 7], "texture": "#missing"},
				"up": {"uv": [0, 0, 16, 16], "texture": "#missing"},
				"down": {"uv": [0, 0, 16, 16], "texture": "#missing"}
			}
		},
		{
			"from": [3, -2, -5],
			"to": [12, 3, 5],
			"color": 1,
			"faces": {
				"north": {"uv": [0, 0, 9, 5], "texture": "#missing"},
				"east": {"uv": [0, 0, 10, 5], "texture": "#missing"},
				"south": {"uv": [0, 0, 9, 5], "texture": "#missing"},
				"west": {"uv": [0, 0, 10, 5], "texture": "#missing"},
				"up": {"uv": [0, 0, 9, 10], "texture": "#missing"},
				"down": {"uv": [0, 0, 9, 10], "texture": "#missing"}
			}
		},
		{
			"from": [-2, 5, 11],
			"to": [7, 10, 21],
			"color": 1,
			"faces": {
				"north": {"uv": [0, 0, 9, 5], "texture": "#missing"},
				"east": {"uv": [0, 0, 10, 5], "texture": "#missing"},
				"south": {"uv": [0, 0, 9, 5], "texture": "#missing"},
				"west": {"uv": [0, 0, 10, 5], "texture": "#missing"},
				"up": {"uv": [0, 0, 9, 10], "texture": "#missing"},
				"down": {"uv": [0, 0, 9, 10], "texture": "#missing"}
			}
		},
		{
			"from": [13, 3, 2],
			"to": [17, 8, 12],
			"color": 1,
			"faces": {
				"north": {"uv": [0, 0, 4, 5], "texture": "#missing"},
				"east": {"uv": [0, 0, 10, 5], "texture": "#missing"},
				"south": {"uv": [0, 0, 4, 5], "texture": "#missing"},
				"west": {"uv": [0, 0, 10, 5], "texture": "#missing"},
				"up": {"uv": [0, 0, 4, 10], "texture": "#missing"},
				"down": {"uv": [0, 0, 4, 10], "texture": "#missing"}
			}
		},
		{
			"from": [12, -2, 17],
			"to": [18, 2, 23],
			"color": 1,
			"faces": {
				"north": {"uv": [0, 0, 6, 4], "texture": "#missing"},
				"east": {"uv": [0, 0, 6, 4], "texture": "#missing"},
				"south": {"uv": [0, 0, 6, 4], "texture": "#missing"},
				"west": {"uv": [0, 0, 6, 4], "texture": "#missing"},
				"up": {"uv": [0, 0, 6, 6], "texture": "#missing"},
				"down": {"uv": [0, 0, 6, 6], "texture": "#missing"}
			}
		}
	],
	"groups": [
		0,
		1,
		2,
		3,
		4,
		5,
		6,
		7,
		8,
		9,
		{
			"name": "group",
			"origin": [0, 0, 0],
			"color": 0,
			"children": [10, 11, 12, 13, 14, 15]
		}
	]
}