{
	"parent": "item/generated",
	"textures": {
		"layer0": "minecraft:item/pink_dye"
	},
	"overrides": [
		{
			"predicate": {
				"custom_model_data": 1
			},
			"model": "item/animated_java_empty"
		},
		{
			"predicate": {
				"custom_model_data": 2
			},
			"model": "animated_java:item/magic_book/circle1"
		},
		{
			"predicate": {
				"custom_model_data": 3
			},
			"model": "animated_java:item/magic_book/circle2"
		},
		{
			"predicate": {
				"custom_model_data": 4
			},
			"model": "animated_java:item/magic_book/page"
		},
		{
			"predicate": {
				"custom_model_data": 5
			},
			"model": "animated_java:item/magic_book/page2"
		},
		{
			"predicate": {
				"custom_model_data": 6
			},
			"model": "animated_java:item/magic_book/page3"
		},
		{
			"predicate": {
				"custom_model_data": 7
			},
			"model": "animated_java:item/magic_book/left_half"
		},
		{
			"predicate": {
				"custom_model_data": 8
			},
			"model": "animated_java:item/magic_book/right_half"
		},
		{
			"predicate": {
				"custom_model_data": 9
			},
			"model": "animated_java:item/magic_book/book"
		}
	],
	"animated_java": {
		"rigs": {
			"magic_book": {
				"used_ids": [
					2,
					3,
					4,
					5,
					6,
					7,
					8,
					9
				]
			}
		}
	}
}