{
	"credit": "Made with Blockbench",
	"textures": {
		"1": "custom/shield_base_nopattern"
	},
	"elements": [
		{
			"from": [3.45, 6, 7.9],
			"to": [12.55, 28, 8.9],
			"faces": {
				"north": {"uv": [0.5, 0.25, 3, 5.75], "texture": "#1"},
				"east": {"uv": [3.25, 0.25, 3.5, 5.75], "texture": "#1"},
				"south": {"uv": [3.75, 0.25, 6.25, 5.75], "texture": "#1"},
				"west": {"uv": [0, 0.25, 0.25, 5.75], "texture": "#1"},
				"up": {"uv": [0.5, 0, 3, 0.25], "texture": "#1"},
				"down": {"uv": [3.5, 0, 6, 0.25], "texture": "#1"}
			}
		},
		{
			"from": [-3, 12.45, 7.875],
			"to": [19, 21.55, 8.875],
			"rotation": {"angle": 0, "axis": "z", "origin": [8, 17, 0]},
			"faces": {
				"north": {"uv": [0.5, 0.25, 3, 5.75], "rotation": 270, "texture": "#1"},
				"east": {"uv": [0.5, 0, 3, 0.25], "rotation": 90, "texture": "#1"},
				"south": {"uv": [3.75, 0.25, 6.25, 5.75], "rotation": 90, "texture": "#1"},
				"west": {"uv": [3.5, 0, 6, 0.25], "rotation": 90, "texture": "#1"},
				"up": {"uv": [0, 0.25, 0.25, 5.75], "rotation": 90, "texture": "#1"},
				"down": {"uv": [3.25, 0.25, 3.5, 5.75], "rotation": 90, "texture": "#1"}
			}
		},
		{
			"from": [3.425, 6, 7.925],
			"to": [12.55, 28, 8.925],
			"rotation": {"angle": -45, "axis": "z", "origin": [8, 17, 0]},
			"faces": {
				"north": {"uv": [0.5, 0.25, 3, 5.75], "texture": "#1"},
				"east": {"uv": [3.25, 0.25, 3.5, 5.75], "texture": "#1"},
				"south": {"uv": [3.75, 0.25, 6.25, 5.75], "texture": "#1"},
				"west": {"uv": [0, 0.25, 0.25, 5.75], "texture": "#1"},
				"up": {"uv": [0.5, 0, 3, 0.25], "texture": "#1"},
				"down": {"uv": [3.5, 0, 6, 0.25], "texture": "#1"}
			}
		},
		{
			"from": [-3, 12.45, 7.925],
			"to": [19, 21.55, 8.95],
			"rotation": {"angle": -45, "axis": "z", "origin": [8, 17, 0]},
			"faces": {
				"north": {"uv": [0.5, 0.25, 3, 5.75], "rotation": 270, "texture": "#1"},
				"east": {"uv": [0.5, 0, 3, 0.25], "rotation": 90, "texture": "#1"},
				"south": {"uv": [3.75, 0.25, 6.25, 5.75], "rotation": 90, "texture": "#1"},
				"west": {"uv": [3.5, 0, 6, 0.25], "rotation": 90, "texture": "#1"},
				"up": {"uv": [0, 0.25, 0.25, 5.75], "rotation": 90, "texture": "#1"},
				"down": {"uv": [3.25, 0.25, 3.5, 5.75], "rotation": 90, "texture": "#1"}
			}
		},
		{
			"from": [7, 15, 8],
			"to": [9, 19, 12],
			"faces": {
				"north": {"uv": [8, 1.5, 8.25, 3], "texture": "#1"},
				"east": {"uv": [8.5, 1.5, 10, 3], "texture": "#1"},
				"south": {"uv": [8, 1.5, 8.25, 3], "texture": "#1"},
				"west": {"uv": [6.5, 1.5, 8, 3], "texture": "#1"},
				"up": {"uv": [8, 1.5, 8.25, 3], "texture": "#1"},
				"down": {"uv": [8, 1.5, 8.25, 3], "texture": "#1"}
			}
		}
	],
	"gui_light": "front",
	"display": {
		"thirdperson_righthand": {
			"rotation": [59, -60, -4],
			"translation": [3, -3.75, -6.25],
			"scale": [0.8, 0.8, 0.8]
		},
		"thirdperson_lefthand": {
			"rotation": [59, -60, -4],
			"translation": [3, -3.75, -6.25],
			"scale": [0.8, 0.8, 0.8]
		},
		"firstperson_righthand": {
			"rotation": [8, -39, 10],
			"translation": [1.75, -3, 0],
			"scale": [0.4, 0.4, 0.4]
		},
		"firstperson_lefthand": {
			"rotation": [8, -39, 10],
			"translation": [1.75, -3, 0],
			"scale": [0.4, 0.4, 0.4]
		},
		"ground": {
			"scale": [0.3, 0.3, 0.3]
		},
		"gui": {
			"rotation": [13, 153, 0],
			"translation": [0, -5, 0],
			"scale": [0.6, 0.6, 0.6]
		},
		"head": {
			"translation": [0, -12, 0],
			"scale": [2.5, 2.5, 2.5]
		},
		"fixed": {
			"translation": [0, -8.75, 0]
		}
	}
}