{
	"credit": "Made with Blockbench",
	"textures": {
		"1": "custom/start_round_icon",
		"particle": "custom/start_round_icon"
	},
	"elements": [
		{
			"name": "play_icon_0",
			"from": [1, 2, 0],
			"to": [4, 14, 3],
			"faces": {
				"north": {"uv": [4, 2, 1, 14], "texture": "#1"},
				"east": {"uv": [3, 2, 4, 14], "texture": "#1"},
				"south": {"uv": [1, 2, 4, 14], "texture": "#1"},
				"west": {"uv": [1, 2, 2, 14], "texture": "#1"},
				"up": {"uv": [1, 2, 4, 3], "texture": "#1"},
				"down": {"uv": [1, 13, 4, 14], "texture": "#1"}
			}
		},
		{
			"name": "play_icon_1",
			"from": [4, 3, 0],
			"to": [7, 13, 3],
			"faces": {
				"north": {"uv": [7, 3, 4, 13], "texture": "#1"},
				"east": {"uv": [6, 3, 7, 13], "texture": "#1"},
				"south": {"uv": [4, 3, 7, 13], "texture": "#1"},
				"west": {"uv": [4, 3, 5, 13], "texture": "#1"},
				"up": {"uv": [4, 3, 7, 4], "texture": "#1"},
				"down": {"uv": [4, 12, 7, 13], "texture": "#1"}
			}
		},
		{
			"name": "play_icon_2",
			"from": [7, 4, 0],
			"to": [10, 12, 3],
			"faces": {
				"north": {"uv": [10, 4, 7, 12], "texture": "#1"},
				"east": {"uv": [9, 4, 10, 12], "texture": "#1"},
				"south": {"uv": [7, 4, 10, 12], "texture": "#1"},
				"west": {"uv": [7, 4, 8, 12], "texture": "#1"},
				"up": {"uv": [7, 4, 10, 5], "texture": "#1"},
				"down": {"uv": [7, 11, 10, 12], "texture": "#1"}
			}
		},
		{
			"name": "play_icon_3",
			"from": [10, 5, 0],
			"to": [12, 11, 3],
			"faces": {
				"north": {"uv": [12, 5, 10, 11], "texture": "#1"},
				"east": {"uv": [11, 5, 12, 11], "texture": "#1"},
				"south": {"uv": [10, 5, 12, 11], "texture": "#1"},
				"west": {"uv": [10, 5, 11, 11], "texture": "#1"},
				"up": {"uv": [10, 5, 12, 6], "texture": "#1"},
				"down": {"uv": [10, 10, 12, 11], "texture": "#1"}
			}
		},
		{
			"name": "play_icon_4",
			"from": [12, 6, 0],
			"to": [14, 10, 3],
			"faces": {
				"north": {"uv": [14, 6, 12, 10], "texture": "#1"},
				"east": {"uv": [13, 6, 14, 10], "texture": "#1"},
				"south": {"uv": [12, 6, 14, 10], "texture": "#1"},
				"west": {"uv": [12, 6, 13, 10], "texture": "#1"},
				"up": {"uv": [12, 6, 14, 7], "texture": "#1"},
				"down": {"uv": [12, 9, 14, 10], "texture": "#1"}
			}
		},
		{
			"name": "play_icon_5",
			"from": [14, 7, 0],
			"to": [16, 9, 3],
			"faces": {
				"north": {"uv": [16, 7, 14, 9], "texture": "#1"},
				"east": {"uv": [15, 7, 16, 9], "texture": "#1"},
				"south": {"uv": [14, 7, 16, 9], "texture": "#1"},
				"west": {"uv": [14, 7, 15, 9], "texture": "#1"},
				"up": {"uv": [14, 7, 16, 8], "texture": "#1"},
				"down": {"uv": [14, 8, 16, 9], "texture": "#1"}
			}
		}
	],
	"gui_light": "front",
	"display": {
		"thirdperson_righthand": {
			"scale": [0, 0, 0]
		},
		"thirdperson_lefthand": {
			"scale": [0, 0, 0]
		},
		"firstperson_righthand": {
			"scale": [0, 0, 0]
		},
		"firstperson_lefthand": {
			"scale": [0, 0, 0]
		},
		"ground": {
			"scale": [0, 0, 0]
		},
		"gui": {
			"rotation": [22, 11, 0],
			"translation": [1.25, -2, 0],
			"scale": [0.8, 0.8, 0.8]
		},
		"head": {
			"scale": [0, 0, 0]
		},
		"fixed": {
			"scale": [0, 0, 0]
		}
	},
	"groups": [
		{
			"name": "play_icon",
			"origin": [8, 8, 8],
			"color": 0,
			"nbt": "{}",
			"children": [0, 1, 2, 3, 4, 5]
		}
	]
}