{
	"credit": "Made with Blockbench",
	"texture_size": [128, 128],
	"textures": {
		"5": "custom/washing_machine_v2",
		"particle": "custom/quartz_block_side"
	},
	"elements": [
		{
			"from": [0, 2, 2],
			"to": [13, 14, 3],
			"faces": {
				"north": {"uv": [4, 2.5, 5.625, 4], "texture": "#5"},
				"east": {"uv": [8.125, 8.25, 8.25, 9.75], "texture": "#5"},
				"south": {"uv": [4, 4, 5.625, 5.5], "texture": "#5"},
				"west": {"uv": [8.25, 8.25, 8.375, 9.75], "texture": "#5"},
				"up": {"uv": [9.75, 0.125, 8.125, 0], "texture": "#5"},
				"down": {"uv": [9.75, 0.125, 8.125, 0.25], "texture": "#5"}
			}
		},
		{
			"from": [0, 2, 13],
			"to": [13, 14, 14],
			"faces": {
				"north": {"uv": [2, 4.5, 3.625, 6], "texture": "#5"},
				"east": {"uv": [3.25, 8.375, 3.375, 9.875], "texture": "#5"},
				"south": {"uv": [0, 5.5, 1.625, 7], "texture": "#5"},
				"west": {"uv": [3.375, 8.375, 3.5, 9.875], "texture": "#5"},
				"up": {"uv": [9.875, 2.375, 8.25, 2.25], "texture": "#5"},
				"down": {"uv": [9.875, 2.375, 8.25, 2.5], "texture": "#5"}
			}
		},
		{
			"from": [0, 2, 14],
			"to": [16, 14, 16],
			"faces": {
				"north": {"uv": [2, 0, 4, 1.5], "texture": "#5"},
				"east": {"uv": [2.25, 7.625, 2.5, 9.125], "texture": "#5"},
				"south": {"uv": [2, 1.5, 4, 3], "texture": "#5"},
				"west": {"uv": [2.5, 7.625, 2.75, 9.125], "texture": "#5"},
				"up": {"uv": [9.25, 3.875, 7.25, 3.625], "texture": "#5"},
				"down": {"uv": [9.25, 3.875, 7.25, 4.125], "texture": "#5"}
			}
		},
		{
			"from": [12, 2, 2],
			"to": [16, 14, 14],
			"rotation": {"angle": 0, "axis": "y", "origin": [0, 0, -2]},
			"faces": {
				"north": {"uv": [0, 7.625, 0.5, 9.125], "texture": "#5"},
				"east": {"uv": [3.625, 5.5, 5.125, 7], "texture": "#5"},
				"south": {"uv": [7.625, 0, 8.125, 1.5], "texture": "#5"},
				"west": {"uv": [5.125, 5.5, 6.625, 7], "texture": "#5"},
				"up": {"uv": [1, 9.125, 0.5, 7.625], "texture": "#5"},
				"down": {"uv": [1.5, 7.625, 1, 9.125], "texture": "#5"}
			}
		},
		{
			"from": [0, -1, 0],
			"to": [16, 2, 16],
			"faces": {
				"north": {"uv": [1.625, 7.25, 3.625, 7.625], "texture": "#5"},
				"east": {"uv": [7.25, 2.5, 9.25, 2.875], "texture": "#5"},
				"south": {"uv": [7.25, 2.875, 9.25, 3.25], "texture": "#5"},
				"west": {"uv": [7.25, 3.25, 9.25, 3.625], "texture": "#5"},
				"up": {"uv": [2, 2, 0, 0], "texture": "#5"},
				"down": {"uv": [2, 2, 0, 4], "texture": "#5"}
			}
		},
		{
			"from": [0, 14, 6],
			"to": [16, 19, 16],
			"faces": {
				"north": {"uv": [1.625, 6, 3.625, 6.625], "texture": "#5"},
				"east": {"uv": [5.625, 7.125, 6.875, 7.75], "texture": "#5"},
				"south": {"uv": [1.625, 6.625, 3.625, 7.25], "texture": "#5"},
				"west": {"uv": [6.875, 7.125, 8.125, 7.75], "texture": "#5"},
				"up": {"uv": [6, 1.25, 4, 0], "texture": "#5"},
				"down": {"uv": [6, 1.25, 4, 2.5], "texture": "#5"}
			}
		},
		{
			"from": [3, 14, 0],
			"to": [16, 19, 6],
			"rotation": {"angle": 0, "axis": "y", "origin": [0, 0, -10]},
			"faces": {
				"north": {"uv": [6.625, 6.5, 8.25, 7.125], "texture": "#5"},
				"east": {"uv": [1.5, 7.625, 2.25, 8.25], "texture": "#5"},
				"south": {"uv": [0, 7, 1.625, 7.625], "texture": "#5"},
				"west": {"uv": [7.625, 1.5, 8.375, 2.125], "texture": "#5"},
				"up": {"uv": [8.25, 5.75, 6.625, 5], "texture": "#5"},
				"down": {"uv": [8.25, 5.75, 6.625, 6.5], "texture": "#5"}
			}
		},
		{
			"from": [0, 17, 0],
			"to": [3, 19, 6],
			"rotation": {"angle": 0, "axis": "y", "origin": [-13, -1, -10]},
			"faces": {
				"north": {"uv": [3.625, 5.25, 4, 5.5], "texture": "#5"},
				"east": {"uv": [8.25, 6.75, 9, 7], "texture": "#5"},
				"south": {"uv": [8.5, 5.625, 8.875, 5.875], "texture": "#5"},
				"west": {"uv": [8.375, 1.5, 9.125, 1.75], "texture": "#5"},
				"up": {"uv": [4, 5.25, 3.625, 4.5], "texture": "#5"},
				"down": {"uv": [3.625, 7.625, 3.25, 8.375], "texture": "#5"}
			}
		},
		{
			"from": [0, 16, 5],
			"to": [3, 17, 6],
			"rotation": {"angle": 0, "axis": "y", "origin": [-13, -2, -9]},
			"faces": {
				"north": {"uv": [8.625, 8.375, 9, 8.5], "texture": "#5"},
				"east": {"uv": [4.75, 9, 4.875, 9.125], "texture": "#5"},
				"south": {"uv": [8.625, 8.5, 9, 8.625], "texture": "#5"},
				"west": {"uv": [4.875, 9, 5, 9.125], "texture": "#5"},
				"up": {"uv": [9, 8.75, 8.625, 8.625], "texture": "#5"},
				"down": {"uv": [9.125, 5.25, 8.75, 5.375], "texture": "#5"}
			}
		},
		{
			"from": [0, 16, 1],
			"to": [3, 17, 2],
			"rotation": {"angle": 0, "axis": "y", "origin": [-13, -2, -13]},
			"faces": {
				"north": {"uv": [8.75, 5.375, 9.125, 5.5], "texture": "#5"},
				"east": {"uv": [5, 9, 5.125, 9.125], "texture": "#5"},
				"south": {"uv": [8.75, 5.5, 9.125, 5.625], "texture": "#5"},
				"west": {"uv": [9, 5, 9.125, 5.125], "texture": "#5"},
				"up": {"uv": [6.25, 8.875, 5.875, 8.75], "texture": "#5"},
				"down": {"uv": [9.125, 6, 8.75, 6.125], "texture": "#5"}
			}
		},
		{
			"from": [0, 14, 0],
			"to": [3, 15, 6],
			"rotation": {"angle": 0, "axis": "y", "origin": [-13, -4, -10]},
			"faces": {
				"north": {"uv": [1.625, 5.875, 2, 6], "texture": "#5"},
				"east": {"uv": [8.5, 4.875, 9.25, 5], "texture": "#5"},
				"south": {"uv": [8.625, 8.25, 9, 8.375], "texture": "#5"},
				"west": {"uv": [8.5, 5.875, 9.25, 6], "texture": "#5"},
				"up": {"uv": [6, 8.5, 5.625, 7.75], "texture": "#5"},
				"down": {"uv": [6.375, 7.75, 6, 8.5], "texture": "#5"}
			}
		},
		{
			"from": [0, 15, 1],
			"to": [3, 18, 6],
			"rotation": {"angle": -22.5, "axis": "z", "origin": [0, 15, 4]},
			"faces": {
				"north": {"uv": [1.625, 5.5, 2, 5.875], "texture": "#5"},
				"east": {"uv": [7.625, 2.125, 8.25, 2.5], "texture": "#5"},
				"south": {"uv": [6.25, 5, 6.625, 5.375], "texture": "#5"},
				"west": {"uv": [7.875, 4.625, 8.5, 5], "texture": "#5"},
				"up": {"uv": [5.25, 8.625, 4.875, 8], "texture": "#5"},
				"down": {"uv": [5.625, 8, 5.25, 8.625], "texture": "#5"}
			}
		},
		{
			"from": [0, 15, 0],
			"to": [1, 17, 1],
			"rotation": {"angle": 0, "axis": "y", "origin": [-13, -3, -10]},
			"faces": {
				"north": {"uv": [2.125, 8.5, 2.25, 8.75], "texture": "#5"},
				"east": {"uv": [2.125, 8.75, 2.25, 9], "texture": "#5"},
				"south": {"uv": [8, 8.75, 8.125, 9], "texture": "#5"},
				"west": {"uv": [7.125, 8.875, 7.25, 9.125], "texture": "#5"},
				"up": {"uv": [4.625, 9.125, 4.5, 9], "texture": "#5"},
				"down": {"uv": [4.75, 9, 4.625, 9.125], "texture": "#5"}
			}
		},
		{
			"from": [1, 15, 0],
			"to": [3, 17, 6],
			"rotation": {"angle": 0, "axis": "y", "origin": [-13, -3, -10]},
			"faces": {
				"north": {"uv": [5.875, 8.5, 6.125, 8.75], "texture": "#5"},
				"east": {"uv": [1.5, 8.25, 2.25, 8.5], "texture": "#5"},
				"south": {"uv": [8.5, 6, 8.75, 6.25], "texture": "#5"},
				"west": {"uv": [8.25, 5, 9, 5.25], "texture": "#5"},
				"up": {"uv": [8.5, 6, 8.25, 5.25], "texture": "#5"},
				"down": {"uv": [8.5, 6, 8.25, 6.75], "texture": "#5"}
			}
		},
		{
			"from": [-1, 15, 7],
			"to": [1, 17, 9],
			"faces": {
				"north": {"uv": [6.125, 8.5, 6.375, 8.75], "texture": "#5"},
				"east": {"uv": [8.5, 6.25, 8.75, 6.5], "texture": "#5"},
				"south": {"uv": [8.5, 6.5, 8.75, 6.75], "texture": "#5"},
				"west": {"uv": [4.875, 8.625, 5.125, 8.875], "texture": "#5"},
				"up": {"uv": [5.375, 8.875, 5.125, 8.625], "texture": "#5"},
				"down": {"uv": [5.625, 8.625, 5.375, 8.875], "texture": "#5"}
			}
		},
		{
			"from": [-0.25, 14, 10],
			"to": [1.75, 17, 15],
			"rotation": {"angle": 0, "axis": "y", "origin": [0.75, -1, 6]},
			"faces": {
				"north": {"uv": [8.5, 5.25, 8.75, 5.625], "texture": "#5"},
				"east": {"uv": [5.625, 5, 6.25, 5.375], "texture": "#5"},
				"south": {"uv": [5.625, 8.5, 5.875, 8.875], "texture": "#5"},
				"west": {"uv": [7.25, 4.625, 7.875, 5], "texture": "#5"},
				"up": {"uv": [8.625, 8.875, 8.375, 8.25], "texture": "#5"},
				"down": {"uv": [1.75, 8.5, 1.5, 9.125], "texture": "#5"}
			}
		},
		{
			"from": [-0.5, 10, 2.5],
			"to": [0.75, 11, 3],
			"rotation": {"angle": 0, "axis": "y", "origin": [0.25, -4, -4.25]},
			"faces": {
				"north": {"uv": [5.125, 9, 5.25, 9.125], "texture": "#5"},
				"east": {"uv": [9, 5.125, 9.125, 5.25], "texture": "#5"},
				"south": {"uv": [5.25, 9, 5.375, 9.125], "texture": "#5"},
				"west": {"uv": [5.375, 9, 5.5, 9.125], "texture": "#5"},
				"up": {"uv": [5.625, 9.125, 5.5, 9], "texture": "#5"},
				"down": {"uv": [5.75, 9, 5.625, 9.125], "texture": "#5"}
			}
		},
		{
			"from": [-0.5, 5, 2.5],
			"to": [0.75, 6, 3],
			"rotation": {"angle": 0, "axis": "y", "origin": [0.25, -9, -4.25]},
			"faces": {
				"north": {"uv": [5.75, 9, 5.875, 9.125], "texture": "#5"},
				"east": {"uv": [5.875, 9, 6, 9.125], "texture": "#5"},
				"south": {"uv": [6, 9, 6.125, 9.125], "texture": "#5"},
				"west": {"uv": [6.125, 9, 6.25, 9.125], "texture": "#5"},
				"up": {"uv": [9.125, 6.25, 9, 6.125], "texture": "#5"},
				"down": {"uv": [6.375, 9, 6.25, 9.125], "texture": "#5"}
			}
		},
		{
			"from": [0, 2, 0],
			"to": [16, 14, 2],
			"faces": {
				"north": {"uv": [2, 3, 4, 4.5], "texture": "#5"},
				"east": {"uv": [2.75, 7.625, 3, 9.125], "texture": "#5"},
				"south": {"uv": [0, 4, 2, 5.5], "texture": "#5"},
				"west": {"uv": [3, 7.625, 3.25, 9.125], "texture": "#5"},
				"up": {"uv": [9.25, 4.375, 7.25, 4.125], "texture": "#5"},
				"down": {"uv": [9.25, 4.375, 7.25, 4.625], "texture": "#5"}
			}
		},
		{
			"from": [0, 12, 12],
			"to": [13, 13, 13],
			"faces": {
				"north": {"uv": [8.125, 0.75, 9.75, 0.875], "texture": "#5"},
				"east": {"uv": [7.75, 8.875, 7.875, 9], "texture": "#5"},
				"south": {"uv": [8.125, 0.875, 9.75, 1], "texture": "#5"},
				"west": {"uv": [7.875, 8.875, 8, 9], "texture": "#5"},
				"up": {"uv": [9.75, 1.125, 8.125, 1], "texture": "#5"},
				"down": {"uv": [9.75, 1.125, 8.125, 1.25], "texture": "#5"}
			}
		},
		{
			"name": "glas",
			"from": [-0.5, 4, 4],
			"to": [1.5, 12, 12],
			"rotation": {"angle": 0, "axis": "y", "origin": [0.5, -1, 0]},
			"faces": {
				"north": {"uv": [3.875, 8, 4.125, 9], "texture": "#5"},
				"east": {"uv": [3.625, 7, 4.625, 8], "texture": "#5"},
				"south": {"uv": [4.125, 8, 4.375, 9], "texture": "#5"},
				"west": {"uv": [4.625, 7, 5.625, 8], "texture": "#5"},
				"up": {"uv": [4.625, 9, 4.375, 8], "texture": "#5"},
				"down": {"uv": [4.875, 8, 4.625, 9], "texture": "#5"}
			}
		},
		{
			"name": "rim",
			"from": [-1, 4, 4],
			"to": [1, 5, 5],
			"faces": {
				"north": {"uv": [6.125, 8.875, 6.375, 9], "texture": "#5"},
				"east": {"uv": [4.25, 9, 4.375, 9.125], "texture": "#5"},
				"south": {"uv": [6.375, 8.875, 6.625, 9], "texture": "#5"},
				"west": {"uv": [4.375, 9, 4.5, 9.125], "texture": "#5"},
				"up": {"uv": [6.875, 9, 6.625, 8.875], "texture": "#5"},
				"down": {"uv": [7.125, 8.875, 6.875, 9], "texture": "#5"}
			}
		},
		{
			"name": "rim",
			"from": [-1, 4, 11],
			"to": [1, 5, 12],
			"faces": {
				"north": {"uv": [5.625, 8.875, 5.875, 9], "texture": "#5"},
				"east": {"uv": [4, 9, 4.125, 9.125], "texture": "#5"},
				"south": {"uv": [8.875, 5.625, 9.125, 5.75], "texture": "#5"},
				"west": {"uv": [4.125, 9, 4.25, 9.125], "texture": "#5"},
				"up": {"uv": [9.125, 5.875, 8.875, 5.75], "texture": "#5"},
				"down": {"uv": [6.125, 8.875, 5.875, 9], "texture": "#5"}
			}
		},
		{
			"name": "rim",
			"from": [-1, 3, 4],
			"to": [1, 4, 12],
			"faces": {
				"north": {"uv": [8.75, 6.25, 9, 6.375], "texture": "#5"},
				"east": {"uv": [8.5, 4.625, 9.5, 4.75], "texture": "#5"},
				"south": {"uv": [8.75, 6.375, 9, 6.5], "texture": "#5"},
				"west": {"uv": [8.5, 4.75, 9.5, 4.875], "texture": "#5"},
				"up": {"uv": [7.125, 8.75, 6.875, 7.75], "texture": "#5"},
				"down": {"uv": [7.375, 7.75, 7.125, 8.75], "texture": "#5"}
			}
		},
		{
			"name": "rim",
			"from": [-1, 4, 12],
			"to": [1, 12, 13],
			"faces": {
				"north": {"uv": [7.875, 7.75, 8.125, 8.75], "texture": "#5"},
				"east": {"uv": [1.875, 8.5, 2, 9.5], "texture": "#5"},
				"south": {"uv": [3.625, 8, 3.875, 9], "texture": "#5"},
				"west": {"uv": [2, 8.5, 2.125, 9.5], "texture": "#5"},
				"up": {"uv": [9, 6.75, 8.75, 6.625], "texture": "#5"},
				"down": {"uv": [7, 8.75, 6.75, 8.875], "texture": "#5"}
			}
		},
		{
			"name": "rim",
			"from": [-1, 8.25, 13],
			"to": [-0.5, 10.5, 13.5],
			"rotation": {"angle": 0, "axis": "y", "origin": [0, -0.25, 1]},
			"faces": {
				"north": {"uv": [7.25, 8.875, 7.375, 9.125], "texture": "#5"},
				"east": {"uv": [7.375, 8.875, 7.5, 9.125], "texture": "#5"},
				"south": {"uv": [7.5, 8.875, 7.625, 9.125], "texture": "#5"},
				"west": {"uv": [7.625, 8.875, 7.75, 9.125], "texture": "#5"},
				"up": {"uv": [9.125, 6.375, 9, 6.25], "texture": "#5"},
				"down": {"uv": [6.5, 9, 6.375, 9.125], "texture": "#5"}
			}
		},
		{
			"name": "rim",
			"from": [-1, 4, 3],
			"to": [1, 12, 4],
			"faces": {
				"north": {"uv": [7.375, 7.75, 7.625, 8.75], "texture": "#5"},
				"east": {"uv": [3.5, 8.375, 3.625, 9.375], "texture": "#5"},
				"south": {"uv": [7.625, 7.75, 7.875, 8.75], "texture": "#5"},
				"west": {"uv": [1.75, 8.5, 1.875, 9.5], "texture": "#5"},
				"up": {"uv": [6.75, 8.875, 6.5, 8.75], "texture": "#5"},
				"down": {"uv": [9, 6.5, 8.75, 6.625], "texture": "#5"}
			}
		},
		{
			"name": "rim",
			"from": [-1, 11, 4],
			"to": [1, 12, 5],
			"faces": {
				"north": {"uv": [7, 8.75, 7.25, 8.875], "texture": "#5"},
				"east": {"uv": [2.125, 9, 2.25, 9.125], "texture": "#5"},
				"south": {"uv": [7.25, 8.75, 7.5, 8.875], "texture": "#5"},
				"west": {"uv": [3.625, 9, 3.75, 9.125], "texture": "#5"},
				"up": {"uv": [7.75, 8.875, 7.5, 8.75], "texture": "#5"},
				"down": {"uv": [8, 8.75, 7.75, 8.875], "texture": "#5"}
			}
		},
		{
			"name": "rim",
			"from": [-1, 12, 4],
			"to": [1, 13, 12],
			"faces": {
				"north": {"uv": [8.75, 6.125, 9, 6.25], "texture": "#5"},
				"east": {"uv": [5.625, 5.375, 6.625, 5.5], "texture": "#5"},
				"south": {"uv": [6.25, 8.75, 6.5, 8.875], "texture": "#5"},
				"west": {"uv": [5.625, 7, 6.625, 7.125], "texture": "#5"},
				"up": {"uv": [6.625, 8.75, 6.375, 7.75], "texture": "#5"},
				"down": {"uv": [6.875, 7.75, 6.625, 8.75], "texture": "#5"}
			}
		},
		{
			"name": "rim",
			"from": [-1, 11, 11],
			"to": [1, 12, 12],
			"faces": {
				"north": {"uv": [8.625, 8.75, 8.875, 8.875], "texture": "#5"},
				"east": {"uv": [3.75, 9, 3.875, 9.125], "texture": "#5"},
				"south": {"uv": [4.875, 8.875, 5.125, 9], "texture": "#5"},
				"west": {"uv": [3.875, 9, 4, 9.125], "texture": "#5"},
				"up": {"uv": [5.375, 9, 5.125, 8.875], "texture": "#5"},
				"down": {"uv": [5.625, 8.875, 5.375, 9], "texture": "#5"}
			}
		},
		{
			"from": [0, 12, 3],
			"to": [13, 13, 4],
			"faces": {
				"north": {"uv": [8.125, 1.25, 9.75, 1.375], "texture": "#5"},
				"east": {"uv": [8.375, 8.875, 8.5, 9], "texture": "#5"},
				"south": {"uv": [8.125, 1.375, 9.75, 1.5], "texture": "#5"},
				"west": {"uv": [8.5, 8.875, 8.625, 9], "texture": "#5"},
				"up": {"uv": [9.75, 7.25, 8.125, 7.125], "texture": "#5"},
				"down": {"uv": [9.75, 7.25, 8.125, 7.375], "texture": "#5"}
			}
		},
		{
			"from": [0, 3, 3],
			"to": [13, 4, 4],
			"faces": {
				"north": {"uv": [8.125, 7.375, 9.75, 7.5], "texture": "#5"},
				"east": {"uv": [8.625, 8.875, 8.75, 9], "texture": "#5"},
				"south": {"uv": [8.125, 7.5, 9.75, 7.625], "texture": "#5"},
				"west": {"uv": [8.75, 8.875, 8.875, 9], "texture": "#5"},
				"up": {"uv": [9.75, 7.75, 8.125, 7.625], "texture": "#5"},
				"down": {"uv": [9.75, 7.75, 8.125, 7.875], "texture": "#5"}
			}
		},
		{
			"from": [0, 3, 12],
			"to": [13, 4, 13],
			"faces": {
				"north": {"uv": [8.125, 7.875, 9.75, 8], "texture": "#5"},
				"east": {"uv": [8.875, 8.75, 9, 8.875], "texture": "#5"},
				"south": {"uv": [8.125, 8, 9.75, 8.125], "texture": "#5"},
				"west": {"uv": [8.875, 8.875, 9, 9], "texture": "#5"},
				"up": {"uv": [9.75, 8.25, 8.125, 8.125], "texture": "#5"},
				"down": {"uv": [9.875, 2.125, 8.25, 2.25], "texture": "#5"}
			}
		},
		{
			"from": [0, 2, 3],
			"to": [13, 3, 13],
			"faces": {
				"north": {"uv": [8.125, 0.25, 9.75, 0.375], "texture": "#5"},
				"east": {"uv": [8.25, 7, 9.5, 7.125], "texture": "#5"},
				"south": {"uv": [8.125, 0.375, 9.75, 0.5], "texture": "#5"},
				"west": {"uv": [8.375, 1.75, 9.625, 1.875], "texture": "#5"},
				"up": {"uv": [7.25, 3.75, 5.625, 2.5], "texture": "#5"},
				"down": {"uv": [7.25, 3.75, 5.625, 5], "texture": "#5"}
			}
		},
		{
			"from": [0, 13, 3],
			"to": [13, 14, 13],
			"faces": {
				"north": {"uv": [8.125, 0.5, 9.75, 0.625], "texture": "#5"},
				"east": {"uv": [8.375, 1.875, 9.625, 2], "texture": "#5"},
				"south": {"uv": [8.125, 0.625, 9.75, 0.75], "texture": "#5"},
				"west": {"uv": [8.375, 2, 9.625, 2.125], "texture": "#5"},
				"up": {"uv": [7.625, 1.25, 6, 0], "texture": "#5"},
				"down": {"uv": [7.625, 1.25, 6, 2.5], "texture": "#5"}
			}
		}
	],
	"display": {
		"thirdperson_righthand": {
			"rotation": [0, 39, 0],
			"translation": [-0.75, 0, -1.75],
			"scale": [0.3, 0.3, 0.3]
		},
		"thirdperson_lefthand": {
			"rotation": [134.23, -66.41, 149.09],
			"translation": [-0.75, 0, -1.75],
			"scale": [0.3, 0.3, 0.3]
		},
		"firstperson_righthand": {
			"rotation": [0, 13, 0],
			"translation": [11, -2.25, -9],
			"scale": [0.4, 0.4, 0.4]
		},
		"firstperson_lefthand": {
			"rotation": [0, -161, 0],
			"translation": [11, -2.25, -9],
			"scale": [0.4, 0.4, 0.4]
		},
		"ground": {
			"translation": [0, 3, 0],
			"scale": [0.35, 0.35, 0.35]
		},
		"gui": {
			"rotation": [16, 56, 0],
			"translation": [0, -0.75, 0],
			"scale": [0.6, 0.6, 0.6]
		},
		"head": {
			"rotation": [0, -90, 0],
			"translation": [0, -9, 0],
			"scale": [2.7, 2.7, 2.7]
		},
		"fixed": {
			"rotation": [0, -90, 0],
			"scale": [0.7, 0.7, 0.7]
		}
	}
}