{
	"credit": "Made with Blockbench",
	"textures": {
		"4": "custom/pointed_dripstone_down_tip",
		"particle": "custom/pointed_dripstone_down_base"
	},
	"elements": [
		{
			"from": [-16, -16, 8],
			"to": [32, 8, 8],
			"rotation": {"angle": 45, "axis": "y", "origin": [8, 0, 8]},
			"faces": {
				"north": {"uv": [0, 16, 16, 8], "texture": "#4"},
				"east": {"uv": [0, 16, 0, 16], "texture": "#4"},
				"south": {"uv": [0, 16, 16, 8], "texture": "#4"},
				"west": {"uv": [0, 16, 0, 8], "texture": "#4"},
				"up": {"uv": [0, 16, 0, 16], "texture": "#4"},
				"down": {"uv": [0, 16, 0, 16], "texture": "#4"}
			}
		},
		{
			"from": [8, -16, -16],
			"to": [8, 8, 32],
			"rotation": {"angle": 45, "axis": "y", "origin": [8, 0, 8]},
			"faces": {
				"north": {"uv": [0, 16, 0, 16], "texture": "#4"},
				"east": {"uv": [0, 16, 16, 8], "texture": "#4"},
				"south": {"uv": [0, 16, 0, 16], "texture": "#4"},
				"west": {"uv": [0, 16, 16, 8], "texture": "#4"},
				"up": {"uv": [0, 16, 0, 16], "rotation": 270, "texture": "#4"},
				"down": {"uv": [0, 16, 0, 16], "rotation": 90, "texture": "#4"}
			}
		}
	],
	"display": {
		"thirdperson_lefthand": {
			"rotation": [90, 0, 0],
			"translation": [-6, -1.75, -80],
			"scale": [4, 4, 4]
		},
		"head": {
			"translation": [0, 15, 0],
			"scale": [4, 4, 4]
		}
	}
}