{
	"credit": "Made with Blockbench",
	"textures": {
		"0": "custom/pointed_dripstone_down_base",
		"1": "custom/pointed_dripstone_down_frustum",
		"2": "custom/pointed_dripstone_down_tip",
		"3": "custom/pointed_dripstone_down_middle",
		"particle": "custom/pointed_dripstone_down_base"
	},
	"elements": [
		{
			"from": [24, -8, 8],
			"to": [32, 0, 8],
			"rotation": {"angle": 0, "axis": "y", "origin": [20, 0, 0]},
			"faces": {
				"north": {"uv": [0, 16, 16, 0], "texture": "#0"},
				"east": {"uv": [0, 16, 0, 16], "texture": "#0"},
				"south": {"uv": [0, 16, 16, 0], "texture": "#0"},
				"west": {"uv": [0, 16, 0, 16], "texture": "#0"},
				"up": {"uv": [0, 16, 0, 16], "texture": "#0"},
				"down": {"uv": [0, 16, 0, 16], "texture": "#0"}
			}
		},
		{
			"from": [24, 0, 8],
			"to": [32, 8, 8],
			"rotation": {"angle": 0, "axis": "y", "origin": [20, 0, 0]},
			"faces": {
				"north": {"uv": [0, 16, 16, 0], "texture": "#3"},
				"east": {"uv": [0, 16, 0, 16], "texture": "#3"},
				"south": {"uv": [0, 16, 16, 0], "texture": "#3"},
				"west": {"uv": [0, 16, 0, 16], "texture": "#3"},
				"up": {"uv": [0, 16, 0, 16], "texture": "#3"},
				"down": {"uv": [0, 16, 0, 16], "texture": "#3"}
			}
		},
		{
			"from": [-12.10968, 0.00078, 4],
			"to": [-12.10968, 8.00078, 12],
			"rotation": {"angle": 0, "axis": "z", "origin": [-11.89357, 5.39323, 8]},
			"faces": {
				"north": {"uv": [0, 16, 0, 16], "rotation": 180, "texture": "#2"},
				"east": {"uv": [0, 16, 16, 0], "rotation": 180, "texture": "#2"},
				"south": {"uv": [0, 16, 0, 16], "rotation": 180, "texture": "#2"},
				"west": {"uv": [0, 16, 16, 0], "rotation": 180, "texture": "#2"},
				"up": {"uv": [0, 16, 0, 16], "rotation": 270, "texture": "#2"},
				"down": {"uv": [0, 16, 0, 16], "rotation": 90, "texture": "#2"}
			}
		},
		{
			"from": [28, -8, 4],
			"to": [28, 0, 12],
			"rotation": {"angle": 0, "axis": "y", "origin": [28, 0, 8]},
			"faces": {
				"north": {"uv": [0, 16, 0, 16], "texture": "#0"},
				"east": {"uv": [0, 16, 16, 0], "texture": "#0"},
				"south": {"uv": [0, 16, 0, 16], "texture": "#0"},
				"west": {"uv": [0, 16, 16, 0], "texture": "#0"},
				"up": {"uv": [0, 16, 0, 16], "rotation": 270, "texture": "#0"},
				"down": {"uv": [0, 16, 0, 16], "rotation": 90, "texture": "#0"}
			}
		},
		{
			"from": [28, 0, 4],
			"to": [28, 8, 12],
			"rotation": {"angle": 0, "axis": "y", "origin": [28, 0, 8]},
			"faces": {
				"north": {"uv": [0, 16, 0, 16], "texture": "#3"},
				"east": {"uv": [0, 16, 16, 0], "texture": "#3"},
				"south": {"uv": [0, 16, 0, 16], "texture": "#3"},
				"west": {"uv": [0, 16, 16, 0], "texture": "#3"},
				"up": {"uv": [0, 16, 0, 16], "rotation": 270, "texture": "#3"},
				"down": {"uv": [0, 16, 0, 16], "rotation": 90, "texture": "#3"}
			}
		},
		{
			"from": [28, 8, 4],
			"to": [28, 16, 12],
			"rotation": {"angle": 22.5, "axis": "z", "origin": [28, 8, 8]},
			"faces": {
				"north": {"uv": [0, 16, 0, 16], "texture": "#3"},
				"east": {"uv": [0, 16, 16, 0], "texture": "#3"},
				"south": {"uv": [0, 16, 0, 16], "texture": "#3"},
				"west": {"uv": [0, 16, 16, 0], "texture": "#3"},
				"up": {"uv": [0, 16, 0, 16], "rotation": 270, "texture": "#3"},
				"down": {"uv": [0, 16, 0, 16], "rotation": 90, "texture": "#3"}
			}
		},
		{
			"from": [25.23782, 15.43808, 4],
			"to": [25.23782, 23.43808, 12],
			"rotation": {"angle": 45, "axis": "z", "origin": [25.14496, 15.05329, 8]},
			"faces": {
				"north": {"uv": [0, 16, 0, 16], "texture": "#3"},
				"east": {"uv": [0, 16, 16, 0], "texture": "#3"},
				"south": {"uv": [0, 16, 0, 16], "texture": "#3"},
				"west": {"uv": [0, 16, 16, 0], "texture": "#3"},
				"up": {"uv": [0, 16, 0, 16], "rotation": 270, "texture": "#3"},
				"down": {"uv": [0, 16, 0, 16], "rotation": 90, "texture": "#3"}
			}
		},
		{
			"from": [10.68401, 18.22892, 4],
			"to": [18.68401, 18.22892, 12],
			"rotation": {"angle": -22.5, "axis": "z", "origin": [26.0688, 18.13607, 8]},
			"faces": {
				"north": {"uv": [0, 16, 0, 16], "rotation": 90, "texture": "#3"},
				"east": {"uv": [0, 16, 0, 16], "texture": "#3"},
				"south": {"uv": [0, 16, 0, 16], "rotation": 270, "texture": "#3"},
				"west": {"uv": [0, 16, 0, 16], "rotation": 180, "texture": "#3"},
				"up": {"uv": [0, 16, 16, 0], "rotation": 270, "texture": "#3"},
				"down": {"uv": [0, 16, 16, 0], "rotation": 270, "texture": "#3"}
			}
		},
		{
			"from": [4, 24.10936, 4],
			"to": [12, 24.10936, 12],
			"rotation": {"angle": 0, "axis": "z", "origin": [25.27543, 24.0165, 8]},
			"faces": {
				"north": {"uv": [0, 16, 0, 16], "rotation": 90, "texture": "#3"},
				"east": {"uv": [0, 16, 0, 16], "texture": "#3"},
				"south": {"uv": [0, 16, 0, 16], "rotation": 270, "texture": "#3"},
				"west": {"uv": [0, 16, 0, 16], "rotation": 180, "texture": "#3"},
				"up": {"uv": [0, 16, 16, 0], "rotation": 270, "texture": "#3"},
				"down": {"uv": [0, 16, 16, 0], "rotation": 270, "texture": "#3"}
			}
		},
		{
			"from": [-4.97462, 29.19679, 4],
			"to": [3.02538, 29.19679, 12],
			"rotation": {"angle": 22.5, "axis": "z", "origin": [16.30082, 29.10394, 8]},
			"faces": {
				"north": {"uv": [0, 16, 0, 16], "rotation": 90, "texture": "#3"},
				"east": {"uv": [0, 16, 0, 16], "texture": "#3"},
				"south": {"uv": [0, 16, 0, 16], "rotation": 270, "texture": "#3"},
				"west": {"uv": [0, 16, 0, 16], "rotation": 180, "texture": "#3"},
				"up": {"uv": [0, 16, 16, 0], "rotation": 270, "texture": "#3"},
				"down": {"uv": [0, 16, 16, 0], "rotation": 270, "texture": "#3"}
			}
		},
		{
			"from": [-10.47411, 19.26745, 4],
			"to": [-2.47411, 19.26745, 12],
			"rotation": {"angle": 45, "axis": "z", "origin": [-5.08166, 19.05134, 8]},
			"faces": {
				"north": {"uv": [0, 16, 0, 16], "rotation": 90, "texture": "#3"},
				"east": {"uv": [0, 16, 0, 16], "texture": "#3"},
				"south": {"uv": [0, 16, 0, 16], "rotation": 270, "texture": "#3"},
				"west": {"uv": [0, 16, 0, 16], "rotation": 180, "texture": "#3"},
				"up": {"uv": [0, 16, 16, 0], "rotation": 270, "texture": "#3"},
				"down": {"uv": [0, 16, 16, 0], "rotation": 270, "texture": "#3"}
			}
		},
		{
			"from": [-10.06253, 7.50761, 4],
			"to": [-10.06253, 15.50761, 12],
			"rotation": {"angle": -22.5, "axis": "z", "origin": [-9.84642, 12.90006, 8]},
			"faces": {
				"north": {"uv": [0, 16, 0, 16], "rotation": 180, "texture": "#1"},
				"east": {"uv": [0, 16, 16, 0], "rotation": 180, "texture": "#1"},
				"south": {"uv": [0, 16, 0, 16], "rotation": 180, "texture": "#1"},
				"west": {"uv": [0, 16, 16, 0], "rotation": 180, "texture": "#1"},
				"up": {"uv": [0, 16, 0, 16], "rotation": 270, "texture": "#1"},
				"down": {"uv": [0, 16, 0, 16], "rotation": 90, "texture": "#1"}
			}
		},
		{
			"from": [24, 8, 7.975],
			"to": [32, 16, 7.975],
			"rotation": {"angle": 22.5, "axis": "z", "origin": [31, 8, 7.975]},
			"faces": {
				"north": {"uv": [0, 16, 16, 0], "texture": "#3"},
				"east": {"uv": [0, 16, 0, 16], "texture": "#3"},
				"south": {"uv": [0, 16, 16, 0], "texture": "#3"},
				"west": {"uv": [0, 16, 0, 16], "texture": "#3"},
				"up": {"uv": [0, 16, 0, 16], "texture": "#3"},
				"down": {"uv": [0, 16, 0, 16], "texture": "#3"}
			}
		},
		{
			"from": [26, 16, 7.975],
			"to": [28, 17, 7.975],
			"rotation": {"angle": 22.5, "axis": "z", "origin": [31, 8, 7.975]},
			"faces": {
				"north": {"uv": [8, 4, 12, 2], "texture": "#3"},
				"east": {"uv": [0, 16, 0, 16], "texture": "#3"},
				"south": {"uv": [4, 4, 8, 2], "texture": "#3"},
				"west": {"uv": [0, 16, 0, 16], "texture": "#3"},
				"up": {"uv": [0, 16, 0, 16], "texture": "#3"},
				"down": {"uv": [0, 16, 0, 16], "texture": "#3"}
			}
		},
		{
			"from": [28, 16, 7.975],
			"to": [32, 18, 7.975],
			"rotation": {"angle": 22.5, "axis": "z", "origin": [31, 8, 7.975]},
			"faces": {
				"north": {"uv": [0, 16, 8, 12], "texture": "#3"},
				"east": {"uv": [0, 16, 0, 16], "texture": "#3"},
				"south": {"uv": [8, 16, 16, 12], "texture": "#3"},
				"west": {"uv": [0, 16, 0, 16], "texture": "#3"},
				"up": {"uv": [0, 16, 0, 16], "texture": "#3"},
				"down": {"uv": [0, 16, 0, 16], "texture": "#3"}
			}
		},
		{
			"from": [20.37301, 14.8313, 8],
			"to": [28.37301, 21.8313, 8],
			"rotation": {"angle": 45, "axis": "z", "origin": [24.35, 15.825, 8]},
			"faces": {
				"north": {"uv": [0, 16, 16, 1], "texture": "#3"},
				"east": {"uv": [0, 16, 0, 16], "texture": "#3"},
				"south": {"uv": [0, 16, 16, 1], "texture": "#3"},
				"west": {"uv": [0, 16, 0, 16], "texture": "#3"},
				"up": {"uv": [0, 16, 0, 16], "texture": "#3"},
				"down": {"uv": [0, 16, 0, 16], "texture": "#3"}
			}
		},
		{
			"from": [22.37301, 21.8313, 8],
			"to": [24.37301, 22.8313, 8],
			"rotation": {"angle": 45, "axis": "z", "origin": [24.35, 15.825, 8]},
			"faces": {
				"north": {"uv": [8, 4, 12, 2], "texture": "#3"},
				"east": {"uv": [0, 16, 0, 16], "texture": "#3"},
				"south": {"uv": [4, 4, 8, 2], "texture": "#3"},
				"west": {"uv": [0, 16, 0, 16], "texture": "#3"},
				"up": {"uv": [0, 16, 0, 16], "texture": "#3"},
				"down": {"uv": [0, 16, 0, 16], "texture": "#3"}
			}
		},
		{
			"from": [24.37301, 21.8313, 8],
			"to": [28.37301, 23.8313, 8],
			"rotation": {"angle": 45, "axis": "z", "origin": [24.35, 15.825, 8]},
			"faces": {
				"north": {"uv": [0, 16, 8, 12], "texture": "#3"},
				"east": {"uv": [0, 16, 0, 16], "texture": "#3"},
				"south": {"uv": [8, 16, 16, 12], "texture": "#3"},
				"west": {"uv": [0, 16, 0, 16], "texture": "#3"},
				"up": {"uv": [0, 16, 0, 16], "texture": "#3"},
				"down": {"uv": [0, 16, 0, 16], "texture": "#3"}
			}
		},
		{
			"from": [13.75, 16.225, 7.975],
			"to": [20.75, 24.225, 7.975],
			"rotation": {"angle": -22.5, "axis": "z", "origin": [21.75, 23.225, 7.975]},
			"faces": {
				"north": {"uv": [0, 16, 16, 1], "rotation": 90, "texture": "#3"},
				"east": {"uv": [0, 16, 0, 16], "rotation": 270, "texture": "#3"},
				"south": {"uv": [0, 16, 16, 1], "rotation": 270, "texture": "#3"},
				"west": {"uv": [0, 16, 0, 16], "rotation": 270, "texture": "#3"},
				"up": {"uv": [0, 16, 0, 16], "rotation": 270, "texture": "#3"},
				"down": {"uv": [0, 16, 0, 16], "rotation": 270, "texture": "#3"}
			}
		},
		{
			"from": [12.75, 18.225, 7.975],
			"to": [13.75, 20.225, 7.975],
			"rotation": {"angle": -22.5, "axis": "z", "origin": [21.75, 23.225, 7.975]},
			"faces": {
				"north": {"uv": [8, 4, 12, 2], "rotation": 90, "texture": "#3"},
				"east": {"uv": [0, 16, 0, 16], "rotation": 270, "texture": "#3"},
				"south": {"uv": [4, 4, 8, 2], "rotation": 270, "texture": "#3"},
				"west": {"uv": [0, 16, 0, 16], "rotation": 270, "texture": "#3"},
				"up": {"uv": [0, 16, 0, 16], "rotation": 270, "texture": "#3"},
				"down": {"uv": [0, 16, 0, 16], "rotation": 270, "texture": "#3"}
			}
		},
		{
			"from": [11.75, 20.225, 7.975],
			"to": [13.75, 24.225, 7.975],
			"rotation": {"angle": -22.5, "axis": "z", "origin": [21.75, 23.225, 7.975]},
			"faces": {
				"north": {"uv": [0, 16, 8, 12], "rotation": 90, "texture": "#3"},
				"east": {"uv": [0, 16, 0, 16], "rotation": 270, "texture": "#3"},
				"south": {"uv": [8, 16, 16, 12], "rotation": 270, "texture": "#3"},
				"west": {"uv": [0, 16, 0, 16], "rotation": 270, "texture": "#3"},
				"up": {"uv": [0, 16, 0, 16], "rotation": 270, "texture": "#3"},
				"down": {"uv": [0, 16, 0, 16], "rotation": 270, "texture": "#3"}
			}
		},
		{
			"from": [4.8437, 19.84801, 8],
			"to": [12.8437, 27.84801, 8],
			"rotation": {"angle": 0, "axis": "z", "origin": [10.85, 23.825, 8]},
			"faces": {
				"north": {"uv": [0, 16, 16, 0], "rotation": 90, "texture": "#3"},
				"east": {"uv": [0, 16, 0, 16], "rotation": 270, "texture": "#3"},
				"south": {"uv": [0, 16, 16, 0], "rotation": 270, "texture": "#3"},
				"west": {"uv": [0, 16, 0, 16], "rotation": 270, "texture": "#3"},
				"up": {"uv": [0, 16, 0, 16], "rotation": 270, "texture": "#3"},
				"down": {"uv": [0, 16, 0, 16], "rotation": 270, "texture": "#3"}
			}
		},
		{
			"from": [3.8437, 21.84801, 8],
			"to": [4.8437, 23.84801, 8],
			"rotation": {"angle": 0, "axis": "z", "origin": [10.85, 23.825, 8]},
			"faces": {
				"north": {"uv": [8, 4, 12, 2], "rotation": 90, "texture": "#3"},
				"east": {"uv": [0, 16, 0, 16], "rotation": 270, "texture": "#3"},
				"south": {"uv": [4, 4, 8, 2], "rotation": 270, "texture": "#3"},
				"west": {"uv": [0, 16, 0, 16], "rotation": 270, "texture": "#3"},
				"up": {"uv": [0, 16, 0, 16], "rotation": 270, "texture": "#3"},
				"down": {"uv": [0, 16, 0, 16], "rotation": 270, "texture": "#3"}
			}
		},
		{
			"from": [2.8437, 23.84801, 8],
			"to": [4.8437, 27.84801, 8],
			"rotation": {"angle": 0, "axis": "z", "origin": [10.85, 23.825, 8]},
			"faces": {
				"north": {"uv": [0, 16, 8, 12], "rotation": 90, "texture": "#3"},
				"east": {"uv": [0, 16, 0, 16], "rotation": 270, "texture": "#3"},
				"south": {"uv": [8, 16, 16, 12], "rotation": 270, "texture": "#3"},
				"west": {"uv": [0, 16, 0, 16], "rotation": 270, "texture": "#3"},
				"up": {"uv": [0, 16, 0, 16], "rotation": 270, "texture": "#3"},
				"down": {"uv": [0, 16, 0, 16], "rotation": 270, "texture": "#3"}
			}
		},
		{
			"from": [-2.9313, 19.69801, 7.975],
			"to": [4.0687, 27.69801, 7.975],
			"rotation": {"angle": 22.5, "axis": "z", "origin": [3.075, 23.675, 7.975]},
			"faces": {
				"north": {"uv": [0, 16, 16, 1], "rotation": 90, "texture": "#3"},
				"east": {"uv": [0, 16, 0, 16], "rotation": 270, "texture": "#3"},
				"south": {"uv": [0, 16, 16, 1], "rotation": 270, "texture": "#3"},
				"west": {"uv": [0, 16, 0, 16], "rotation": 270, "texture": "#3"},
				"up": {"uv": [0, 16, 0, 16], "rotation": 270, "texture": "#3"},
				"down": {"uv": [0, 16, 0, 16], "rotation": 270, "texture": "#3"}
			}
		},
		{
			"from": [-3.9313, 21.69801, 7.975],
			"to": [-2.9313, 23.69801, 7.975],
			"rotation": {"angle": 22.5, "axis": "z", "origin": [3.075, 23.675, 7.975]},
			"faces": {
				"north": {"uv": [8, 4, 12, 2], "rotation": 90, "texture": "#3"},
				"east": {"uv": [0, 16, 0, 16], "rotation": 270, "texture": "#3"},
				"south": {"uv": [4, 4, 8, 2], "rotation": 270, "texture": "#3"},
				"west": {"uv": [0, 16, 0, 16], "rotation": 270, "texture": "#3"},
				"up": {"uv": [0, 16, 0, 16], "rotation": 270, "texture": "#3"},
				"down": {"uv": [0, 16, 0, 16], "rotation": 270, "texture": "#3"}
			}
		},
		{
			"from": [-4.9313, 23.69801, 7.975],
			"to": [-2.9313, 27.69801, 7.975],
			"rotation": {"angle": 22.5, "axis": "z", "origin": [3.075, 23.675, 7.975]},
			"faces": {
				"north": {"uv": [0, 16, 8, 12], "rotation": 90, "texture": "#3"},
				"east": {"uv": [0, 16, 0, 16], "rotation": 270, "texture": "#3"},
				"south": {"uv": [8, 16, 16, 12], "rotation": 270, "texture": "#3"},
				"west": {"uv": [0, 16, 0, 16], "rotation": 270, "texture": "#3"},
				"up": {"uv": [0, 16, 0, 16], "rotation": 270, "texture": "#3"},
				"down": {"uv": [0, 16, 0, 16], "rotation": 270, "texture": "#3"}
			}
		},
		{
			"from": [-12.775, 17.1, 8],
			"to": [-5.775, 25.1, 8],
			"rotation": {"angle": 45, "axis": "z", "origin": [-4.775, 24.1, 8]},
			"faces": {
				"north": {"uv": [0, 16, 16, 1], "rotation": 90, "texture": "#3"},
				"east": {"uv": [0, 16, 0, 16], "rotation": 270, "texture": "#3"},
				"south": {"uv": [0, 16, 16, 1], "rotation": 270, "texture": "#3"},
				"west": {"uv": [0, 16, 0, 16], "rotation": 270, "texture": "#3"},
				"up": {"uv": [0, 16, 0, 16], "rotation": 270, "texture": "#3"},
				"down": {"uv": [0, 16, 0, 16], "rotation": 270, "texture": "#3"}
			}
		},
		{
			"from": [-13.775, 19.1, 8],
			"to": [-12.775, 21.1, 8],
			"rotation": {"angle": 45, "axis": "z", "origin": [-4.775, 24.1, 8]},
			"faces": {
				"north": {"uv": [8, 4, 12, 2], "rotation": 90, "texture": "#3"},
				"east": {"uv": [0, 16, 0, 16], "rotation": 270, "texture": "#3"},
				"south": {"uv": [4, 4, 8, 2], "rotation": 270, "texture": "#3"},
				"west": {"uv": [0, 16, 0, 16], "rotation": 270, "texture": "#3"},
				"up": {"uv": [0, 16, 0, 16], "rotation": 270, "texture": "#3"},
				"down": {"uv": [0, 16, 0, 16], "rotation": 270, "texture": "#3"}
			}
		},
		{
			"from": [-14.775, 21.1, 8],
			"to": [-12.775, 25.1, 8],
			"rotation": {"angle": 45, "axis": "z", "origin": [-4.775, 24.1, 8]},
			"faces": {
				"north": {"uv": [0, 16, 8, 12], "rotation": 90, "texture": "#3"},
				"east": {"uv": [0, 16, 0, 16], "rotation": 270, "texture": "#3"},
				"south": {"uv": [8, 16, 16, 12], "rotation": 270, "texture": "#3"},
				"west": {"uv": [0, 16, 0, 16], "rotation": 270, "texture": "#3"},
				"up": {"uv": [0, 16, 0, 16], "rotation": 270, "texture": "#3"},
				"down": {"uv": [0, 16, 0, 16], "rotation": 270, "texture": "#3"}
			}
		},
		{
			"from": [-13.82301, 8.0187, 7.95],
			"to": [-5.82301, 16.0187, 7.95],
			"rotation": {"angle": -22.5, "axis": "z", "origin": [-9.8, 14.025, 7.95]},
			"faces": {
				"north": {"uv": [0, 16, 16, 0], "rotation": 180, "texture": "#1"},
				"east": {"uv": [0, 16, 0, 16], "rotation": 180, "texture": "#1"},
				"south": {"uv": [0, 16, 16, 0], "rotation": 180, "texture": "#1"},
				"west": {"uv": [0, 16, 0, 16], "rotation": 180, "texture": "#1"},
				"up": {"uv": [0, 16, 0, 16], "rotation": 180, "texture": "#1"},
				"down": {"uv": [0, 16, 0, 16], "rotation": 180, "texture": "#1"}
			}
		},
		{
			"from": [-9.82301, 7.0187, 7.95],
			"to": [-7.82301, 8.0187, 7.95],
			"rotation": {"angle": -22.5, "axis": "z", "origin": [-9.8, 14.025, 7.95]},
			"faces": {
				"north": {"uv": [8, 4, 12, 2], "rotation": 180, "texture": "#1"},
				"east": {"uv": [0, 16, 0, 16], "rotation": 180, "texture": "#1"},
				"south": {"uv": [4, 4, 8, 2], "rotation": 180, "texture": "#1"},
				"west": {"uv": [0, 16, 0, 16], "rotation": 180, "texture": "#1"},
				"up": {"uv": [0, 16, 0, 16], "rotation": 180, "texture": "#1"},
				"down": {"uv": [0, 16, 0, 16], "rotation": 180, "texture": "#1"}
			}
		},
		{
			"from": [-13.82301, 6.0187, 7.95],
			"to": [-9.82301, 8.0187, 7.95],
			"rotation": {"angle": -22.5, "axis": "z", "origin": [-9.8, 14.025, 7.95]},
			"faces": {
				"north": {"uv": [0, 16, 8, 12], "rotation": 180, "texture": "#1"},
				"east": {"uv": [0, 16, 0, 16], "rotation": 180, "texture": "#1"},
				"south": {"uv": [8, 16, 16, 12], "rotation": 180, "texture": "#1"},
				"west": {"uv": [0, 16, 0, 16], "rotation": 180, "texture": "#1"},
				"up": {"uv": [0, 16, 0, 16], "rotation": 180, "texture": "#1"},
				"down": {"uv": [0, 16, 0, 16], "rotation": 180, "texture": "#1"}
			}
		},
		{
			"from": [-15.625, -0.225, 8],
			"to": [-8.625, 7.775, 8],
			"rotation": {"angle": 0, "axis": "z", "origin": [-15.625, 9.775, 8]},
			"faces": {
				"north": {"uv": [2, 16, 16, 0], "rotation": 180, "texture": "#2"},
				"east": {"uv": [0, 16, 0, 16], "rotation": 180, "texture": "#2"},
				"south": {"uv": [0, 16, 14, 0], "rotation": 180, "texture": "#2"},
				"west": {"uv": [0, 16, 0, 16], "rotation": 180, "texture": "#2"},
				"up": {"uv": [0, 16, 0, 16], "rotation": 180, "texture": "#2"},
				"down": {"uv": [0, 16, 0, 16], "rotation": 180, "texture": "#2"}
			}
		}
	],
	"display": {
		"head": {
			"rotation": [0, 45, 0],
			"translation": [-43, 0, 43],
			"scale": [3, 3, 3]
		}
	},
	"groups": [
		{
			"name": "curved_spike",
			"origin": [8, 8, 8],
			"color": 0,
			"children": [
				0,
				1,
				2,
				3,
				4,
				5,
				6,
				7,
				8,
				9,
				10,
				11,
				{
					"name": "group",
					"origin": [31, 8, 8],
					"color": 0,
					"children": [12, 13, 14]
				},
				{
					"name": "group",
					"origin": [31, 8, 8],
					"color": 0,
					"children": [15, 16, 17]
				},
				{
					"name": "group",
					"origin": [31, 8, 8],
					"color": 0,
					"children": [18, 19, 20]
				},
				{
					"name": "group",
					"origin": [31, 8, 8],
					"color": 0,
					"children": [21, 22, 23]
				},
				{
					"name": "group",
					"origin": [31, 8, 8],
					"color": 0,
					"children": [24, 25, 26]
				},
				{
					"name": "group",
					"origin": [31, 8, 8],
					"color": 0,
					"children": [27, 28, 29]
				},
				{
					"name": "group",
					"origin": [31, 8, 8],
					"color": 0,
					"children": [30, 31, 32]
				},
				{
					"name": "group",
					"origin": [31, 8, 8],
					"color": 0,
					"children": [33]
				}
			]
		}
	]
}