{
	"credit": "Made with Blockbench",
	"texture_size": [32, 32],
	"textures": {
		"0": "custom/pointed_dripstone_down_base",
		"1": "custom/pointed_dripstone_down_frustum",
		"2": "custom/pointed_dripstone_down_tip",
		"3": "custom/pointed_dripstone_down_middle",
		"6": "custom/dripstone_trident",
		"particle": "custom/pointed_dripstone_down_base"
	},
	"elements": [
		{
			"from": [10.8125, 12.3875, 8],
			"to": [11.9375, 14.6375, 8],
			"rotation": {"angle": 0, "axis": "z", "origin": [7.4375, 13.5125, 8]},
			"faces": {
				"north": {"uv": [0, 16, 16, 8], "rotation": 270, "texture": "#3"},
				"east": {"uv": [0, 16, 0, 16], "rotation": 90, "texture": "#3"},
				"south": {"uv": [0, 16, 16, 8], "rotation": 90, "texture": "#3"},
				"west": {"uv": [0, 16, 0, 16], "rotation": 90, "texture": "#3"},
				"up": {"uv": [0, 16, 0, 16], "rotation": 90, "texture": "#3"},
				"down": {"uv": [0, 16, 0, 16], "rotation": 90, "texture": "#3"}
			}
		},
		{
			"from": [10.8125, 13.5125, 6.875],
			"to": [11.9375, 13.5125, 9.125],
			"rotation": {"angle": 0, "axis": "z", "origin": [7.4375, 13.5125, 8]},
			"faces": {
				"north": {"uv": [0, 16, 0, 16], "rotation": 270, "texture": "#3"},
				"east": {"uv": [0, 16, 0, 16], "texture": "#3"},
				"south": {"uv": [0, 16, 0, 16], "rotation": 90, "texture": "#3"},
				"west": {"uv": [0, 16, 0, 16], "rotation": 180, "texture": "#3"},
				"up": {"uv": [0, 16, 16, 8], "rotation": 90, "texture": "#3"},
				"down": {"uv": [0, 16, 16, 8], "rotation": 90, "texture": "#3"}
			}
		},
		{
			"from": [9.6875, 13.5125, 6.875],
			"to": [10.8125, 13.5125, 9.125],
			"rotation": {"angle": 0, "axis": "z", "origin": [7.4375, 13.5125, 8]},
			"faces": {
				"north": {"uv": [0, 16, 0, 16], "rotation": 270, "texture": "#0"},
				"east": {"uv": [0, 16, 0, 16], "texture": "#0"},
				"south": {"uv": [0, 16, 0, 16], "rotation": 90, "texture": "#0"},
				"west": {"uv": [0, 16, 0, 16], "rotation": 180, "texture": "#0"},
				"up": {"uv": [0, 16, 16, 8], "rotation": 90, "texture": "#0"},
				"down": {"uv": [0, 16, 16, 8], "rotation": 90, "texture": "#0"}
			}
		},
		{
			"from": [9.6875, 12.3875, 8],
			"to": [10.8125, 14.6375, 8],
			"rotation": {"angle": 0, "axis": "z", "origin": [7.4375, 13.5125, 8]},
			"faces": {
				"north": {"uv": [0, 16, 16, 8], "rotation": 270, "texture": "#0"},
				"east": {"uv": [0, 16, 0, 16], "rotation": 90, "texture": "#0"},
				"south": {"uv": [0, 16, 16, 8], "rotation": 90, "texture": "#0"},
				"west": {"uv": [0, 16, 0, 16], "rotation": 90, "texture": "#0"},
				"up": {"uv": [0, 16, 0, 16], "rotation": 90, "texture": "#0"},
				"down": {"uv": [0, 16, 0, 16], "rotation": 90, "texture": "#0"}
			}
		},
		{
			"from": [15.27031, 19.96887, 8],
			"to": [17.52031, 22.21887, 8],
			"rotation": {"angle": 0, "axis": "z", "origin": [7.4375, 13.5125, 8]},
			"faces": {
				"north": {"uv": [0, 16, 16, 0], "texture": "#3"},
				"east": {"uv": [0, 16, 0, 16], "texture": "#3"},
				"south": {"uv": [0, 16, 16, 0], "texture": "#3"},
				"west": {"uv": [0, 16, 0, 16], "texture": "#3"},
				"up": {"uv": [0, 16, 0, 16], "texture": "#3"},
				"down": {"uv": [0, 16, 0, 16], "texture": "#3"}
			}
		},
		{
			"from": [16.46563, 19.96887, 6.875],
			"to": [16.46563, 22.21887, 9.125],
			"rotation": {"angle": 0, "axis": "z", "origin": [7.4375, 13.5125, 8]},
			"faces": {
				"north": {"uv": [0, 16, 0, 16], "texture": "#3"},
				"east": {"uv": [0, 16, 16, 0], "texture": "#3"},
				"south": {"uv": [0, 16, 0, 16], "texture": "#3"},
				"west": {"uv": [0, 16, 16, 0], "texture": "#3"},
				"up": {"uv": [0, 16, 0, 16], "rotation": 270, "texture": "#3"},
				"down": {"uv": [0, 16, 0, 16], "rotation": 90, "texture": "#3"}
			}
		},
		{
			"from": [15.27031, 22.21887, 8],
			"to": [17.52031, 24.46887, 8],
			"rotation": {"angle": 0, "axis": "z", "origin": [7.4375, 13.5125, 8]},
			"faces": {
				"north": {"uv": [0, 16, 16, 0], "texture": "#1"},
				"east": {"uv": [0, 16, 0, 16], "texture": "#1"},
				"south": {"uv": [0, 16, 16, 0], "texture": "#1"},
				"west": {"uv": [0, 16, 0, 16], "texture": "#1"},
				"up": {"uv": [0, 16, 0, 16], "texture": "#1"},
				"down": {"uv": [0, 16, 0, 16], "texture": "#1"}
			}
		},
		{
			"from": [16.46563, 22.21887, 6.875],
			"to": [16.46563, 24.46887, 9.125],
			"rotation": {"angle": 0, "axis": "z", "origin": [7.4375, 13.5125, 8]},
			"faces": {
				"north": {"uv": [0, 16, 0, 16], "texture": "#1"},
				"east": {"uv": [0, 16, 16, 0], "texture": "#1"},
				"south": {"uv": [0, 16, 0, 16], "texture": "#1"},
				"west": {"uv": [0, 16, 16, 0], "texture": "#1"},
				"up": {"uv": [0, 16, 0, 16], "rotation": 270, "texture": "#1"},
				"down": {"uv": [0, 16, 0, 16], "rotation": 90, "texture": "#1"}
			}
		},
		{
			"from": [15.27031, 24.46887, 8],
			"to": [17.52031, 26.71887, 8],
			"rotation": {"angle": 0, "axis": "z", "origin": [16.4375, 24.7625, 8]},
			"faces": {
				"north": {"uv": [0, 16, 16, 0], "texture": "#2"},
				"east": {"uv": [0, 16, 0, 16], "texture": "#2"},
				"south": {"uv": [0, 16, 16, 0], "texture": "#2"},
				"west": {"uv": [0, 16, 0, 16], "texture": "#2"},
				"up": {"uv": [0, 16, 0, 16], "texture": "#2"},
				"down": {"uv": [0, 16, 0, 16], "texture": "#2"}
			}
		},
		{
			"from": [16.46563, 24.46887, 6.875],
			"to": [16.46563, 26.71887, 9.125],
			"rotation": {"angle": 0, "axis": "z", "origin": [16.4375, 24.7625, 8]},
			"faces": {
				"north": {"uv": [0, 16, 0, 16], "texture": "#2"},
				"east": {"uv": [0, 16, 16, 0], "texture": "#2"},
				"south": {"uv": [0, 16, 0, 16], "texture": "#2"},
				"west": {"uv": [0, 16, 16, 0], "texture": "#2"},
				"up": {"uv": [0, 16, 0, 16], "rotation": 270, "texture": "#2"},
				"down": {"uv": [0, 16, 0, 16], "rotation": 90, "texture": "#2"}
			}
		},
		{
			"from": [11.59496, 11.79043, 6.875],
			"to": [13.84496, 11.79043, 9.125],
			"rotation": {"angle": 22.5, "axis": "z", "origin": [7.4375, 13.5125, 8]},
			"faces": {
				"north": {"uv": [0, 16, 0, 16], "rotation": 270, "texture": "#3"},
				"east": {"uv": [0, 16, 0, 16], "texture": "#3"},
				"south": {"uv": [0, 16, 0, 16], "rotation": 90, "texture": "#3"},
				"west": {"uv": [0, 16, 0, 16], "rotation": 180, "texture": "#3"},
				"up": {"uv": [0, 16, 16, 0], "rotation": 90, "texture": "#3"},
				"down": {"uv": [0, 16, 16, 0], "rotation": 90, "texture": "#3"}
			}
		},
		{
			"from": [11.48051, 18.77321, 6.875],
			"to": [11.48051, 21.02321, 9.125],
			"rotation": {"angle": -45, "axis": "z", "origin": [7.4375, 13.5125, 8]},
			"faces": {
				"north": {"uv": [0, 16, 0, 16], "texture": "#3"},
				"east": {"uv": [0, 16, 16, 0], "texture": "#3"},
				"south": {"uv": [0, 16, 0, 16], "texture": "#3"},
				"west": {"uv": [0, 16, 16, 0], "texture": "#3"},
				"up": {"uv": [0, 16, 0, 16], "rotation": 270, "texture": "#3"},
				"down": {"uv": [0, 16, 0, 16], "rotation": 90, "texture": "#3"}
			}
		},
		{
			"from": [14.04699, 18.9043, 6.875],
			"to": [14.04699, 21.1543, 9.125],
			"rotation": {"angle": -22.5, "axis": "z", "origin": [7.4375, 13.5125, 8]},
			"faces": {
				"north": {"uv": [0, 16, 0, 16], "texture": "#3"},
				"east": {"uv": [0, 16, 16, 0], "texture": "#3"},
				"south": {"uv": [0, 16, 0, 16], "texture": "#3"},
				"west": {"uv": [0, 16, 16, 0], "texture": "#3"},
				"up": {"uv": [0, 16, 0, 16], "rotation": 270, "texture": "#3"},
				"down": {"uv": [0, 16, 0, 16], "rotation": 90, "texture": "#3"}
			}
		},
		{
			"from": [16.46826, 18.0125, 6.875],
			"to": [16.46826, 19.98012, 9.125],
			"rotation": {"angle": 0, "axis": "z", "origin": [7.4375, 13.5125, 8]},
			"faces": {
				"north": {"uv": [0, 16, 0, 16], "texture": "#3"},
				"east": {"uv": [0, 14, 16, 0], "texture": "#3"},
				"south": {"uv": [0, 16, 0, 16], "texture": "#3"},
				"west": {"uv": [0, 14, 16, 0], "texture": "#3"},
				"up": {"uv": [0, 16, 0, 16], "rotation": 270, "texture": "#3"},
				"down": {"uv": [0, 16, 0, 16], "rotation": 90, "texture": "#3"}
			}
		},
		{
			"from": [11.27207, 10.72966, 7.99297],
			"to": [13.52207, 12.97966, 7.99297],
			"rotation": {"angle": 22.5, "axis": "z", "origin": [7.4375, 13.5125, 8]},
			"faces": {
				"north": {"uv": [0, 16, 16, 0], "rotation": 270, "texture": "#3"},
				"east": {"uv": [0, 16, 0, 16], "rotation": 90, "texture": "#3"},
				"south": {"uv": [0, 16, 16, 0], "rotation": 90, "texture": "#3"},
				"west": {"uv": [0, 16, 0, 16], "rotation": 90, "texture": "#3"},
				"up": {"uv": [0, 16, 0, 16], "rotation": 90, "texture": "#3"},
				"down": {"uv": [0, 16, 0, 16], "rotation": 90, "texture": "#3"}
			}
		},
		{
			"from": [13.52207, 11.85466, 7.99297],
			"to": [13.80332, 12.41716, 7.99297],
			"rotation": {"angle": 22.5, "axis": "z", "origin": [7.4375, 13.5125, 8]},
			"faces": {
				"north": {"uv": [8, 4, 12, 2], "rotation": 270, "texture": "#3"},
				"east": {"uv": [0, 16, 0, 16], "rotation": 90, "texture": "#3"},
				"south": {"uv": [4, 4, 8, 2], "rotation": 90, "texture": "#3"},
				"west": {"uv": [0, 16, 0, 16], "rotation": 90, "texture": "#3"},
				"up": {"uv": [0, 16, 0, 16], "rotation": 90, "texture": "#3"},
				"down": {"uv": [0, 16, 0, 16], "rotation": 90, "texture": "#3"}
			}
		},
		{
			"from": [13.52207, 10.72966, 7.99297],
			"to": [14.08457, 11.85466, 7.99297],
			"rotation": {"angle": 22.5, "axis": "z", "origin": [7.4375, 13.5125, 8]},
			"faces": {
				"north": {"uv": [0, 16, 8, 12], "rotation": 270, "texture": "#3"},
				"east": {"uv": [0, 16, 0, 16], "rotation": 90, "texture": "#3"},
				"south": {"uv": [8, 16, 16, 12], "rotation": 90, "texture": "#3"},
				"west": {"uv": [0, 16, 0, 16], "rotation": 90, "texture": "#3"},
				"up": {"uv": [0, 16, 0, 16], "rotation": 90, "texture": "#3"},
				"down": {"uv": [0, 16, 0, 16], "rotation": 90, "texture": "#3"}
			}
		},
		{
			"from": [10.33125, 18.69707, 8],
			"to": [12.58125, 20.66582, 8],
			"rotation": {"angle": -45, "axis": "z", "origin": [7.4375, 13.5125, 8]},
			"faces": {
				"north": {"uv": [0, 16, 16, 1], "texture": "#3"},
				"east": {"uv": [0, 16, 0, 16], "texture": "#3"},
				"south": {"uv": [0, 16, 16, 1], "texture": "#3"},
				"west": {"uv": [0, 16, 0, 16], "texture": "#3"},
				"up": {"uv": [0, 16, 0, 16], "texture": "#3"},
				"down": {"uv": [0, 16, 0, 16], "texture": "#3"}
			}
		},
		{
			"from": [10.89375, 20.66582, 8],
			"to": [11.45625, 20.94707, 8],
			"rotation": {"angle": -45, "axis": "z", "origin": [7.4375, 13.5125, 8]},
			"faces": {
				"north": {"uv": [8, 4, 12, 2], "texture": "#3"},
				"east": {"uv": [0, 16, 0, 16], "texture": "#3"},
				"south": {"uv": [4, 4, 8, 2], "texture": "#3"},
				"west": {"uv": [0, 16, 0, 16], "texture": "#3"},
				"up": {"uv": [0, 16, 0, 16], "texture": "#3"},
				"down": {"uv": [0, 16, 0, 16], "texture": "#3"}
			}
		},
		{
			"from": [11.45625, 20.66582, 8],
			"to": [12.58125, 21.22832, 8],
			"rotation": {"angle": -45, "axis": "z", "origin": [7.4375, 13.5125, 8]},
			"faces": {
				"north": {"uv": [0, 16, 8, 12], "texture": "#3"},
				"east": {"uv": [0, 16, 0, 16], "texture": "#3"},
				"south": {"uv": [8, 16, 16, 12], "texture": "#3"},
				"west": {"uv": [0, 16, 0, 16], "texture": "#3"},
				"up": {"uv": [0, 16, 0, 16], "texture": "#3"},
				"down": {"uv": [0, 16, 0, 16], "texture": "#3"}
			}
		},
		{
			"from": [12.9096, 18.77849, 7.99297],
			"to": [15.1596, 20.74724, 7.99297],
			"rotation": {"angle": -22.5, "axis": "z", "origin": [7.4375, 13.5125, 8]},
			"faces": {
				"north": {"uv": [0, 16, 16, 1], "texture": "#3"},
				"east": {"uv": [0, 16, 0, 16], "texture": "#3"},
				"south": {"uv": [0, 16, 16, 1], "texture": "#3"},
				"west": {"uv": [0, 16, 0, 16], "texture": "#3"},
				"up": {"uv": [0, 16, 0, 16], "texture": "#3"},
				"down": {"uv": [0, 16, 0, 16], "texture": "#3"}
			}
		},
		{
			"from": [13.4721, 20.74724, 7.99297],
			"to": [14.0346, 21.02849, 7.99297],
			"rotation": {"angle": -22.5, "axis": "z", "origin": [7.4375, 13.5125, 8]},
			"faces": {
				"north": {"uv": [8, 4, 12, 2], "texture": "#3"},
				"east": {"uv": [0, 16, 0, 16], "texture": "#3"},
				"south": {"uv": [4, 4, 8, 2], "texture": "#3"},
				"west": {"uv": [0, 16, 0, 16], "texture": "#3"},
				"up": {"uv": [0, 16, 0, 16], "texture": "#3"},
				"down": {"uv": [0, 16, 0, 16], "texture": "#3"}
			}
		},
		{
			"from": [14.0346, 20.74724, 7.99297],
			"to": [15.1596, 21.30974, 7.99297],
			"rotation": {"angle": -22.5, "axis": "z", "origin": [7.4375, 13.5125, 8]},
			"faces": {
				"north": {"uv": [0, 16, 8, 12], "texture": "#3"},
				"east": {"uv": [0, 16, 0, 16], "texture": "#3"},
				"south": {"uv": [8, 16, 16, 12], "texture": "#3"},
				"west": {"uv": [0, 16, 0, 16], "texture": "#3"},
				"up": {"uv": [0, 16, 0, 16], "texture": "#3"},
				"down": {"uv": [0, 16, 0, 16], "texture": "#3"}
			}
		},
		{
			"from": [15.26975, 17.83146, 8],
			"to": [17.51975, 19.96896, 8],
			"rotation": {"angle": 0, "axis": "z", "origin": [7.4375, 13.5125, 8]},
			"faces": {
				"north": {"uv": [0, 16, 16, 0], "texture": "#3"},
				"east": {"uv": [0, 16, 0, 16], "texture": "#3"},
				"south": {"uv": [0, 16, 16, 0], "texture": "#3"},
				"west": {"uv": [0, 16, 0, 16], "texture": "#3"},
				"up": {"uv": [0, 16, 0, 16], "texture": "#3"},
				"down": {"uv": [0, 16, 0, 16], "texture": "#3"}
			}
		},
		{
			"from": [4.0625, 12.3875, 8],
			"to": [5.1875, 14.6375, 8],
			"rotation": {"angle": 0, "axis": "y", "origin": [6.3125, 13.5125, 8]},
			"faces": {
				"north": {"uv": [0, 16, 16, 8], "rotation": 90, "texture": "#3"},
				"east": {"uv": [0, 16, 0, 16], "rotation": 90, "texture": "#3"},
				"south": {"uv": [0, 16, 16, 8], "rotation": 270, "texture": "#3"},
				"west": {"uv": [0, 16, 0, 16], "rotation": 90, "texture": "#3"},
				"up": {"uv": [0, 16, 0, 16], "rotation": 270, "texture": "#3"},
				"down": {"uv": [0, 16, 0, 16], "rotation": 270, "texture": "#3"}
			}
		},
		{
			"from": [4.0625, 13.5125, 6.875],
			"to": [5.1875, 13.5125, 9.125],
			"rotation": {"angle": 0, "axis": "y", "origin": [6.3125, 13.5125, 8]},
			"faces": {
				"north": {"uv": [0, 16, 0, 16], "rotation": 90, "texture": "#3"},
				"east": {"uv": [0, 16, 0, 16], "rotation": 180, "texture": "#3"},
				"south": {"uv": [0, 16, 0, 16], "rotation": 270, "texture": "#3"},
				"west": {"uv": [0, 16, 0, 16], "texture": "#3"},
				"up": {"uv": [0, 16, 16, 8], "rotation": 270, "texture": "#3"},
				"down": {"uv": [0, 16, 16, 8], "rotation": 270, "texture": "#3"}
			}
		},
		{
			"from": [5.1875, 13.5125, 6.875],
			"to": [6.3125, 13.5125, 9.125],
			"rotation": {"angle": 0, "axis": "y", "origin": [6.3125, 13.5125, 8]},
			"faces": {
				"north": {"uv": [0, 16, 0, 16], "rotation": 90, "texture": "#0"},
				"east": {"uv": [0, 16, 0, 16], "rotation": 180, "texture": "#0"},
				"south": {"uv": [0, 16, 0, 16], "rotation": 270, "texture": "#0"},
				"west": {"uv": [0, 16, 0, 16], "texture": "#0"},
				"up": {"uv": [0, 16, 16, 8], "rotation": 270, "texture": "#0"},
				"down": {"uv": [0, 16, 16, 8], "rotation": 270, "texture": "#0"}
			}
		},
		{
			"from": [5.1875, 12.3875, 8],
			"to": [6.3125, 14.6375, 8],
			"rotation": {"angle": 0, "axis": "y", "origin": [6.3125, 13.5125, 8]},
			"faces": {
				"north": {"uv": [0, 16, 16, 8], "rotation": 90, "texture": "#0"},
				"east": {"uv": [0, 16, 0, 16], "rotation": 90, "texture": "#0"},
				"south": {"uv": [0, 16, 16, 8], "rotation": 270, "texture": "#0"},
				"west": {"uv": [0, 16, 0, 16], "rotation": 90, "texture": "#0"},
				"up": {"uv": [0, 16, 0, 16], "rotation": 270, "texture": "#0"},
				"down": {"uv": [0, 16, 0, 16], "rotation": 270, "texture": "#0"}
			}
		},
		{
			"from": [-1.52031, 19.96887, 8],
			"to": [0.72969, 22.21887, 8],
			"rotation": {"angle": 0, "axis": "y", "origin": [6.3125, 13.5125, 8]},
			"faces": {
				"north": {"uv": [0, 16, 16, 0], "texture": "#3"},
				"east": {"uv": [0, 16, 0, 16], "texture": "#3"},
				"south": {"uv": [0, 16, 16, 0], "texture": "#3"},
				"west": {"uv": [0, 16, 0, 16], "texture": "#3"},
				"up": {"uv": [0, 16, 0, 16], "rotation": 180, "texture": "#3"},
				"down": {"uv": [0, 16, 0, 16], "rotation": 180, "texture": "#3"}
			}
		},
		{
			"from": [-0.46563, 19.96887, 6.875],
			"to": [-0.46563, 22.21887, 9.125],
			"rotation": {"angle": 0, "axis": "y", "origin": [6.3125, 13.5125, 8]},
			"faces": {
				"north": {"uv": [0, 16, 0, 16], "texture": "#3"},
				"east": {"uv": [0, 16, 16, 0], "texture": "#3"},
				"south": {"uv": [0, 16, 0, 16], "texture": "#3"},
				"west": {"uv": [0, 16, 16, 0], "texture": "#3"},
				"up": {"uv": [0, 16, 0, 16], "rotation": 90, "texture": "#3"},
				"down": {"uv": [0, 16, 0, 16], "rotation": 270, "texture": "#3"}
			}
		},
		{
			"from": [-1.52031, 22.21887, 8],
			"to": [0.72969, 24.46887, 8],
			"rotation": {"angle": 0, "axis": "y", "origin": [6.3125, 13.5125, 8]},
			"faces": {
				"north": {"uv": [0, 16, 16, 0], "texture": "#1"},
				"east": {"uv": [0, 16, 0, 16], "texture": "#1"},
				"south": {"uv": [0, 16, 16, 0], "texture": "#1"},
				"west": {"uv": [0, 16, 0, 16], "texture": "#1"},
				"up": {"uv": [0, 16, 0, 16], "rotation": 180, "texture": "#1"},
				"down": {"uv": [0, 16, 0, 16], "rotation": 180, "texture": "#1"}
			}
		},
		{
			"from": [-0.46563, 22.21887, 6.875],
			"to": [-0.46563, 24.46887, 9.125],
			"rotation": {"angle": 0, "axis": "y", "origin": [6.3125, 13.5125, 8]},
			"faces": {
				"north": {"uv": [0, 16, 0, 16], "texture": "#1"},
				"east": {"uv": [0, 16, 16, 0], "texture": "#1"},
				"south": {"uv": [0, 16, 0, 16], "texture": "#1"},
				"west": {"uv": [0, 16, 16, 0], "texture": "#1"},
				"up": {"uv": [0, 16, 0, 16], "rotation": 90, "texture": "#1"},
				"down": {"uv": [0, 16, 0, 16], "rotation": 270, "texture": "#1"}
			}
		},
		{
			"from": [-1.52031, 24.46887, 8],
			"to": [0.72969, 26.71887, 8],
			"rotation": {"angle": 0, "axis": "y", "origin": [6.3125, 13.5125, 8]},
			"faces": {
				"north": {"uv": [0, 16, 16, 0], "texture": "#2"},
				"east": {"uv": [0, 16, 0, 16], "texture": "#2"},
				"south": {"uv": [0, 16, 16, 0], "texture": "#2"},
				"west": {"uv": [0, 16, 0, 16], "texture": "#2"},
				"up": {"uv": [0, 16, 0, 16], "rotation": 180, "texture": "#2"},
				"down": {"uv": [0, 16, 0, 16], "rotation": 180, "texture": "#2"}
			}
		},
		{
			"from": [-0.46563, 24.46887, 6.875],
			"to": [-0.46563, 26.71887, 9.125],
			"rotation": {"angle": 0, "axis": "y", "origin": [6.3125, 13.5125, 8]},
			"faces": {
				"north": {"uv": [0, 16, 0, 16], "texture": "#2"},
				"east": {"uv": [0, 16, 16, 0], "texture": "#2"},
				"south": {"uv": [0, 16, 0, 16], "texture": "#2"},
				"west": {"uv": [0, 16, 16, 0], "texture": "#2"},
				"up": {"uv": [0, 16, 0, 16], "rotation": 90, "texture": "#2"},
				"down": {"uv": [0, 16, 0, 16], "rotation": 270, "texture": "#2"}
			}
		},
		{
			"from": [1.98377, 12.65146, 6.875],
			"to": [4.23377, 12.65146, 9.125],
			"rotation": {"angle": -22.5, "axis": "z", "origin": [6.3125, 13.5125, 8]},
			"faces": {
				"north": {"uv": [0, 16, 0, 16], "rotation": 90, "texture": "#3"},
				"east": {"uv": [0, 16, 0, 16], "rotation": 180, "texture": "#3"},
				"south": {"uv": [0, 16, 0, 16], "rotation": 270, "texture": "#3"},
				"west": {"uv": [0, 16, 0, 16], "texture": "#3"},
				"up": {"uv": [0, 16, 16, 0], "rotation": 270, "texture": "#3"},
				"down": {"uv": [0, 16, 16, 0], "rotation": 270, "texture": "#3"}
			}
		},
		{
			"from": [3.86047, 17.18222, 6.875],
			"to": [3.86047, 19.43222, 9.125],
			"rotation": {"angle": 45, "axis": "z", "origin": [6.3125, 13.5125, 8]},
			"faces": {
				"north": {"uv": [0, 16, 0, 16], "texture": "#3"},
				"east": {"uv": [0, 16, 16, 0], "texture": "#3"},
				"south": {"uv": [0, 16, 0, 16], "texture": "#3"},
				"west": {"uv": [0, 16, 16, 0], "texture": "#3"},
				"up": {"uv": [0, 16, 0, 16], "rotation": 90, "texture": "#3"},
				"down": {"uv": [0, 16, 0, 16], "rotation": 270, "texture": "#3"}
			}
		},
		{
			"from": [1.78174, 18.04326, 6.875],
			"to": [1.78174, 20.29326, 9.125],
			"rotation": {"angle": 22.5, "axis": "z", "origin": [6.3125, 13.5125, 8]},
			"faces": {
				"north": {"uv": [0, 16, 0, 16], "texture": "#3"},
				"east": {"uv": [0, 16, 16, 0], "texture": "#3"},
				"south": {"uv": [0, 16, 0, 16], "texture": "#3"},
				"west": {"uv": [0, 16, 16, 0], "texture": "#3"},
				"up": {"uv": [0, 16, 0, 16], "rotation": 90, "texture": "#3"},
				"down": {"uv": [0, 16, 0, 16], "rotation": 270, "texture": "#3"}
			}
		},
		{
			"from": [-0.46826, 18.0125, 6.875],
			"to": [-0.46826, 19.98012, 9.125],
			"rotation": {"angle": 0, "axis": "y", "origin": [6.3125, 13.5125, 8]},
			"faces": {
				"north": {"uv": [0, 16, 0, 16], "texture": "#3"},
				"east": {"uv": [0, 14, 16, 0], "texture": "#3"},
				"south": {"uv": [0, 16, 0, 16], "texture": "#3"},
				"west": {"uv": [0, 14, 16, 0], "texture": "#3"},
				"up": {"uv": [0, 16, 0, 16], "rotation": 90, "texture": "#3"},
				"down": {"uv": [0, 16, 0, 16], "rotation": 270, "texture": "#3"}
			}
		},
		{
			"from": [2.30666, 11.59069, 8.00703],
			"to": [4.55666, 13.84069, 8.00703],
			"rotation": {"angle": -22.5, "axis": "z", "origin": [6.3125, 13.5125, 8]},
			"faces": {
				"north": {"uv": [0, 16, 16, 0], "rotation": 90, "texture": "#3"},
				"east": {"uv": [0, 16, 0, 16], "rotation": 90, "texture": "#3"},
				"south": {"uv": [0, 16, 16, 0], "rotation": 270, "texture": "#3"},
				"west": {"uv": [0, 16, 0, 16], "rotation": 90, "texture": "#3"},
				"up": {"uv": [0, 16, 0, 16], "rotation": 270, "texture": "#3"},
				"down": {"uv": [0, 16, 0, 16], "rotation": 270, "texture": "#3"}
			}
		},
		{
			"from": [2.02541, 12.71569, 8.00703],
			"to": [2.30666, 13.27819, 8.00703],
			"rotation": {"angle": -22.5, "axis": "z", "origin": [6.3125, 13.5125, 8]},
			"faces": {
				"north": {"uv": [4, 4, 8, 2], "rotation": 90, "texture": "#3"},
				"east": {"uv": [0, 16, 0, 16], "rotation": 90, "texture": "#3"},
				"south": {"uv": [8, 4, 12, 2], "rotation": 270, "texture": "#3"},
				"west": {"uv": [0, 16, 0, 16], "rotation": 90, "texture": "#3"},
				"up": {"uv": [0, 16, 0, 16], "rotation": 270, "texture": "#3"},
				"down": {"uv": [0, 16, 0, 16], "rotation": 270, "texture": "#3"}
			}
		},
		{
			"from": [1.74416, 11.59069, 8.00703],
			"to": [2.30666, 12.71569, 8.00703],
			"rotation": {"angle": -22.5, "axis": "z", "origin": [6.3125, 13.5125, 8]},
			"faces": {
				"north": {"uv": [8, 16, 16, 12], "rotation": 90, "texture": "#3"},
				"east": {"uv": [0, 16, 0, 16], "rotation": 90, "texture": "#3"},
				"south": {"uv": [0, 16, 8, 12], "rotation": 270, "texture": "#3"},
				"west": {"uv": [0, 16, 0, 16], "rotation": 90, "texture": "#3"},
				"up": {"uv": [0, 16, 0, 16], "rotation": 270, "texture": "#3"},
				"down": {"uv": [0, 16, 0, 16], "rotation": 270, "texture": "#3"}
			}
		},
		{
			"from": [2.75974, 17.10609, 8],
			"to": [5.00974, 19.07484, 8],
			"rotation": {"angle": 45, "axis": "z", "origin": [6.3125, 13.5125, 8]},
			"faces": {
				"north": {"uv": [0, 16, 16, 1], "texture": "#3"},
				"east": {"uv": [0, 16, 0, 16], "texture": "#3"},
				"south": {"uv": [0, 16, 16, 1], "texture": "#3"},
				"west": {"uv": [0, 16, 0, 16], "texture": "#3"},
				"up": {"uv": [0, 16, 0, 16], "rotation": 180, "texture": "#3"},
				"down": {"uv": [0, 16, 0, 16], "rotation": 180, "texture": "#3"}
			}
		},
		{
			"from": [3.88474, 19.07484, 8],
			"to": [4.44724, 19.35609, 8],
			"rotation": {"angle": 45, "axis": "z", "origin": [6.3125, 13.5125, 8]},
			"faces": {
				"north": {"uv": [4, 4, 8, 2], "texture": "#3"},
				"east": {"uv": [0, 16, 0, 16], "texture": "#3"},
				"south": {"uv": [8, 4, 12, 2], "texture": "#3"},
				"west": {"uv": [0, 16, 0, 16], "texture": "#3"},
				"up": {"uv": [0, 16, 0, 16], "rotation": 180, "texture": "#3"},
				"down": {"uv": [0, 16, 0, 16], "rotation": 180, "texture": "#3"}
			}
		},
		{
			"from": [2.75974, 19.07484, 8],
			"to": [3.88474, 19.63734, 8],
			"rotation": {"angle": 45, "axis": "z", "origin": [6.3125, 13.5125, 8]},
			"faces": {
				"north": {"uv": [8, 16, 16, 12], "texture": "#3"},
				"east": {"uv": [0, 16, 0, 16], "texture": "#3"},
				"south": {"uv": [0, 16, 8, 12], "texture": "#3"},
				"west": {"uv": [0, 16, 0, 16], "texture": "#3"},
				"up": {"uv": [0, 16, 0, 16], "rotation": 180, "texture": "#3"},
				"down": {"uv": [0, 16, 0, 16], "rotation": 180, "texture": "#3"}
			}
		},
		{
			"from": [0.66913, 17.91746, 8.00703],
			"to": [2.91913, 19.88621, 8.00703],
			"rotation": {"angle": 22.5, "axis": "z", "origin": [6.3125, 13.5125, 8]},
			"faces": {
				"north": {"uv": [0, 16, 16, 1], "texture": "#3"},
				"east": {"uv": [0, 16, 0, 16], "texture": "#3"},
				"south": {"uv": [0, 16, 16, 1], "texture": "#3"},
				"west": {"uv": [0, 16, 0, 16], "texture": "#3"},
				"up": {"uv": [0, 16, 0, 16], "rotation": 180, "texture": "#3"},
				"down": {"uv": [0, 16, 0, 16], "rotation": 180, "texture": "#3"}
			}
		},
		{
			"from": [1.79413, 19.88621, 8.00703],
			"to": [2.35663, 20.16746, 8.00703],
			"rotation": {"angle": 22.5, "axis": "z", "origin": [6.3125, 13.5125, 8]},
			"faces": {
				"north": {"uv": [4, 4, 8, 2], "texture": "#3"},
				"east": {"uv": [0, 16, 0, 16], "texture": "#3"},
				"south": {"uv": [8, 4, 12, 2], "texture": "#3"},
				"west": {"uv": [0, 16, 0, 16], "texture": "#3"},
				"up": {"uv": [0, 16, 0, 16], "rotation": 180, "texture": "#3"},
				"down": {"uv": [0, 16, 0, 16], "rotation": 180, "texture": "#3"}
			}
		},
		{
			"from": [0.66913, 19.88621, 8.00703],
			"to": [1.79413, 20.44871, 8.00703],
			"rotation": {"angle": 22.5, "axis": "z", "origin": [6.3125, 13.5125, 8]},
			"faces": {
				"north": {"uv": [8, 16, 16, 12], "texture": "#3"},
				"east": {"uv": [0, 16, 0, 16], "texture": "#3"},
				"south": {"uv": [0, 16, 8, 12], "texture": "#3"},
				"west": {"uv": [0, 16, 0, 16], "texture": "#3"},
				"up": {"uv": [0, 16, 0, 16], "rotation": 180, "texture": "#3"},
				"down": {"uv": [0, 16, 0, 16], "rotation": 180, "texture": "#3"}
			}
		},
		{
			"from": [-1.51975, 17.83146, 8],
			"to": [0.73025, 19.96896, 8],
			"rotation": {"angle": 0, "axis": "y", "origin": [6.3125, 13.5125, 8]},
			"faces": {
				"north": {"uv": [0, 16, 16, 0], "texture": "#3"},
				"east": {"uv": [0, 16, 0, 16], "texture": "#3"},
				"south": {"uv": [0, 16, 16, 0], "texture": "#3"},
				"west": {"uv": [0, 16, 0, 16], "texture": "#3"},
				"up": {"uv": [0, 16, 0, 16], "rotation": 180, "texture": "#3"},
				"down": {"uv": [0, 16, 0, 16], "rotation": 180, "texture": "#3"}
			}
		},
		{
			"from": [6.86094, 26.36263, 8],
			"to": [9.11094, 28.61263, 8],
			"rotation": {"angle": 0, "axis": "y", "origin": [10.25, 16.25, 8]},
			"faces": {
				"north": {"uv": [0, 16, 16, 0], "texture": "#2"},
				"east": {"uv": [0, 16, 0, 16], "texture": "#2"},
				"south": {"uv": [0, 16, 16, 0], "texture": "#2"},
				"west": {"uv": [0, 16, 0, 16], "texture": "#2"},
				"up": {"uv": [0, 16, 0, 16], "rotation": 180, "texture": "#2"},
				"down": {"uv": [0, 16, 0, 16], "rotation": 180, "texture": "#2"}
			}
		},
		{
			"from": [7.91563, 26.36263, 6.875],
			"to": [7.91563, 28.61263, 9.125],
			"rotation": {"angle": 0, "axis": "y", "origin": [10.25, 16.25, 8]},
			"faces": {
				"north": {"uv": [0, 16, 0, 16], "texture": "#2"},
				"east": {"uv": [0, 16, 16, 0], "texture": "#2"},
				"south": {"uv": [0, 16, 0, 16], "texture": "#2"},
				"west": {"uv": [0, 16, 16, 0], "texture": "#2"},
				"up": {"uv": [0, 16, 0, 16], "rotation": 90, "texture": "#2"},
				"down": {"uv": [0, 16, 0, 16], "rotation": 270, "texture": "#2"}
			}
		},
		{
			"from": [6.86094, 24.11263, 8],
			"to": [9.11094, 26.36263, 8],
			"rotation": {"angle": 0, "axis": "y", "origin": [10.25, 16.25, 8]},
			"faces": {
				"north": {"uv": [0, 16, 16, 0], "texture": "#1"},
				"east": {"uv": [0, 16, 0, 16], "texture": "#1"},
				"south": {"uv": [0, 16, 16, 0], "texture": "#1"},
				"west": {"uv": [0, 16, 0, 16], "texture": "#1"},
				"up": {"uv": [0, 16, 0, 16], "rotation": 180, "texture": "#1"},
				"down": {"uv": [0, 16, 0, 16], "rotation": 180, "texture": "#1"}
			}
		},
		{
			"from": [7.91563, 24.11263, 6.875],
			"to": [7.91563, 26.36263, 9.125],
			"rotation": {"angle": 0, "axis": "y", "origin": [10.25, 16.25, 8]},
			"faces": {
				"north": {"uv": [0, 16, 0, 16], "texture": "#1"},
				"east": {"uv": [0, 16, 16, 0], "texture": "#1"},
				"south": {"uv": [0, 16, 0, 16], "texture": "#1"},
				"west": {"uv": [0, 16, 16, 0], "texture": "#1"},
				"up": {"uv": [0, 16, 0, 16], "rotation": 90, "texture": "#1"},
				"down": {"uv": [0, 16, 0, 16], "rotation": 270, "texture": "#1"}
			}
		},
		{
			"from": [6.86094, 21.86263, 8],
			"to": [9.11094, 24.11263, 8],
			"rotation": {"angle": 0, "axis": "y", "origin": [10.25, 16.25, 8]},
			"faces": {
				"north": {"uv": [0, 16, 16, 0], "texture": "#3"},
				"east": {"uv": [0, 16, 0, 16], "texture": "#3"},
				"south": {"uv": [0, 16, 16, 0], "texture": "#3"},
				"west": {"uv": [0, 16, 0, 16], "texture": "#3"},
				"up": {"uv": [0, 16, 0, 16], "rotation": 180, "texture": "#3"},
				"down": {"uv": [0, 16, 0, 16], "rotation": 180, "texture": "#3"}
			}
		},
		{
			"from": [7.91563, 21.86263, 6.875],
			"to": [7.91563, 24.11263, 9.125],
			"rotation": {"angle": 0, "axis": "y", "origin": [10.25, 16.25, 8]},
			"faces": {
				"north": {"uv": [0, 16, 0, 16], "texture": "#3"},
				"east": {"uv": [0, 16, 16, 0], "texture": "#3"},
				"south": {"uv": [0, 16, 0, 16], "texture": "#3"},
				"west": {"uv": [0, 16, 16, 0], "texture": "#3"},
				"up": {"uv": [0, 16, 0, 16], "rotation": 90, "texture": "#3"},
				"down": {"uv": [0, 16, 0, 16], "rotation": 270, "texture": "#3"}
			}
		},
		{
			"from": [6.86094, 19.61263, 8],
			"to": [9.11094, 21.86263, 8],
			"rotation": {"angle": 0, "axis": "y", "origin": [10.25, 16.25, 8]},
			"faces": {
				"north": {"uv": [0, 16, 16, 0], "texture": "#3"},
				"east": {"uv": [0, 16, 0, 16], "texture": "#3"},
				"south": {"uv": [0, 16, 16, 0], "texture": "#3"},
				"west": {"uv": [0, 16, 0, 16], "texture": "#3"},
				"up": {"uv": [0, 16, 0, 16], "rotation": 180, "texture": "#3"},
				"down": {"uv": [0, 16, 0, 16], "rotation": 180, "texture": "#3"}
			}
		},
		{
			"from": [7.91563, 19.61263, 6.875],
			"to": [7.91563, 21.86263, 9.125],
			"rotation": {"angle": 0, "axis": "y", "origin": [10.25, 16.25, 8]},
			"faces": {
				"north": {"uv": [0, 16, 0, 16], "texture": "#3"},
				"east": {"uv": [0, 16, 16, 0], "texture": "#3"},
				"south": {"uv": [0, 16, 0, 16], "texture": "#3"},
				"west": {"uv": [0, 16, 16, 0], "texture": "#3"},
				"up": {"uv": [0, 16, 0, 16], "rotation": 90, "texture": "#3"},
				"down": {"uv": [0, 16, 0, 16], "rotation": 270, "texture": "#3"}
			}
		},
		{
			"from": [6.86094, 17.36263, 8],
			"to": [9.11094, 19.61263, 8],
			"rotation": {"angle": 0, "axis": "y", "origin": [10.25, 16.25, 8]},
			"faces": {
				"north": {"uv": [0, 16, 16, 0], "texture": "#3"},
				"east": {"uv": [0, 16, 0, 16], "texture": "#3"},
				"south": {"uv": [0, 16, 16, 0], "texture": "#3"},
				"west": {"uv": [0, 16, 0, 16], "texture": "#3"},
				"up": {"uv": [0, 16, 0, 16], "rotation": 180, "texture": "#3"},
				"down": {"uv": [0, 16, 0, 16], "rotation": 180, "texture": "#3"}
			}
		},
		{
			"from": [7.91563, 17.36263, 6.875],
			"to": [7.91563, 19.61263, 9.125],
			"rotation": {"angle": 0, "axis": "y", "origin": [10.25, 16.25, 8]},
			"faces": {
				"north": {"uv": [0, 16, 0, 16], "texture": "#3"},
				"east": {"uv": [0, 16, 16, 0], "texture": "#3"},
				"south": {"uv": [0, 16, 0, 16], "texture": "#3"},
				"west": {"uv": [0, 16, 16, 0], "texture": "#3"},
				"up": {"uv": [0, 16, 0, 16], "rotation": 90, "texture": "#3"},
				"down": {"uv": [0, 16, 0, 16], "rotation": 270, "texture": "#3"}
			}
		},
		{
			"from": [6.86094, 15.11263, 8],
			"to": [9.11094, 17.36263, 8],
			"rotation": {"angle": 0, "axis": "y", "origin": [10.25, 16.25, 8]},
			"faces": {
				"north": {"uv": [0, 16, 16, 0], "texture": "#0"},
				"east": {"uv": [0, 16, 0, 16], "texture": "#0"},
				"south": {"uv": [0, 16, 16, 0], "texture": "#0"},
				"west": {"uv": [0, 16, 0, 16], "texture": "#0"},
				"up": {"uv": [0, 16, 0, 16], "rotation": 180, "texture": "#0"},
				"down": {"uv": [0, 16, 0, 16], "rotation": 180, "texture": "#0"}
			}
		},
		{
			"from": [7.91563, 15.11263, 6.875],
			"to": [7.91563, 17.36263, 9.125],
			"rotation": {"angle": 0, "axis": "y", "origin": [10.25, 16.25, 8]},
			"faces": {
				"north": {"uv": [0, 16, 0, 16], "texture": "#0"},
				"east": {"uv": [0, 16, 16, 0], "texture": "#0"},
				"south": {"uv": [0, 16, 0, 16], "texture": "#0"},
				"west": {"uv": [0, 16, 16, 0], "texture": "#0"},
				"up": {"uv": [0, 16, 0, 16], "rotation": 90, "texture": "#0"},
				"down": {"uv": [0, 16, 0, 16], "rotation": 270, "texture": "#0"}
			}
		},
		{
			"from": [6.5, 12, 6.5],
			"to": [9.5, 15, 9.5],
			"rotation": {"angle": 0, "axis": "y", "origin": [0, 12, 0]},
			"faces": {
				"north": {"uv": [4, 6, 5.5, 7.5], "texture": "#6"},
				"east": {"uv": [6, 4, 7.5, 5.5], "texture": "#6"},
				"south": {"uv": [5.5, 6, 7, 7.5], "texture": "#6"},
				"west": {"uv": [7, 5.5, 8.5, 7], "texture": "#6"},
				"up": {"uv": [8.5, 8.5, 7, 7], "texture": "#6"},
				"down": {"uv": [9, 0, 7.5, 1.5], "texture": "#6"}
			}
		},
		{
			"from": [7, -5.25, 7],
			"to": [9, 12, 9],
			"rotation": {"angle": 0, "axis": "y", "origin": [0, 12, 0]},
			"faces": {
				"north": {"uv": [0, 0, 1, 8.75], "texture": "#6"},
				"east": {"uv": [1, 0, 2, 8.75], "texture": "#6"},
				"south": {"uv": [2, 0, 3, 8.75], "texture": "#6"},
				"west": {"uv": [3, 0, 4, 8.75], "texture": "#6"},
				"up": {"uv": [10, 9.5, 9, 8.5], "texture": "#6"},
				"down": {"uv": [10.5, 4.5, 9.5, 5.5], "texture": "#6"}
			}
		},
		{
			"from": [7, -14.25, 7],
			"to": [9, -11, 9],
			"rotation": {"angle": 0, "axis": "y", "origin": [0, 12, 0]},
			"faces": {
				"north": {"uv": [8.5, 4.5, 9.5, 6.25], "texture": "#6"},
				"east": {"uv": [8.5, 6.5, 9.5, 8.25], "texture": "#6"},
				"south": {"uv": [7, 8.5, 8, 10.25], "texture": "#6"},
				"west": {"uv": [8, 8.5, 9, 10.25], "texture": "#6"},
				"up": {"uv": [10.5, 6.5, 9.5, 5.5], "texture": "#6"},
				"down": {"uv": [10.5, 6.5, 9.5, 7.5], "texture": "#6"}
			}
		},
		{
			"from": [7, -11, 7.5],
			"to": [9, -5.25, 8.5],
			"rotation": {"angle": 0, "axis": "y", "origin": [0, 12, 0]},
			"faces": {
				"north": {"uv": [4, 0, 5, 3], "texture": "#6"},
				"east": {"uv": [3, 9, 3.5, 12], "texture": "#6"},
				"south": {"uv": [4, 3, 5, 6], "texture": "#6"},
				"west": {"uv": [3.5, 9, 4, 12], "texture": "#6"},
				"up": {"uv": [7, 6, 6, 5.5], "texture": "#6"},
				"down": {"uv": [3, 10.5, 2, 11], "texture": "#6"}
			}
		},
		{
			"from": [7.5, -11, 7],
			"to": [8.5, -5.25, 9],
			"rotation": {"angle": 0, "axis": "y", "origin": [0, 12, 0]},
			"faces": {
				"north": {"uv": [4, 9, 4.5, 12], "texture": "#6"},
				"east": {"uv": [5, 0, 6, 3], "texture": "#6"},
				"south": {"uv": [4.5, 9, 5, 12], "texture": "#6"},
				"west": {"uv": [5, 3, 6, 6], "texture": "#6"},
				"up": {"uv": [12.5, 2.5, 12, 1.5], "texture": "#6"},
				"down": {"uv": [3, 12, 2.5, 13], "texture": "#6"}
			}
		},
		{
			"from": [6, 12.5, 7],
			"to": [7, 14.5, 9],
			"rotation": {"angle": 0, "axis": "y", "origin": [6, 11, 8]},
			"faces": {
				"north": {"uv": [3, 12, 3.5, 13], "texture": "#6"},
				"east": {"uv": [9.5, 7.5, 10.5, 8.5], "texture": "#6"},
				"south": {"uv": [3.5, 12, 4, 13], "texture": "#6"},
				"west": {"uv": [9, 9.5, 10, 10.5], "texture": "#6"},
				"up": {"uv": [4.5, 13, 4, 12], "texture": "#6"},
				"down": {"uv": [12.5, 4, 12, 5], "texture": "#6"}
			}
		},
		{
			"from": [8.5, 12.5, 6],
			"to": [9, 14.5, 6.5],
			"rotation": {"angle": 0, "axis": "y", "origin": [6, 11, 8]},
			"faces": {
				"north": {"uv": [2.5, 13, 2.75, 14], "texture": "#6"},
				"east": {"uv": [13, 2.5, 13.25, 3.5], "texture": "#6"},
				"south": {"uv": [3, 13, 3.25, 14], "texture": "#6"},
				"west": {"uv": [3.5, 13, 3.75, 14], "texture": "#6"},
				"up": {"uv": [1.25, 15.25, 1, 15], "texture": "#6"},
				"down": {"uv": [15.25, 1, 15, 1.25], "texture": "#6"}
			}
		},
		{
			"from": [7, 12.5, 6],
			"to": [7.5, 14.5, 6.5],
			"rotation": {"angle": 0, "axis": "y", "origin": [6, 11, 8]},
			"faces": {
				"north": {"uv": [13, 3.5, 13.25, 4.5], "texture": "#6"},
				"east": {"uv": [4, 13, 4.25, 14], "texture": "#6"},
				"south": {"uv": [4.5, 13, 4.75, 14], "texture": "#6"},
				"west": {"uv": [13, 4.5, 13.25, 5.5], "texture": "#6"},
				"up": {"uv": [1.75, 15.25, 1.5, 15], "texture": "#6"},
				"down": {"uv": [15.25, 1.5, 15, 1.75], "texture": "#6"}
			}
		},
		{
			"from": [7.5, 14, 6],
			"to": [8.5, 14.5, 6.5],
			"rotation": {"angle": 0, "axis": "y", "origin": [6, 11, 8]},
			"faces": {
				"north": {"uv": [13.5, 14, 14, 14.25], "texture": "#6"},
				"east": {"uv": [2, 15, 2.25, 15.25], "texture": "#6"},
				"south": {"uv": [14, 13.5, 14.5, 13.75], "texture": "#6"},
				"west": {"uv": [15, 2, 15.25, 2.25], "texture": "#6"},
				"up": {"uv": [14.5, 14.25, 14, 14], "texture": "#6"},
				"down": {"uv": [0.5, 14.5, 0, 14.75], "texture": "#6"}
			}
		},
		{
			"from": [7.5, 12.5, 6],
			"to": [8.5, 13, 6.5],
			"rotation": {"angle": 0, "axis": "y", "origin": [6, 11, 8]},
			"faces": {
				"north": {"uv": [14.5, 0, 15, 0.25], "texture": "#6"},
				"east": {"uv": [2.5, 15, 2.75, 15.25], "texture": "#6"},
				"south": {"uv": [0.5, 14.5, 1, 14.75], "texture": "#6"},
				"west": {"uv": [15, 2.5, 15.25, 2.75], "texture": "#6"},
				"up": {"uv": [15, 0.75, 14.5, 0.5], "texture": "#6"},
				"down": {"uv": [1.5, 14.5, 1, 14.75], "texture": "#6"}
			}
		},
		{
			"from": [7.5, 14, 9.5],
			"to": [8.5, 14.5, 10],
			"rotation": {"angle": 0, "axis": "y", "origin": [6, 11, 8]},
			"faces": {
				"north": {"uv": [14.5, 1, 15, 1.25], "texture": "#6"},
				"east": {"uv": [3, 15, 3.25, 15.25], "texture": "#6"},
				"south": {"uv": [1.5, 14.5, 2, 14.75], "texture": "#6"},
				"west": {"uv": [15, 3, 15.25, 3.25], "texture": "#6"},
				"up": {"uv": [15, 1.75, 14.5, 1.5], "texture": "#6"},
				"down": {"uv": [2.5, 14.5, 2, 14.75], "texture": "#6"}
			}
		},
		{
			"from": [7, 12.5, 9.5],
			"to": [7.5, 14.5, 10],
			"rotation": {"angle": 0, "axis": "y", "origin": [6, 11, 8]},
			"faces": {
				"north": {"uv": [5, 13, 5.25, 14], "texture": "#6"},
				"east": {"uv": [5.5, 13, 5.75, 14], "texture": "#6"},
				"south": {"uv": [6, 13, 6.25, 14], "texture": "#6"},
				"west": {"uv": [6.5, 13, 6.75, 14], "texture": "#6"},
				"up": {"uv": [3.75, 15.25, 3.5, 15], "texture": "#6"},
				"down": {"uv": [15.25, 3.5, 15, 3.75], "texture": "#6"}
			}
		},
		{
			"from": [8.5, 12.5, 9.5],
			"to": [9, 14.5, 10],
			"rotation": {"angle": 0, "axis": "y", "origin": [6, 11, 8]},
			"faces": {
				"north": {"uv": [7, 13, 7.25, 14], "texture": "#6"},
				"east": {"uv": [8, 13, 8.25, 14], "texture": "#6"},
				"south": {"uv": [8.5, 13, 8.75, 14], "texture": "#6"},
				"west": {"uv": [13, 8.5, 13.25, 9.5], "texture": "#6"},
				"up": {"uv": [4.25, 15.25, 4, 15], "texture": "#6"},
				"down": {"uv": [15.25, 4, 15, 4.25], "texture": "#6"}
			}
		},
		{
			"from": [7.5, 12.5, 9.5],
			"to": [8.5, 13, 10],
			"rotation": {"angle": 0, "axis": "y", "origin": [6, 11, 8]},
			"faces": {
				"north": {"uv": [14.5, 2, 15, 2.25], "texture": "#6"},
				"east": {"uv": [4.5, 15, 4.75, 15.25], "texture": "#6"},
				"south": {"uv": [2.5, 14.5, 3, 14.75], "texture": "#6"},
				"west": {"uv": [15, 4.5, 15.25, 4.75], "texture": "#6"},
				"up": {"uv": [15, 2.75, 14.5, 2.5], "texture": "#6"},
				"down": {"uv": [3.5, 14.5, 3, 14.75], "texture": "#6"}
			}
		},
		{
			"from": [9, 12.5, 7],
			"to": [10, 14.5, 9],
			"rotation": {"angle": 0, "axis": "y", "origin": [6, 11, 8]},
			"faces": {
				"north": {"uv": [4.5, 12, 5, 13], "texture": "#6"},
				"east": {"uv": [10, 3, 11, 4], "texture": "#6"},
				"south": {"uv": [5, 12, 5.5, 13], "texture": "#6"},
				"west": {"uv": [6, 10, 7, 11], "texture": "#6"},
				"up": {"uv": [12.5, 6, 12, 5], "texture": "#6"},
				"down": {"uv": [6, 12, 5.5, 13], "texture": "#6"}
			}
		},
		{
			"from": [7, 15, 7],
			"to": [9, 15.5, 9],
			"rotation": {"angle": 0, "axis": "y", "origin": [6, 11, 8]},
			"faces": {
				"north": {"uv": [13, 5.5, 14, 5.75], "texture": "#6"},
				"east": {"uv": [9, 13, 10, 13.25], "texture": "#6"},
				"south": {"uv": [13, 9.5, 14, 9.75], "texture": "#6"},
				"west": {"uv": [10, 13, 11, 13.25], "texture": "#6"},
				"up": {"uv": [11, 9.5, 10, 8.5], "texture": "#6"},
				"down": {"uv": [11, 9.5, 10, 10.5], "texture": "#6"}
			}
		},
		{
			"from": [8.75, 14.25, 7.75],
			"to": [9.75, 15.25, 8.25],
			"rotation": {"angle": 0, "axis": "y", "origin": [6, 11, 8]},
			"faces": {
				"north": {"uv": [13, 10, 13.5, 10.5], "texture": "#6"},
				"east": {"uv": [14.5, 3, 14.75, 3.5], "texture": "#6"},
				"south": {"uv": [11, 13, 11.5, 13.5], "texture": "#6"},
				"west": {"uv": [3.5, 14.5, 3.75, 15], "texture": "#6"},
				"up": {"uv": [15, 3.75, 14.5, 3.5], "texture": "#6"},
				"down": {"uv": [4.5, 14.5, 4, 14.75], "texture": "#6"}
			}
		},
		{
			"from": [9, 13.25, 6.25],
			"to": [9.75, 13.75, 7],
			"rotation": {"angle": 0, "axis": "y", "origin": [6, 11, 8]},
			"faces": {
				"north": {"uv": [14.5, 4, 15, 4.25], "texture": "#6"},
				"east": {"uv": [4.5, 14.5, 5, 14.75], "texture": "#6"},
				"south": {"uv": [14.5, 4.5, 15, 4.75], "texture": "#6"},
				"west": {"uv": [5, 14.5, 5.5, 14.75], "texture": "#6"},
				"up": {"uv": [13.5, 11.5, 13, 11], "texture": "#6"},
				"down": {"uv": [12, 13, 11.5, 13.5], "texture": "#6"}
			}
		},
		{
			"from": [6.25, 13.25, 6.25],
			"to": [7, 13.75, 7],
			"rotation": {"angle": 0, "axis": "y", "origin": [6, 11, 8]},
			"faces": {
				"north": {"uv": [14.5, 5, 15, 5.25], "texture": "#6"},
				"east": {"uv": [5.5, 14.5, 6, 14.75], "texture": "#6"},
				"south": {"uv": [14.5, 5.5, 15, 5.75], "texture": "#6"},
				"west": {"uv": [6, 14.5, 6.5, 14.75], "texture": "#6"},
				"up": {"uv": [13.5, 12, 13, 11.5], "texture": "#6"},
				"down": {"uv": [12.5, 13, 12, 13.5], "texture": "#6"}
			}
		},
		{
			"from": [6.25, 13.25, 9],
			"to": [7, 13.75, 9.75],
			"rotation": {"angle": 0, "axis": "y", "origin": [6, 11, 8]},
			"faces": {
				"north": {"uv": [14.5, 6, 15, 6.25], "texture": "#6"},
				"east": {"uv": [6.5, 14.5, 7, 14.75], "texture": "#6"},
				"south": {"uv": [14.5, 6.5, 15, 6.75], "texture": "#6"},
				"west": {"uv": [7, 14.5, 7.5, 14.75], "texture": "#6"},
				"up": {"uv": [13.5, 12.5, 13, 12], "texture": "#6"},
				"down": {"uv": [13, 13, 12.5, 13.5], "texture": "#6"}
			}
		},
		{
			"from": [9, 13.25, 9],
			"to": [9.75, 13.75, 9.75],
			"rotation": {"angle": 0, "axis": "y", "origin": [6, 11, 8]},
			"faces": {
				"north": {"uv": [14.5, 7, 15, 7.25], "texture": "#6"},
				"east": {"uv": [7.5, 14.5, 8, 14.75], "texture": "#6"},
				"south": {"uv": [14.5, 7.5, 15, 7.75], "texture": "#6"},
				"west": {"uv": [8, 14.5, 8.5, 14.75], "texture": "#6"},
				"up": {"uv": [13.5, 13, 13, 12.5], "texture": "#6"},
				"down": {"uv": [13.5, 13, 13, 13.5], "texture": "#6"}
			}
		},
		{
			"from": [6.25, 14.25, 7.75],
			"to": [7.25, 15.25, 8.25],
			"rotation": {"angle": 0, "axis": "y", "origin": [6, 11, 8]},
			"faces": {
				"north": {"uv": [1, 13.5, 1.5, 14], "texture": "#6"},
				"east": {"uv": [14.5, 8, 14.75, 8.5], "texture": "#6"},
				"south": {"uv": [1.5, 13.5, 2, 14], "texture": "#6"},
				"west": {"uv": [8.5, 14.5, 8.75, 15], "texture": "#6"},
				"up": {"uv": [15, 8.75, 14.5, 8.5], "texture": "#6"},
				"down": {"uv": [9.5, 14.5, 9, 14.75], "texture": "#6"}
			}
		},
		{
			"from": [6.25, 11.75, 7.75],
			"to": [7.25, 12.75, 8.25],
			"rotation": {"angle": 0, "axis": "y", "origin": [6, 11, 8]},
			"faces": {
				"north": {"uv": [2, 13.5, 2.5, 14], "texture": "#6"},
				"east": {"uv": [14.5, 9, 14.75, 9.5], "texture": "#6"},
				"south": {"uv": [13.5, 2.5, 14, 3], "texture": "#6"},
				"west": {"uv": [9.5, 14.5, 9.75, 15], "texture": "#6"},
				"up": {"uv": [15, 9.75, 14.5, 9.5], "texture": "#6"},
				"down": {"uv": [10.5, 14.5, 10, 14.75], "texture": "#6"}
			}
		},
		{
			"from": [8.75, 11.75, 7.75],
			"to": [9.75, 12.75, 8.25],
			"rotation": {"angle": 0, "axis": "y", "origin": [6, 11, 8]},
			"faces": {
				"north": {"uv": [1.5, 13, 2, 13.5], "texture": "#6"},
				"east": {"uv": [12.5, 14, 12.75, 14.5], "texture": "#6"},
				"south": {"uv": [2, 13, 2.5, 13.5], "texture": "#6"},
				"west": {"uv": [14, 12.5, 14.25, 13], "texture": "#6"},
				"up": {"uv": [13.5, 14.25, 13, 14], "texture": "#6"},
				"down": {"uv": [14.5, 13, 14, 13.25], "texture": "#6"}
			}
		},
		{
			"from": [6.5, 4, 6.25],
			"to": [9.5, 4.75, 9.75],
			"rotation": {"angle": 0, "axis": "y", "origin": [0, 12, 0]},
			"faces": {
				"north": {"uv": [10.5, 0, 12, 0.5], "texture": "#6"},
				"east": {"uv": [10, 4, 11.75, 4.5], "texture": "#6"},
				"south": {"uv": [10.5, 0.5, 12, 1], "texture": "#6"},
				"west": {"uv": [0, 10.5, 1.75, 11], "texture": "#6"},
				"up": {"uv": [7.5, 1.75, 6, 0], "texture": "#6"},
				"down": {"uv": [7.5, 2, 6, 3.75], "texture": "#6"}
			}
		},
		{
			"from": [7.25, 11.25, 6.5],
			"to": [8.75, 12, 9.5],
			"rotation": {"angle": 0, "axis": "y", "origin": [0, 12, 0]},
			"faces": {
				"north": {"uv": [5, 10.5, 5.75, 11], "texture": "#6"},
				"east": {"uv": [10.5, 1, 12, 1.5], "texture": "#6"},
				"south": {"uv": [12, 2.5, 12.75, 3], "texture": "#6"},
				"west": {"uv": [10.5, 1.5, 12, 2], "texture": "#6"},
				"up": {"uv": [9.75, 4.5, 9, 3], "texture": "#6"},
				"down": {"uv": [5.75, 9, 5, 10.5], "texture": "#6"}
			}
		},
		{
			"from": [7.75, 10.75, 6.5],
			"to": [8.25, 11.25, 9.5],
			"rotation": {"angle": 0, "axis": "y", "origin": [0, 12, 0]},
			"faces": {
				"north": {"uv": [14.5, 10, 14.75, 10.25], "texture": "#6"},
				"east": {"uv": [6, 12, 7.5, 12.25], "texture": "#6"},
				"south": {"uv": [10.5, 14.5, 10.75, 14.75], "texture": "#6"},
				"west": {"uv": [12, 6, 13.5, 6.25], "texture": "#6"},
				"up": {"uv": [12.25, 8, 12, 6.5], "texture": "#6"},
				"down": {"uv": [7.75, 12, 7.5, 13.5], "texture": "#6"}
			}
		},
		{
			"from": [6.75, 5, 6.5],
			"to": [9.25, 5.75, 9.5],
			"rotation": {"angle": 0, "axis": "y", "origin": [0, 12, 0]},
			"faces": {
				"north": {"uv": [10.5, 7, 11.75, 7.5], "texture": "#6"},
				"east": {"uv": [10.5, 2, 12, 2.5], "texture": "#6"},
				"south": {"uv": [10.5, 7.5, 11.75, 8], "texture": "#6"},
				"west": {"uv": [10.5, 2.5, 12, 3], "texture": "#6"},
				"up": {"uv": [8.75, 3, 7.5, 1.5], "texture": "#6"},
				"down": {"uv": [8.75, 3, 7.5, 4.5], "texture": "#6"}
			}
		},
		{
			"from": [5.75, 9.25, 7.75],
			"to": [10.25, 9.75, 8.25],
			"rotation": {"angle": 0, "axis": "y", "origin": [0, 12, 0]},
			"faces": {
				"north": {"uv": [5, 11.5, 7.25, 11.75], "texture": "#6"},
				"east": {"uv": [14.5, 10.5, 14.75, 10.75], "texture": "#6"},
				"south": {"uv": [7.5, 11.5, 9.75, 11.75], "texture": "#6"},
				"west": {"uv": [11, 14.5, 11.25, 14.75], "texture": "#6"},
				"up": {"uv": [12.25, 11.75, 10, 11.5], "texture": "#6"},
				"down": {"uv": [13.75, 10.5, 11.5, 10.75], "texture": "#6"}
			}
		},
		{
			"from": [6.5, 8.25, 7.75],
			"to": [9.5, 9.25, 8.25],
			"rotation": {"angle": 0, "axis": "y", "origin": [0, 12, 0]},
			"faces": {
				"north": {"uv": [10.5, 4.5, 12, 5], "texture": "#6"},
				"east": {"uv": [13.5, 3, 13.75, 3.5], "texture": "#6"},
				"south": {"uv": [10.5, 5, 12, 5.5], "texture": "#6"},
				"west": {"uv": [13.5, 3.5, 13.75, 4], "texture": "#6"},
				"up": {"uv": [9.5, 12.25, 8, 12], "texture": "#6"},
				"down": {"uv": [13.5, 8, 12, 8.25], "texture": "#6"}
			}
		},
		{
			"from": [5.75, -1.25, 7.75],
			"to": [10.25, -0.75, 8.25],
			"rotation": {"angle": 0, "axis": "y", "origin": [0, 12, 0]},
			"faces": {
				"north": {"uv": [0, 12, 2.25, 12.25], "texture": "#6"},
				"east": {"uv": [14.5, 11, 14.75, 11.25], "texture": "#6"},
				"south": {"uv": [12, 0, 14.25, 0.25], "texture": "#6"},
				"west": {"uv": [11.5, 14.5, 11.75, 14.75], "texture": "#6"},
				"up": {"uv": [14.25, 0.75, 12, 0.5], "texture": "#6"},
				"down": {"uv": [14.25, 1, 12, 1.25], "texture": "#6"}
			}
		},
		{
			"from": [6.5, -0.75, 7.75],
			"to": [9.5, 0.25, 8.25],
			"rotation": {"angle": 0, "axis": "y", "origin": [0, 12, 0]},
			"faces": {
				"north": {"uv": [10.5, 5.5, 12, 6], "texture": "#6"},
				"east": {"uv": [13.5, 4, 13.75, 4.5], "texture": "#6"},
				"south": {"uv": [10.5, 6, 12, 6.5], "texture": "#6"},
				"west": {"uv": [13.5, 4.5, 13.75, 5], "texture": "#6"},
				"up": {"uv": [11, 12.25, 9.5, 12], "texture": "#6"},
				"down": {"uv": [12.5, 12, 11, 12.25], "texture": "#6"}
			}
		},
		{
			"from": [6.75, 3, 6.5],
			"to": [9.25, 3.75, 9.5],
			"rotation": {"angle": 0, "axis": "y", "origin": [0, 12, 0]},
			"faces": {
				"north": {"uv": [10.5, 8, 11.75, 8.5], "texture": "#6"},
				"east": {"uv": [10.5, 6.5, 12, 7], "texture": "#6"},
				"south": {"uv": [8.5, 10.5, 9.75, 11], "texture": "#6"},
				"west": {"uv": [7, 10.5, 8.5, 11], "texture": "#6"},
				"up": {"uv": [5.25, 9, 4, 7.5], "texture": "#6"},
				"down": {"uv": [6.75, 7.5, 5.5, 9], "texture": "#6"}
			}
		},
		{
			"from": [6.75, -13.75, 6.75],
			"to": [9.25, -13, 9.25],
			"rotation": {"angle": 0, "axis": "y", "origin": [0, 12, 0]},
			"faces": {
				"north": {"uv": [10, 10.5, 11.25, 11], "texture": "#6"},
				"east": {"uv": [0, 11, 1.25, 11.5], "texture": "#6"},
				"south": {"uv": [1.5, 11, 2.75, 11.5], "texture": "#6"},
				"west": {"uv": [11, 3, 12.25, 3.5], "texture": "#6"},
				"up": {"uv": [1.25, 10.25, 0, 9], "texture": "#6"},
				"down": {"uv": [10.25, 0, 9, 1.25], "texture": "#6"}
			}
		},
		{
			"from": [6.75, -5.75, 6.75],
			"to": [7.5, -5.25, 7.5],
			"rotation": {"angle": 0, "axis": "y", "origin": [0, 12, 0]},
			"faces": {
				"north": {"uv": [13.5, 5, 14, 5.25], "texture": "#6"},
				"east": {"uv": [13.5, 6, 14, 6.25], "texture": "#6"},
				"south": {"uv": [13.5, 6.5, 14, 6.75], "texture": "#6"},
				"west": {"uv": [13.5, 7, 14, 7.25], "texture": "#6"},
				"up": {"uv": [13, 9, 12.5, 8.5], "texture": "#6"},
				"down": {"uv": [9.5, 12.5, 9, 13], "texture": "#6"}
			}
		},
		{
			"from": [8.5, -5.75, 6.75],
			"to": [9.25, -5.25, 7.5],
			"rotation": {"angle": 0, "axis": "y", "origin": [0, 12, 0]},
			"faces": {
				"north": {"uv": [7.5, 13.5, 8, 13.75], "texture": "#6"},
				"east": {"uv": [13.5, 7.5, 14, 7.75], "texture": "#6"},
				"south": {"uv": [13.5, 8, 14, 8.25], "texture": "#6"},
				"west": {"uv": [13.5, 8.5, 14, 8.75], "texture": "#6"},
				"up": {"uv": [13, 9.5, 12.5, 9], "texture": "#6"},
				"down": {"uv": [10, 12.5, 9.5, 13], "texture": "#6"}
			}
		},
		{
			"from": [7.5, -5.25, 6.75],
			"to": [8.5, -4.75, 7],
			"rotation": {"angle": 0, "axis": "y", "origin": [0, 12, 0]},
			"faces": {
				"north": {"uv": [9, 13.5, 9.5, 13.75], "texture": "#6"},
				"east": {"uv": [14.5, 11.5, 14.75, 11.75], "texture": "#6"},
				"south": {"uv": [13.5, 9, 14, 9.25], "texture": "#6"},
				"west": {"uv": [12, 14.5, 12.25, 14.75], "texture": "#6"},
				"up": {"uv": [10, 13.75, 9.5, 13.5], "texture": "#6"},
				"down": {"uv": [10.5, 13.5, 10, 13.75], "texture": "#6"}
			}
		},
		{
			"from": [7.75, -6.5, 6.75],
			"to": [8.25, -5.5, 9.25],
			"rotation": {"angle": 0, "axis": "y", "origin": [0, 12, 0]},
			"faces": {
				"north": {"uv": [13.5, 10, 13.75, 10.5], "texture": "#6"},
				"east": {"uv": [11, 3.5, 12.25, 4], "texture": "#6"},
				"south": {"uv": [10.5, 13.5, 10.75, 14], "texture": "#6"},
				"west": {"uv": [5, 11, 6.25, 11.5], "texture": "#6"},
				"up": {"uv": [0.25, 13.75, 0, 12.5], "texture": "#6"},
				"down": {"uv": [0.75, 12.5, 0.5, 13.75], "texture": "#6"}
			}
		},
		{
			"from": [6.75, -6.5, 7.75],
			"to": [9.25, -5.5, 8.25],
			"rotation": {"angle": 0, "axis": "y", "origin": [0, 12, 0]},
			"faces": {
				"north": {"uv": [6.5, 11, 7.75, 11.5], "texture": "#6"},
				"east": {"uv": [11, 13.5, 11.25, 14], "texture": "#6"},
				"south": {"uv": [8, 11, 9.25, 11.5], "texture": "#6"},
				"west": {"uv": [13.5, 11, 13.75, 11.5], "texture": "#6"},
				"up": {"uv": [2.25, 12.75, 1, 12.5], "texture": "#6"},
				"down": {"uv": [13.75, 1.5, 12.5, 1.75], "texture": "#6"}
			}
		},
		{
			"from": [7.5, -5.25, 9],
			"to": [8.5, -4.75, 9.25],
			"rotation": {"angle": 0, "axis": "y", "origin": [0, 12, 0]},
			"faces": {
				"north": {"uv": [11.5, 13.5, 12, 13.75], "texture": "#6"},
				"east": {"uv": [14.5, 12, 14.75, 12.25], "texture": "#6"},
				"south": {"uv": [13.5, 11.5, 14, 11.75], "texture": "#6"},
				"west": {"uv": [12.5, 14.5, 12.75, 14.75], "texture": "#6"},
				"up": {"uv": [12.5, 13.75, 12, 13.5], "texture": "#6"},
				"down": {"uv": [14, 12, 13.5, 12.25], "texture": "#6"}
			}
		},
		{
			"from": [9, -5.25, 7.5],
			"to": [9.25, -4.75, 8.5],
			"rotation": {"angle": 0, "axis": "y", "origin": [0, 12, 0]},
			"faces": {
				"north": {"uv": [14.5, 12.5, 14.75, 12.75], "texture": "#6"},
				"east": {"uv": [12.5, 13.5, 13, 13.75], "texture": "#6"},
				"south": {"uv": [13, 14.5, 13.25, 14.75], "texture": "#6"},
				"west": {"uv": [13.5, 12.5, 14, 12.75], "texture": "#6"},
				"up": {"uv": [13.25, 14, 13, 13.5], "texture": "#6"},
				"down": {"uv": [13.75, 13, 13.5, 13.5], "texture": "#6"}
			}
		},
		{
			"from": [6.75, -5.25, 7.5],
			"to": [7, -4.75, 8.5],
			"rotation": {"angle": 0, "axis": "y", "origin": [0, 12, 0]},
			"faces": {
				"north": {"uv": [14.5, 13, 14.75, 13.25], "texture": "#6"},
				"east": {"uv": [13.5, 13.5, 14, 13.75], "texture": "#6"},
				"south": {"uv": [13.5, 14.5, 13.75, 14.75], "texture": "#6"},
				"west": {"uv": [0, 14, 0.5, 14.25], "texture": "#6"},
				"up": {"uv": [0.75, 14.5, 0.5, 14], "texture": "#6"},
				"down": {"uv": [1.25, 14, 1, 14.5], "texture": "#6"}
			}
		},
		{
			"from": [8.5, -5.75, 8.5],
			"to": [9.25, -5.25, 9.25],
			"rotation": {"angle": 0, "axis": "y", "origin": [0, 12, 0]},
			"faces": {
				"north": {"uv": [1.5, 14, 2, 14.25], "texture": "#6"},
				"east": {"uv": [14, 1.5, 14.5, 1.75], "texture": "#6"},
				"south": {"uv": [2, 14, 2.5, 14.25], "texture": "#6"},
				"west": {"uv": [14, 2, 14.5, 2.25], "texture": "#6"},
				"up": {"uv": [13, 10, 12.5, 9.5], "texture": "#6"},
				"down": {"uv": [10.5, 12.5, 10, 13], "texture": "#6"}
			}
		},
		{
			"from": [6.75, -5.75, 8.5],
			"to": [7.5, -5.25, 9.25],
			"rotation": {"angle": 0, "axis": "y", "origin": [0, 12, 0]},
			"faces": {
				"north": {"uv": [2.5, 14, 3, 14.25], "texture": "#6"},
				"east": {"uv": [14, 2.5, 14.5, 2.75], "texture": "#6"},
				"south": {"uv": [3, 14, 3.5, 14.25], "texture": "#6"},
				"west": {"uv": [14, 3, 14.5, 3.25], "texture": "#6"},
				"up": {"uv": [13, 10.5, 12.5, 10], "texture": "#6"},
				"down": {"uv": [11, 12.5, 10.5, 13], "texture": "#6"}
			}
		},
		{
			"from": [7.5, -11.5, 6.75],
			"to": [8.5, -11, 7],
			"rotation": {"angle": 0, "axis": "y", "origin": [0, 12, 0]},
			"faces": {
				"north": {"uv": [3.5, 14, 4, 14.25], "texture": "#6"},
				"east": {"uv": [14.5, 13.5, 14.75, 13.75], "texture": "#6"},
				"south": {"uv": [14, 3.5, 14.5, 3.75], "texture": "#6"},
				"west": {"uv": [14, 14.5, 14.25, 14.75], "texture": "#6"},
				"up": {"uv": [4.5, 14.25, 4, 14], "texture": "#6"},
				"down": {"uv": [14.5, 4, 14, 4.25], "texture": "#6"}
			}
		},
		{
			"from": [6.75, -11.5, 7.5],
			"to": [7, -11, 8.5],
			"rotation": {"angle": 0, "axis": "y", "origin": [0, 12, 0]},
			"faces": {
				"north": {"uv": [14.5, 14, 14.75, 14.25], "texture": "#6"},
				"east": {"uv": [4.5, 14, 5, 14.25], "texture": "#6"},
				"south": {"uv": [14.5, 14.5, 14.75, 14.75], "texture": "#6"},
				"west": {"uv": [14, 4.5, 14.5, 4.75], "texture": "#6"},
				"up": {"uv": [5.25, 14.5, 5, 14], "texture": "#6"},
				"down": {"uv": [14.25, 5, 14, 5.5], "texture": "#6"}
			}
		},
		{
			"from": [6.75, -11, 6.75],
			"to": [7.5, -10.5, 7.5],
			"rotation": {"angle": 0, "axis": "y", "origin": [0, 12, 0]},
			"faces": {
				"north": {"uv": [5.5, 14, 6, 14.25], "texture": "#6"},
				"east": {"uv": [14, 5.5, 14.5, 5.75], "texture": "#6"},
				"south": {"uv": [6, 14, 6.5, 14.25], "texture": "#6"},
				"west": {"uv": [14, 6, 14.5, 6.25], "texture": "#6"},
				"up": {"uv": [11.5, 13, 11, 12.5], "texture": "#6"},
				"down": {"uv": [13, 11, 12.5, 11.5], "texture": "#6"}
			}
		},
		{
			"from": [6.75, -11, 8.5],
			"to": [7.5, -10.5, 9.25],
			"rotation": {"angle": 0, "axis": "y", "origin": [0, 12, 0]},
			"faces": {
				"north": {"uv": [6.5, 14, 7, 14.25], "texture": "#6"},
				"east": {"uv": [14, 6.5, 14.5, 6.75], "texture": "#6"},
				"south": {"uv": [7, 14, 7.5, 14.25], "texture": "#6"},
				"west": {"uv": [14, 7, 14.5, 7.25], "texture": "#6"},
				"up": {"uv": [12, 13, 11.5, 12.5], "texture": "#6"},
				"down": {"uv": [13, 11.5, 12.5, 12], "texture": "#6"}
			}
		},
		{
			"from": [7.5, -11.5, 9],
			"to": [8.5, -11, 9.25],
			"rotation": {"angle": 0, "axis": "y", "origin": [0, 12, 0]},
			"faces": {
				"north": {"uv": [7.5, 14, 8, 14.25], "texture": "#6"},
				"east": {"uv": [0, 15, 0.25, 15.25], "texture": "#6"},
				"south": {"uv": [14, 7.5, 14.5, 7.75], "texture": "#6"},
				"west": {"uv": [15, 0, 15.25, 0.25], "texture": "#6"},
				"up": {"uv": [8.5, 14.25, 8, 14], "texture": "#6"},
				"down": {"uv": [14.5, 8, 14, 8.25], "texture": "#6"}
			}
		},
		{
			"from": [8.5, -11, 8.5],
			"to": [9.25, -10.5, 9.25],
			"rotation": {"angle": 0, "axis": "y", "origin": [0, 12, 0]},
			"faces": {
				"north": {"uv": [8.5, 14, 9, 14.25], "texture": "#6"},
				"east": {"uv": [14, 8.5, 14.5, 8.75], "texture": "#6"},
				"south": {"uv": [9, 14, 9.5, 14.25], "texture": "#6"},
				"west": {"uv": [14, 9, 14.5, 9.25], "texture": "#6"},
				"up": {"uv": [12.5, 13, 12, 12.5], "texture": "#6"},
				"down": {"uv": [13, 12, 12.5, 12.5], "texture": "#6"}
			}
		},
		{
			"from": [7.75, -10.75, 6.75],
			"to": [8.25, -9.75, 9.25],
			"rotation": {"angle": 0, "axis": "y", "origin": [0, 12, 0]},
			"faces": {
				"north": {"uv": [9.5, 14, 9.75, 14.5], "texture": "#6"},
				"east": {"uv": [11, 8.5, 12.25, 9], "texture": "#6"},
				"south": {"uv": [14, 9.5, 14.25, 10], "texture": "#6"},
				"west": {"uv": [11, 9, 12.25, 9.5], "texture": "#6"},
				"up": {"uv": [12.75, 4.25, 12.5, 3], "texture": "#6"},
				"down": {"uv": [12.75, 4.5, 12.5, 5.75], "texture": "#6"}
			}
		},
		{
			"from": [6.75, -10.75, 7.75],
			"to": [9.25, -9.75, 8.25],
			"rotation": {"angle": 0, "axis": "y", "origin": [0, 12, 0]},
			"faces": {
				"north": {"uv": [9.5, 11, 10.75, 11.5], "texture": "#6"},
				"east": {"uv": [10, 14, 10.25, 14.5], "texture": "#6"},
				"south": {"uv": [11, 9.5, 12.25, 10], "texture": "#6"},
				"west": {"uv": [14, 10, 14.25, 10.5], "texture": "#6"},
				"up": {"uv": [13.75, 2.25, 12.5, 2], "texture": "#6"},
				"down": {"uv": [7.25, 12.5, 6, 12.75], "texture": "#6"}
			}
		},
		{
			"from": [9, -11.5, 7.5],
			"to": [9.25, -11, 8.5],
			"rotation": {"angle": 0, "axis": "y", "origin": [0, 12, 0]},
			"faces": {
				"north": {"uv": [0.5, 15, 0.75, 15.25], "texture": "#6"},
				"east": {"uv": [10.5, 14, 11, 14.25], "texture": "#6"},
				"south": {"uv": [15, 0.5, 15.25, 0.75], "texture": "#6"},
				"west": {"uv": [14, 10.5, 14.5, 10.75], "texture": "#6"},
				"up": {"uv": [11.25, 14.5, 11, 14], "texture": "#6"},
				"down": {"uv": [14.25, 11, 14, 11.5], "texture": "#6"}
			}
		},
		{
			"from": [8.5, -11, 6.75],
			"to": [9.25, -10.5, 7.5],
			"rotation": {"angle": 0, "axis": "y", "origin": [0, 12, 0]},
			"faces": {
				"north": {"uv": [11.5, 14, 12, 14.25], "texture": "#6"},
				"east": {"uv": [14, 11.5, 14.5, 11.75], "texture": "#6"},
				"south": {"uv": [12, 14, 12.5, 14.25], "texture": "#6"},
				"west": {"uv": [14, 12, 14.5, 12.25], "texture": "#6"},
				"up": {"uv": [13, 13, 12.5, 12.5], "texture": "#6"},
				"down": {"uv": [1.5, 13, 1, 13.5], "texture": "#6"}
			}
		},
		{
			"from": [6.75, -15, 6.75],
			"to": [9.25, -14.25, 9.25],
			"rotation": {"angle": 0, "axis": "y", "origin": [0, 12, 0]},
			"faces": {
				"north": {"uv": [11, 10, 12.25, 10.5], "texture": "#6"},
				"east": {"uv": [11, 11, 12.25, 11.5], "texture": "#6"},
				"south": {"uv": [0, 11.5, 1.25, 12], "texture": "#6"},
				"west": {"uv": [1.5, 11.5, 2.75, 12], "texture": "#6"},
				"up": {"uv": [2.75, 10.25, 1.5, 9], "texture": "#6"},
				"down": {"uv": [10.25, 1.5, 9, 2.75], "texture": "#6"}
			}
		},
		{
			"from": [7, -15.5, 7],
			"to": [9, -15, 9],
			"rotation": {"angle": 0, "axis": "y", "origin": [0, 12, 0]},
			"faces": {
				"north": {"uv": [12.5, 6.5, 13.5, 6.75], "texture": "#6"},
				"east": {"uv": [12.5, 7, 13.5, 7.25], "texture": "#6"},
				"south": {"uv": [12.5, 7.5, 13.5, 7.75], "texture": "#6"},
				"west": {"uv": [8, 12.5, 9, 12.75], "texture": "#6"},
				"up": {"uv": [8.5, 5.5, 7.5, 4.5], "texture": "#6"},
				"down": {"uv": [7, 9, 6, 10], "texture": "#6"}
			}
		}
	],
	"gui_light": "front",
	"display": {
		"thirdperson_righthand": {
			"rotation": [62, -86, 52],
			"translation": [0, 8.5, 3],
			"scale": [0.8, 0.8, 0.8]
		},
		"thirdperson_lefthand": {
			"rotation": [63, -97, 52],
			"translation": [1.25, 8.25, 3],
			"scale": [0.8, 0.8, 0.8]
		},
		"firstperson_righthand": {
			"rotation": [-6, 82, -16],
			"translation": [2.25, 6, 0],
			"scale": [0.4, 0.4, 0.4]
		},
		"firstperson_lefthand": {
			"rotation": [-6, 82, -16],
			"translation": [2.25, 6, 0],
			"scale": [0.4, 0.4, 0.4]
		},
		"ground": {
			"rotation": [12, -33, 34],
			"translation": [0, 4, 0],
			"scale": [0.3, 0.3, 0.3]
		},
		"gui": {
			"rotation": [-12, -7, 43],
			"translation": [0.75, -0.5, 0],
			"scale": [0.45, 0.45, 0.45]
		},
		"head": {
			"rotation": [0, 45, 0],
			"translation": [-43, 0, 43],
			"scale": [3, 3, 3]
		},
		"fixed": {
			"rotation": [0, 0, -44.75],
			"translation": [-0.5, 1.25, -1.5],
			"scale": [0.7, 0.7, 0.7]
		}
	},
	"groups": [
		{
			"name": "curved_spike",
			"origin": [8, 8, 8],
			"color": 0,
			"nbt": "{}",
			"children": [
				0,
				1,
				2,
				3,
				4,
				5,
				6,
				7,
				8,
				9,
				10,
				11,
				12,
				13,
				{
					"name": "group",
					"origin": [31, 8, 8],
					"color": 0,
					"nbt": "{}",
					"children": [14, 15, 16]
				},
				{
					"name": "group",
					"origin": [31, 8, 8],
					"color": 0,
					"nbt": "{}",
					"children": [17, 18, 19]
				},
				{
					"name": "group",
					"origin": [31, 8, 8],
					"color": 0,
					"nbt": "{}",
					"children": [20, 21, 22]
				},
				{
					"name": "group",
					"origin": [31, 8, 8],
					"color": 0,
					"nbt": "{}",
					"children": [23]
				},
				{
					"name": "group",
					"origin": [31, 8, 8],
					"color": 0,
					"nbt": "{}",
					"children": []
				},
				{
					"name": "group",
					"origin": [31, 8, 8],
					"color": 0,
					"nbt": "{}",
					"children": []
				},
				{
					"name": "group",
					"origin": [31, 8, 8],
					"color": 0,
					"nbt": "{}",
					"children": []
				},
				{
					"name": "group",
					"origin": [31, 8, 8],
					"color": 0,
					"nbt": "{}",
					"children": []
				}
			]
		},
		{
			"name": "curved_spike",
			"origin": [8, 8, 8],
			"color": 0,
			"nbt": "{}",
			"children": [
				24,
				25,
				26,
				27,
				28,
				29,
				30,
				31,
				32,
				33,
				34,
				35,
				36,
				37,
				{
					"name": "group",
					"origin": [31, 8, 8],
					"color": 0,
					"nbt": "{}",
					"children": [38, 39, 40]
				},
				{
					"name": "group",
					"origin": [31, 8, 8],
					"color": 0,
					"nbt": "{}",
					"children": [41, 42, 43]
				},
				{
					"name": "group",
					"origin": [31, 8, 8],
					"color": 0,
					"nbt": "{}",
					"children": [44, 45, 46]
				},
				{
					"name": "group",
					"origin": [31, 8, 8],
					"color": 0,
					"nbt": "{}",
					"children": [47]
				},
				{
					"name": "group",
					"origin": [31, 8, 8],
					"color": 0,
					"nbt": "{}",
					"children": []
				},
				{
					"name": "group",
					"origin": [31, 8, 8],
					"color": 0,
					"nbt": "{}",
					"children": []
				},
				{
					"name": "group",
					"origin": [31, 8, 8],
					"color": 0,
					"nbt": "{}",
					"children": []
				},
				{
					"name": "group",
					"origin": [31, 8, 8],
					"color": 0,
					"nbt": "{}",
					"children": []
				}
			]
		},
		{
			"name": "middle_spike",
			"origin": [8, 8, 8],
			"color": 0,
			"nbt": "{}",
			"children": [48, 49, 50, 51, 52, 53, 54, 55, 56, 57, 58, 59]
		},
		60,
		61,
		62,
		63,
		64,
		65,
		66,
		67,
		68,
		69,
		70,
		71,
		72,
		73,
		74,
		75,
		76,
		77,
		78,
		79,
		80,
		81,
		82,
		83,
		{
			"name": "group",
			"origin": [0, 12, 0],
			"color": 0,
			"nbt": "{}",
			"children": [84, 85, 86, 87, 88, 89, 90, 91, 92, 93, 94, 95, 96, 97, 98, 99, 100, 101, 102, 103, 104, 105, 106, 107, 108, 109, 110, 111, 112, 113, 114, 115]
		}
	]
}