{
	"credit": "Made with Blockbench",
	"textures": {
		"2": "custom/pointed_dripstone_down_frustum",
		"4": "custom/pointed_dripstone_down_tip",
		"particle": "custom/pointed_dripstone_down_base"
	},
	"elements": [
		{
			"from": [2, 8, 8],
			"to": [14, 20, 8],
			"rotation": {"angle": 45, "axis": "y", "origin": [8, 0, 8]},
			"faces": {
				"north": {"uv": [0, 16, 16, 0], "texture": "#2"},
				"east": {"uv": [0, 16, 0, 16], "texture": "#2"},
				"south": {"uv": [0, 16, 16, 0], "texture": "#2"},
				"west": {"uv": [0, 16, 0, 8], "texture": "#2"},
				"up": {"uv": [0, 16, 0, 16], "texture": "#2"},
				"down": {"uv": [0, 16, 0, 16], "texture": "#2"}
			}
		},
		{
			"from": [8, 8, 2],
			"to": [8, 20, 14],
			"rotation": {"angle": 45, "axis": "y", "origin": [8, 0, 8]},
			"faces": {
				"north": {"uv": [0, 16, 0, 16], "texture": "#2"},
				"east": {"uv": [0, 16, 16, 0], "texture": "#2"},
				"south": {"uv": [0, 16, 0, 16], "texture": "#2"},
				"west": {"uv": [0, 16, 16, 0], "texture": "#2"},
				"up": {"uv": [0, 16, 0, 16], "rotation": 270, "texture": "#2"},
				"down": {"uv": [0, 16, 0, 16], "rotation": 90, "texture": "#2"}
			}
		},
		{
			"from": [8, 20, 2],
			"to": [8, 32, 14],
			"rotation": {"angle": 45, "axis": "y", "origin": [8, 0, 8]},
			"faces": {
				"north": {"uv": [0, 16, 0, 16], "texture": "#4"},
				"east": {"uv": [0, 16, 16, 0], "texture": "#4"},
				"south": {"uv": [0, 16, 0, 16], "texture": "#4"},
				"west": {"uv": [0, 16, 16, 0], "texture": "#4"},
				"up": {"uv": [0, 16, 0, 16], "rotation": 270, "texture": "#4"},
				"down": {"uv": [0, 16, 0, 16], "rotation": 90, "texture": "#4"}
			}
		},
		{
			"from": [2, 20, 8],
			"to": [14, 32, 8],
			"rotation": {"angle": 45, "axis": "y", "origin": [8, 0, 8]},
			"faces": {
				"north": {"uv": [0, 16, 16, 0], "texture": "#4"},
				"east": {"uv": [0, 16, 0, 16], "texture": "#4"},
				"south": {"uv": [0, 16, 16, 0], "texture": "#4"},
				"west": {"uv": [0, 16, 0, 8], "texture": "#4"},
				"up": {"uv": [0, 16, 0, 16], "texture": "#4"},
				"down": {"uv": [0, 16, 0, 16], "texture": "#4"}
			}
		}
	],
	"display": {
		"thirdperson_lefthand": {
			"rotation": [90, 0, 0],
			"translation": [-6, -1.75, -80],
			"scale": [4, 4, 4]
		},
		"head": {
			"translation": [0, -53.5, 0],
			"scale": [3, 3, 3]
		}
	}
}