{
	"credit": "Made with Blockbench",
	"textures": {
		"0": "custom/tesla_gun",
		"1": "custom/tesla_gun2",
		"particle": "custom/tesla_gun"
	},
	"elements": [
		{
			"from": [-3, 3, 6],
			"to": [-1, 7, 10],
			"rotation": {"angle": 0, "axis": "y", "origin": [-7, 0, 0]},
			"faces": {
				"north": {"uv": [0, 7, 0.5, 8], "texture": "#0"},
				"east": {"uv": [3.5, 5.5, 4.5, 6.5], "texture": "#0"},
				"south": {"uv": [0.5, 7, 1, 8], "texture": "#0"},
				"west": {"uv": [6, 3.25, 7, 4.25], "texture": "#0"},
				"up": {"uv": [1.5, 8, 1, 7], "texture": "#0"},
				"down": {"uv": [2, 7, 1.5, 8], "texture": "#0"}
			}
		},
		{
			"from": [-3, 3, 10],
			"to": [-1, 7, 11],
			"rotation": {"angle": 0, "axis": "y", "origin": [-7, 0, 0]},
			"faces": {
				"north": {"uv": [7.25, 3.5, 7.75, 4.5], "texture": "#0"},
				"east": {"uv": [2.25, 8, 2.5, 9], "texture": "#0"},
				"south": {"uv": [7.25, 6, 7.75, 7], "texture": "#0"},
				"west": {"uv": [7.25, 8, 7.5, 9], "texture": "#0"},
				"up": {"uv": [1.75, 9, 1.25, 8.75], "texture": "#0"},
				"down": {"uv": [2.25, 8.75, 1.75, 9], "texture": "#0"}
			}
		},
		{
			"from": [-3, 3, 5],
			"to": [-1, 7, 6],
			"rotation": {"angle": 0, "axis": "y", "origin": [-7, 0, 0]},
			"faces": {
				"north": {"uv": [7.25, 7, 7.75, 8], "texture": "#0"},
				"east": {"uv": [7.5, 8, 7.75, 9], "texture": "#0"},
				"south": {"uv": [2.5, 7.5, 3, 8.5], "texture": "#0"},
				"west": {"uv": [7.75, 8, 8, 9], "texture": "#0"},
				"up": {"uv": [9.25, 2.75, 8.75, 2.5], "texture": "#0"},
				"down": {"uv": [9.25, 2.75, 8.75, 3], "texture": "#0"}
			}
		},
		{
			"from": [-3, 7, 6],
			"to": [-1, 8, 10],
			"rotation": {"angle": 0, "axis": "y", "origin": [-7, 0, 0]},
			"faces": {
				"north": {"uv": [6, 4.25, 6.5, 4.5], "texture": "#0"},
				"east": {"uv": [5, 3.25, 6, 3.5], "texture": "#0"},
				"south": {"uv": [4, 6.5, 4.5, 6.75], "texture": "#0"},
				"west": {"uv": [3.75, 8, 4.75, 8.25], "texture": "#0"},
				"up": {"uv": [2.5, 8, 2, 7], "texture": "#0"},
				"down": {"uv": [7.5, 2.5, 7, 3.5], "texture": "#0"}
			}
		},
		{
			"from": [-3, 2, 6],
			"to": [-1, 3, 10],
			"rotation": {"angle": 0, "axis": "y", "origin": [-7, 0, 0]},
			"faces": {
				"north": {"uv": [7.25, 2, 7.75, 2.25], "texture": "#0"},
				"east": {"uv": [8, 4.5, 9, 4.75], "texture": "#0"},
				"south": {"uv": [0.75, 8.75, 1.25, 9], "texture": "#0"},
				"west": {"uv": [4.75, 8, 5.75, 8.25], "texture": "#0"},
				"up": {"uv": [7.75, 1, 7.25, 0], "texture": "#0"},
				"down": {"uv": [7.75, 1, 7.25, 2], "texture": "#0"}
			}
		},
		{
			"from": [5, 7, 6],
			"to": [11, 8, 10],
			"rotation": {"angle": 0, "axis": "y", "origin": [-7, 0, 0]},
			"faces": {
				"north": {"uv": [7.75, 6, 9.25, 6.25], "texture": "#0"},
				"east": {"uv": [8.25, 6.75, 9.25, 7], "texture": "#0"},
				"south": {"uv": [7.75, 6.25, 9.25, 6.5], "texture": "#0"},
				"west": {"uv": [8.25, 7, 9.25, 7.25], "texture": "#0"},
				"up": {"uv": [4.5, 5.5, 3, 4.5], "texture": "#0"},
				"down": {"uv": [6, 3.5, 4.5, 4.5], "texture": "#0"}
			}
		},
		{
			"from": [6, 9, 6.5],
			"to": [15, 10, 9.5],
			"rotation": {"angle": 0, "axis": "y", "origin": [-7, 0, 0]},
			"faces": {
				"north": {"uv": [5.5, 2.25, 7.75, 2.5], "texture": "#0"},
				"east": {"uv": [8.5, 1, 9.25, 1.25], "texture": "#0"},
				"south": {"uv": [6.25, 5.75, 8.5, 6], "texture": "#0"},
				"west": {"uv": [8.5, 1.25, 9.25, 1.5], "texture": "#0"},
				"up": {"uv": [5.5, 1.75, 3.25, 1], "texture": "#0"},
				"down": {"uv": [5.5, 1.75, 3.25, 2.5], "texture": "#0"}
			}
		},
		{
			"from": [7, 8, 6.5],
			"to": [10, 9, 9.5],
			"rotation": {"angle": 0, "axis": "y", "origin": [-7, 0, 0]},
			"faces": {
				"north": {"uv": [1.5, 8.5, 2.25, 8.75], "texture": "#0"},
				"east": {"uv": [8.5, 1.5, 9.25, 1.75], "texture": "#0"},
				"south": {"uv": [8.5, 1.75, 9.25, 2], "texture": "#0"},
				"west": {"uv": [8.5, 2, 9.25, 2.25], "texture": "#0"},
				"up": {"uv": [6.5, 7.5, 5.75, 6.75], "texture": "#0"},
				"down": {"uv": [7.25, 6.75, 6.5, 7.5], "texture": "#0"}
			}
		},
		{
			"from": [6.25, 8, 6.75],
			"to": [7, 9, 9.25],
			"rotation": {"angle": 0, "axis": "y", "origin": [-7, 0, 0]},
			"faces": {
				"north": {"uv": [5.25, 0.75, 5.5, 1], "texture": "#0"},
				"east": {"uv": [8, 8.5, 8.625, 8.75], "texture": "#0"},
				"south": {"uv": [3.25, 6.25, 3.5, 6.5], "texture": "#0"},
				"west": {"uv": [0, 8.75, 0.625, 9], "texture": "#0"},
				"up": {"uv": [3.75, 9.125, 3.5, 8.5], "texture": "#0"},
				"down": {"uv": [7.25, 8.5, 7, 9.125], "texture": "#0"}
			}
		},
		{
			"from": [10, 6, 7],
			"to": [15, 9, 9],
			"rotation": {"angle": 0, "axis": "y", "origin": [-7, 0, 0]},
			"faces": {
				"north": {"uv": [0, 6.25, 1.25, 7], "texture": "#0"},
				"east": {"uv": [7.75, 6.5, 8.25, 7.25], "texture": "#0"},
				"south": {"uv": [1.25, 6.25, 2.5, 7], "texture": "#0"},
				"west": {"uv": [7.75, 7.25, 8.25, 8], "texture": "#0"},
				"up": {"uv": [1.25, 5.5, 0, 5], "texture": "#0"},
				"down": {"uv": [7.5, 5.25, 6.25, 5.75], "texture": "#0"}
			}
		},
		{
			"from": [5, 2, 6],
			"to": [11, 3, 10],
			"rotation": {"angle": 0, "axis": "y", "origin": [-7, 0, 0]},
			"faces": {
				"north": {"uv": [7.75, 4, 9.25, 4.25], "texture": "#0"},
				"east": {"uv": [4, 8.25, 5, 8.5], "texture": "#0"},
				"south": {"uv": [7.75, 4.25, 9.25, 4.5], "texture": "#0"},
				"west": {"uv": [8.25, 6.5, 9.25, 6.75], "texture": "#0"},
				"up": {"uv": [1.5, 5, 0, 4], "texture": "#0"},
				"down": {"uv": [3, 4.5, 1.5, 5.5], "texture": "#0"}
			}
		},
		{
			"from": [5, 3, 5],
			"to": [11, 7, 11],
			"rotation": {"angle": 0, "axis": "y", "origin": [-7, 0, 0]},
			"faces": {
				"north": {"uv": [0, 3, 1.5, 4], "texture": "#0"},
				"east": {"uv": [1.5, 3.5, 3, 4.5], "texture": "#0"},
				"south": {"uv": [3.5, 2.5, 5, 3.5], "texture": "#0"},
				"west": {"uv": [3, 3.5, 4.5, 4.5], "texture": "#0"},
				"up": {"uv": [1.5, 1.5, 0, 0], "texture": "#0"},
				"down": {"uv": [1.5, 1.5, 0, 3], "texture": "#0"}
			}
		},
		{
			"from": [11, 3, 6.5],
			"to": [19, 7, 9.5],
			"rotation": {"angle": 0, "axis": "y", "origin": [-7, 0, 0]},
			"faces": {
				"north": {"uv": [1.5, 2.5, 3.5, 3.5], "texture": "#0"},
				"east": {"uv": [6.5, 4.25, 7.25, 5.25], "texture": "#0"},
				"south": {"uv": [3.25, 0, 5.25, 1], "texture": "#0"},
				"west": {"uv": [4, 6.75, 4.75, 7.75], "texture": "#0"},
				"up": {"uv": [6.5, 5.25, 4.5, 4.5], "texture": "#0"},
				"down": {"uv": [7, 2.5, 5, 3.25], "texture": "#0"}
			}
		},
		{
			"from": [11, 3.65, 9.5],
			"to": [13.25, 4.15, 10],
			"rotation": {"angle": 0, "axis": "y", "origin": [-7, 0, 0]},
			"faces": {
				"north": {"uv": [7, 3, 9.25, 3.5], "texture": "#1"},
				"east": {"uv": [9, 4, 9.5, 4.5], "texture": "#1"},
				"south": {"uv": [6, 7, 8.25, 7.5], "texture": "#1"},
				"west": {"uv": [5, 9, 5.5, 9.5], "texture": "#1"},
				"up": {"uv": [2.25, 8.5, 0, 8], "texture": "#1"},
				"down": {"uv": [5.25, 8, 3, 8.5], "texture": "#1"}
			}
		},
		{
			"from": [11, 5.4, 9.5],
			"to": [14.25, 5.9, 10],
			"rotation": {"angle": 0, "axis": "y", "origin": [-7, 0, 0]},
			"faces": {
				"north": {"uv": [0, 4, 3.25, 4.5], "texture": "#1"},
				"east": {"uv": [3, 9, 3.5, 9.5], "texture": "#1"},
				"south": {"uv": [4, 4, 7.25, 4.5], "texture": "#1"},
				"west": {"uv": [4, 9, 4.5, 9.5], "texture": "#1"},
				"up": {"uv": [3.25, 5.5, 0, 5], "texture": "#1"},
				"down": {"uv": [7.25, 5, 4, 5.5], "texture": "#1"}
			}
		},
		{
			"from": [11, 4.4, 9.5],
			"to": [13.75, 5.15, 10],
			"rotation": {"angle": 0, "axis": "y", "origin": [-7, 0, 0]},
			"faces": {
				"north": {"uv": [0, 2, 2.75, 2.75], "texture": "#1"},
				"east": {"uv": [6, 8, 6.5, 8.75], "texture": "#1"},
				"south": {"uv": [0, 3, 2.75, 3.75], "texture": "#1"},
				"west": {"uv": [7, 8, 7.5, 8.75], "texture": "#1"},
				"up": {"uv": [8.75, 6.5, 6, 6], "texture": "#1"},
				"down": {"uv": [2.75, 7, 0, 7.5], "texture": "#1"}
			}
		},
		{
			"from": [11, 5.4, 6],
			"to": [14.25, 5.9, 6.5],
			"rotation": {"angle": 0, "axis": "y", "origin": [-7, 0, 0]},
			"faces": {
				"north": {"uv": [3, 0, 6.25, 0.5], "texture": "#1"},
				"east": {"uv": [1, 9, 1.5, 9.5], "texture": "#1"},
				"south": {"uv": [3, 1, 6.25, 1.5], "texture": "#1"},
				"west": {"uv": [2, 9, 2.5, 9.5], "texture": "#1"},
				"up": {"uv": [6.25, 2.5, 3, 2], "texture": "#1"},
				"down": {"uv": [6.25, 3, 3, 3.5], "texture": "#1"}
			}
		},
		{
			"from": [11, 3.65, 6],
			"to": [13.25, 4.15, 6.5],
			"rotation": {"angle": 0, "axis": "y", "origin": [-7, 0, 0]},
			"faces": {
				"north": {"uv": [7, 0, 9.25, 0.5], "texture": "#1"},
				"east": {"uv": [8, 8, 8.5, 8.5], "texture": "#1"},
				"south": {"uv": [7, 1, 9.25, 1.5], "texture": "#1"},
				"west": {"uv": [0, 9, 0.5, 9.5], "texture": "#1"},
				"up": {"uv": [9.25, 2.5, 7, 2], "texture": "#1"},
				"down": {"uv": [5.25, 7, 3, 7.5], "texture": "#1"}
			}
		},
		{
			"from": [11, 4.4, 6],
			"to": [13.75, 5.15, 6.5],
			"rotation": {"angle": 0, "axis": "y", "origin": [-7, 0, 0]},
			"faces": {
				"north": {"uv": [0, 0, 2.75, 0.75], "texture": "#1"},
				"east": {"uv": [8, 4, 8.5, 4.75], "texture": "#1"},
				"south": {"uv": [0, 1, 2.75, 1.75], "texture": "#1"},
				"west": {"uv": [8, 5, 8.5, 5.75], "texture": "#1"},
				"up": {"uv": [2.75, 6.5, 0, 6], "texture": "#1"},
				"down": {"uv": [5.75, 6, 3, 6.5], "texture": "#1"}
			}
		},
		{
			"from": [17.41421, 0.58579, 7],
			"to": [20.41421, 5.58579, 9],
			"rotation": {"angle": 0, "axis": "y", "origin": [-6.58579, 0.58579, 0]},
			"faces": {
				"north": {"uv": [2.5, 6.25, 3.25, 7.5], "texture": "#0"},
				"east": {"uv": [4.75, 6.75, 5.25, 8], "texture": "#0"},
				"south": {"uv": [3.25, 6.5, 4, 7.75], "texture": "#0"},
				"west": {"uv": [5.25, 6.75, 5.75, 8], "texture": "#0"},
				"up": {"uv": [0.75, 8.5, 0, 8], "texture": "#0"},
				"down": {"uv": [1.5, 8, 0.75, 8.5], "texture": "#0"}
			}
		},
		{
			"from": [17.41421, 5.58579, 6.75],
			"to": [20.41421, 7.58579, 9.25],
			"rotation": {"angle": 45, "axis": "z", "origin": [20.41421, 5.58579, 0]},
			"faces": {
				"north": {"uv": [1.5, 8, 2.25, 8.5], "texture": "#0"},
				"east": {"uv": [3, 8, 3.625, 8.5], "texture": "#0"},
				"south": {"uv": [8, 2.5, 8.75, 3], "texture": "#0"},
				"west": {"uv": [8, 3, 8.625, 3.5], "texture": "#0"},
				"up": {"uv": [8.5, 1.625, 7.75, 1], "texture": "#0"},
				"down": {"uv": [8.5, 1.75, 7.75, 2.375], "texture": "#0"}
			}
		},
		{
			"from": [8.5, 0, 7.35],
			"to": [10.5, 2, 8.6],
			"rotation": {"angle": 0, "axis": "z", "origin": [-7, 0, 0]},
			"faces": {
				"north": {"uv": [5, 8.25, 5.5, 8.75], "texture": "#0"},
				"east": {"uv": [2.5, 8.5, 2.875, 9], "texture": "#0"},
				"south": {"uv": [8.25, 7.25, 8.75, 7.75], "texture": "#0"},
				"west": {"uv": [3, 8.5, 3.375, 9], "texture": "#0"},
				"up": {"uv": [4.5, 8.875, 4, 8.5], "texture": "#0"},
				"down": {"uv": [5, 8.5, 4.5, 8.875], "texture": "#0"}
			}
		},
		{
			"from": [-3.5, 3.5, 5.5],
			"to": [-3, 6.5, 6.5],
			"rotation": {"angle": 0, "axis": "y", "origin": [-7, 0, 0]},
			"faces": {
				"north": {"uv": [3, 9, 3.125, 9.75], "texture": "#0"},
				"east": {"uv": [7, 0, 7.25, 0.75], "texture": "#0"},
				"south": {"uv": [3.25, 9, 3.375, 9.75], "texture": "#0"},
				"west": {"uv": [7, 3.5, 7.25, 4.25], "texture": "#0"},
				"up": {"uv": [9.375, 8.25, 9.25, 8], "texture": "#0"},
				"down": {"uv": [9.625, 5, 9.5, 5.25], "texture": "#0"}
			}
		},
		{
			"from": [-3.5, 3.5, 9.5],
			"to": [-3, 6.5, 10.5],
			"rotation": {"angle": 0, "axis": "y", "origin": [-7, 0, 0]},
			"faces": {
				"north": {"uv": [4.75, 9, 4.875, 9.75], "texture": "#0"},
				"east": {"uv": [7, 6, 7.25, 6.75], "texture": "#0"},
				"south": {"uv": [5, 9, 5.125, 9.75], "texture": "#0"},
				"west": {"uv": [7.25, 4.5, 7.5, 5.25], "texture": "#0"},
				"up": {"uv": [5.875, 9.75, 5.75, 9.5], "texture": "#0"},
				"down": {"uv": [9.625, 5.75, 9.5, 6], "texture": "#0"}
			}
		},
		{
			"from": [-3.5, 6, 9],
			"to": [-3, 6.5, 9.5],
			"rotation": {"angle": 0, "axis": "y", "origin": [-7, 0, 0]},
			"faces": {
				"north": {"uv": [6.75, 9.5, 6.875, 9.625], "texture": "#0"},
				"east": {"uv": [9.5, 6.75, 9.625, 6.875], "texture": "#0"},
				"south": {"uv": [7.25, 9.5, 7.375, 9.625], "texture": "#0"},
				"west": {"uv": [7.5, 9.5, 7.625, 9.625], "texture": "#0"},
				"up": {"uv": [7.875, 9.625, 7.75, 9.5], "texture": "#0"},
				"down": {"uv": [8.125, 9.5, 8, 9.625], "texture": "#0"}
			}
		},
		{
			"from": [-3.5, 6, 6.5],
			"to": [-3, 6.5, 7],
			"rotation": {"angle": 0, "axis": "y", "origin": [-7, 0, 0]},
			"faces": {
				"north": {"uv": [9.5, 8, 9.625, 8.125], "texture": "#0"},
				"east": {"uv": [8.25, 9.5, 8.375, 9.625], "texture": "#0"},
				"south": {"uv": [8.5, 9.5, 8.625, 9.625], "texture": "#0"},
				"west": {"uv": [8.75, 9.5, 8.875, 9.625], "texture": "#0"},
				"up": {"uv": [9.625, 8.875, 9.5, 8.75], "texture": "#0"},
				"down": {"uv": [9.625, 9, 9.5, 9.125], "texture": "#0"}
			}
		},
		{
			"from": [-3.5, 3.5, 6.5],
			"to": [-3, 4, 7],
			"rotation": {"angle": 0, "axis": "y", "origin": [-7, 0, 0]},
			"faces": {
				"north": {"uv": [9.5, 9.25, 9.625, 9.375], "texture": "#0"},
				"east": {"uv": [9.5, 9.5, 9.625, 9.625], "texture": "#0"},
				"south": {"uv": [0, 9.75, 0.125, 9.875], "texture": "#0"},
				"west": {"uv": [9.75, 0, 9.875, 0.125], "texture": "#0"},
				"up": {"uv": [0.375, 9.875, 0.25, 9.75], "texture": "#0"},
				"down": {"uv": [9.875, 0.25, 9.75, 0.375], "texture": "#0"}
			}
		},
		{
			"from": [-3.5, 3.5, 9],
			"to": [-3, 4, 9.5],
			"rotation": {"angle": 0, "axis": "y", "origin": [-7, 0, 0]},
			"faces": {
				"north": {"uv": [0.5, 9.75, 0.625, 9.875], "texture": "#0"},
				"east": {"uv": [9.75, 0.5, 9.875, 0.625], "texture": "#0"},
				"south": {"uv": [0.75, 9.75, 0.875, 9.875], "texture": "#0"},
				"west": {"uv": [9.75, 0.75, 9.875, 0.875], "texture": "#0"},
				"up": {"uv": [1.125, 9.875, 1, 9.75], "texture": "#0"},
				"down": {"uv": [3.125, 9.75, 3, 9.875], "texture": "#0"}
			}
		},
		{
			"from": [-3.5, 6.5, 6.5],
			"to": [-3, 7.5, 9.5],
			"rotation": {"angle": 0, "axis": "y", "origin": [-7, 0, 0]},
			"faces": {
				"north": {"uv": [5.25, 9.5, 5.375, 9.75], "texture": "#0"},
				"east": {"uv": [8.25, 7.75, 9, 8], "texture": "#0"},
				"south": {"uv": [9.5, 5.25, 9.625, 5.5], "texture": "#0"},
				"west": {"uv": [8, 8.25, 8.75, 8.5], "texture": "#0"},
				"up": {"uv": [4.125, 9.75, 4, 9], "texture": "#0"},
				"down": {"uv": [4.375, 9, 4.25, 9.75], "texture": "#0"}
			}
		},
		{
			"from": [-3.5, 2.5, 6.5],
			"to": [-3, 3.5, 9.5],
			"rotation": {"angle": 0, "axis": "y", "origin": [-7, 0, 0]},
			"faces": {
				"north": {"uv": [5.5, 9.5, 5.625, 9.75], "texture": "#0"},
				"east": {"uv": [0, 8.5, 0.75, 8.75], "texture": "#0"},
				"south": {"uv": [9.5, 5.5, 9.625, 5.75], "texture": "#0"},
				"west": {"uv": [8.5, 0, 9.25, 0.25], "texture": "#0"},
				"up": {"uv": [4.625, 9.75, 4.5, 9], "texture": "#0"},
				"down": {"uv": [9.125, 4.5, 9, 5.25], "texture": "#0"}
			}
		},
		{
			"from": [-1, 3.5, 5.5],
			"to": [5.5, 6.5, 10.5],
			"rotation": {"angle": 0, "axis": "y", "origin": [-7, 0, 0]},
			"faces": {
				"north": {"uv": [0, 5.5, 1.625, 6.25], "texture": "#0"},
				"east": {"uv": [4.5, 6, 5.75, 6.75], "texture": "#0"},
				"south": {"uv": [5.5, 0.75, 7.125, 1.5], "texture": "#0"},
				"west": {"uv": [5.75, 6, 7, 6.75], "texture": "#0"},
				"up": {"uv": [3.125, 1.25, 1.5, 0], "texture": "#0"},
				"down": {"uv": [3.125, 1.25, 1.5, 2.5], "texture": "#0"}
			}
		},
		{
			"from": [-1, 6.5, 6.5],
			"to": [5.5, 7.5, 9.5],
			"rotation": {"angle": 0, "axis": "y", "origin": [-7, 0, 0]},
			"faces": {
				"north": {"uv": [7.5, 5.5, 9.125, 5.75], "texture": "#0"},
				"east": {"uv": [8.5, 0.25, 9.25, 0.5], "texture": "#0"},
				"south": {"uv": [3, 7.75, 4.625, 8], "texture": "#0"},
				"west": {"uv": [8.5, 0.5, 9.25, 0.75], "texture": "#0"},
				"up": {"uv": [6.875, 0.75, 5.25, 0], "texture": "#0"},
				"down": {"uv": [6.125, 5.25, 4.5, 6], "texture": "#0"}
			}
		},
		{
			"from": [-1, 2.5, 6.5],
			"to": [5.5, 3.5, 9.5],
			"rotation": {"angle": 0, "axis": "y", "origin": [-7, 0, 0]},
			"faces": {
				"north": {"uv": [7.75, 3.5, 9.375, 3.75], "texture": "#0"},
				"east": {"uv": [0.75, 8.5, 1.5, 8.75], "texture": "#0"},
				"south": {"uv": [7.75, 3.75, 9.375, 4], "texture": "#0"},
				"west": {"uv": [8.5, 0.75, 9.25, 1], "texture": "#0"},
				"up": {"uv": [7.125, 2.25, 5.5, 1.5], "texture": "#0"},
				"down": {"uv": [3.375, 5.5, 1.75, 6.25], "texture": "#0"}
			}
		},
		{
			"from": [2.25, 6.5, 7.5],
			"to": [3.25, 8, 8.5],
			"rotation": {"angle": -45, "axis": "x", "origin": [-0.25, 5, 8]},
			"faces": {
				"north": {"uv": [8, 9, 8.25, 9.375], "texture": "#0"},
				"east": {"uv": [8.25, 9, 8.5, 9.375], "texture": "#0"},
				"south": {"uv": [8.5, 9, 8.75, 9.375], "texture": "#0"},
				"west": {"uv": [8.75, 9, 9, 9.375], "texture": "#0"},
				"up": {"uv": [9.5, 4.5, 9.25, 4.25], "texture": "#0"},
				"down": {"uv": [9.5, 4.5, 9.25, 4.75], "texture": "#0"}
			}
		},
		{
			"from": [2.6, 8, 7.85],
			"to": [2.9, 9.5, 8.15],
			"rotation": {"angle": -45, "axis": "x", "origin": [-0.25, 5, 8]},
			"faces": {
				"north": {"uv": [1.25, 9.5, 1.375, 9.875], "texture": "#0"},
				"east": {"uv": [1.5, 9.5, 1.625, 9.875], "texture": "#0"},
				"south": {"uv": [1.75, 9.5, 1.875, 9.875], "texture": "#0"},
				"west": {"uv": [2, 9.5, 2.125, 9.875], "texture": "#0"},
				"up": {"uv": [9.875, 6.625, 9.75, 6.5], "texture": "#0"},
				"down": {"uv": [6.875, 9.75, 6.75, 9.875], "texture": "#0"}
			}
		},
		{
			"from": [2.45, 9.5, 7.7],
			"to": [3.05, 10.1, 8.3],
			"rotation": {"angle": -45, "axis": "x", "origin": [-0.25, 5, 8]},
			"faces": {
				"north": {"uv": [9.75, 6.75, 9.875, 6.875], "texture": "#0"},
				"east": {"uv": [7, 9.75, 7.125, 9.875], "texture": "#0"},
				"south": {"uv": [9.75, 7, 9.875, 7.125], "texture": "#0"},
				"west": {"uv": [7.25, 9.75, 7.375, 9.875], "texture": "#0"},
				"up": {"uv": [9.875, 7.375, 9.75, 7.25], "texture": "#0"},
				"down": {"uv": [7.625, 9.75, 7.5, 9.875], "texture": "#0"}
			}
		},
		{
			"from": [2.25, 6.5, 7.5],
			"to": [3.25, 8, 8.5],
			"rotation": {"angle": 45, "axis": "x", "origin": [-0.25, 5, 8]},
			"faces": {
				"north": {"uv": [9, 8.75, 9.25, 9.125], "texture": "#0"},
				"east": {"uv": [0, 9.25, 0.25, 9.625], "texture": "#0"},
				"south": {"uv": [9.25, 0, 9.5, 0.375], "texture": "#0"},
				"west": {"uv": [0.25, 9.25, 0.5, 9.625], "texture": "#0"},
				"up": {"uv": [9.5, 5, 9.25, 4.75], "texture": "#0"},
				"down": {"uv": [9.5, 5, 9.25, 5.25], "texture": "#0"}
			}
		},
		{
			"from": [2.6, 8, 7.85],
			"to": [2.9, 9.5, 8.15],
			"rotation": {"angle": 45, "axis": "x", "origin": [-0.25, 5, 8]},
			"faces": {
				"north": {"uv": [2.25, 9.5, 2.375, 9.875], "texture": "#0"},
				"east": {"uv": [2.5, 9.5, 2.625, 9.875], "texture": "#0"},
				"south": {"uv": [2.75, 9.5, 2.875, 9.875], "texture": "#0"},
				"west": {"uv": [3.5, 9.5, 3.625, 9.875], "texture": "#0"},
				"up": {"uv": [9.875, 7.625, 9.75, 7.5], "texture": "#0"},
				"down": {"uv": [7.875, 9.75, 7.75, 9.875], "texture": "#0"}
			}
		},
		{
			"from": [2.45, 9.5, 7.7],
			"to": [3.05, 10.1, 8.3],
			"rotation": {"angle": 45, "axis": "x", "origin": [-0.25, 5, 8]},
			"faces": {
				"north": {"uv": [9.75, 7.75, 9.875, 7.875], "texture": "#0"},
				"east": {"uv": [8, 9.75, 8.125, 9.875], "texture": "#0"},
				"south": {"uv": [9.75, 8, 9.875, 8.125], "texture": "#0"},
				"west": {"uv": [8.25, 9.75, 8.375, 9.875], "texture": "#0"},
				"up": {"uv": [9.875, 8.375, 9.75, 8.25], "texture": "#0"},
				"down": {"uv": [8.625, 9.75, 8.5, 9.875], "texture": "#0"}
			}
		},
		{
			"from": [2.25, 2, 7.5],
			"to": [3.25, 3.5, 8.5],
			"rotation": {"angle": 0, "axis": "x", "origin": [-0.25, 5, 8]},
			"faces": {
				"north": {"uv": [0.5, 9.25, 0.75, 9.625], "texture": "#0"},
				"east": {"uv": [9.25, 0.5, 9.5, 0.875], "texture": "#0"},
				"south": {"uv": [0.75, 9.25, 1, 9.625], "texture": "#0"},
				"west": {"uv": [1, 9.25, 1.25, 9.625], "texture": "#0"},
				"up": {"uv": [9.5, 5.75, 9.25, 5.5], "texture": "#0"},
				"down": {"uv": [9.5, 5.75, 9.25, 6], "texture": "#0"}
			}
		},
		{
			"from": [2.6, 0.5, 7.85],
			"to": [2.9, 2, 8.15],
			"rotation": {"angle": 0, "axis": "x", "origin": [-0.25, 5, 8]},
			"faces": {
				"north": {"uv": [9.5, 3.5, 9.625, 3.875], "texture": "#0"},
				"east": {"uv": [3.75, 9.5, 3.875, 9.875], "texture": "#0"},
				"south": {"uv": [9.5, 4, 9.625, 4.375], "texture": "#0"},
				"west": {"uv": [9.5, 4.5, 9.625, 4.875], "texture": "#0"},
				"up": {"uv": [9.875, 8.625, 9.75, 8.5], "texture": "#0"},
				"down": {"uv": [8.875, 9.75, 8.75, 9.875], "texture": "#0"}
			}
		},
		{
			"from": [2.45, -0.1, 7.7],
			"to": [3.05, 0.5, 8.3],
			"rotation": {"angle": 0, "axis": "x", "origin": [-0.25, 5, 8]},
			"faces": {
				"north": {"uv": [9.75, 8.75, 9.875, 8.875], "texture": "#0"},
				"east": {"uv": [9, 9.75, 9.125, 9.875], "texture": "#0"},
				"south": {"uv": [9.75, 9, 9.875, 9.125], "texture": "#0"},
				"west": {"uv": [9.25, 9.75, 9.375, 9.875], "texture": "#0"},
				"up": {"uv": [9.875, 9.375, 9.75, 9.25], "texture": "#0"},
				"down": {"uv": [9.625, 9.75, 9.5, 9.875], "texture": "#0"}
			}
		},
		{
			"from": [0.75, 2, 7.5],
			"to": [1.75, 3.5, 8.5],
			"rotation": {"angle": 45, "axis": "x", "origin": [1.25, 5, 8]},
			"faces": {
				"north": {"uv": [7.25, 9, 7.5, 9.375], "texture": "#0"},
				"east": {"uv": [7.5, 9, 7.75, 9.375], "texture": "#0"},
				"south": {"uv": [7.75, 9, 8, 9.375], "texture": "#0"},
				"west": {"uv": [9, 7.75, 9.25, 8.125], "texture": "#0"},
				"up": {"uv": [4, 9.5, 3.75, 9.25], "texture": "#0"},
				"down": {"uv": [9.5, 4, 9.25, 4.25], "texture": "#0"}
			}
		},
		{
			"from": [1.1, 0.5, 7.85],
			"to": [1.4, 2, 8.15],
			"rotation": {"angle": 45, "axis": "x", "origin": [1.25, 5, 8]},
			"faces": {
				"north": {"uv": [9, 9.25, 9.125, 9.625], "texture": "#0"},
				"east": {"uv": [9.25, 9.25, 9.375, 9.625], "texture": "#0"},
				"south": {"uv": [9.5, 0, 9.625, 0.375], "texture": "#0"},
				"west": {"uv": [9.5, 0.5, 9.625, 0.875], "texture": "#0"},
				"up": {"uv": [9.875, 5.625, 9.75, 5.5], "texture": "#0"},
				"down": {"uv": [5.875, 9.75, 5.75, 9.875], "texture": "#0"}
			}
		},
		{
			"from": [0.95, -0.1, 7.7],
			"to": [1.55, 0.5, 8.3],
			"rotation": {"angle": 45, "axis": "x", "origin": [1.25, 5, 8]},
			"faces": {
				"north": {"uv": [9.75, 5.75, 9.875, 5.875], "texture": "#0"},
				"east": {"uv": [6, 9.75, 6.125, 9.875], "texture": "#0"},
				"south": {"uv": [9.75, 6, 9.875, 6.125], "texture": "#0"},
				"west": {"uv": [6.25, 9.75, 6.375, 9.875], "texture": "#0"},
				"up": {"uv": [9.875, 6.375, 9.75, 6.25], "texture": "#0"},
				"down": {"uv": [6.625, 9.75, 6.5, 9.875], "texture": "#0"}
			}
		},
		{
			"from": [0.75, 4.5, 9.5],
			"to": [1.75, 5.5, 11],
			"rotation": {"angle": 45, "axis": "x", "origin": [1.25, 5, 8]},
			"faces": {
				"north": {"uv": [2.75, 9.25, 3, 9.5], "texture": "#0"},
				"east": {"uv": [9, 5.25, 9.375, 5.5], "texture": "#0"},
				"south": {"uv": [3.5, 9.25, 3.75, 9.5], "texture": "#0"},
				"west": {"uv": [6, 9, 6.375, 9.25], "texture": "#0"},
				"up": {"uv": [6.75, 9.375, 6.5, 9], "texture": "#0"},
				"down": {"uv": [7, 9, 6.75, 9.375], "texture": "#0"}
			}
		},
		{
			"from": [1.1, 4.85, 11],
			"to": [1.4, 5.15, 12.5],
			"rotation": {"angle": 45, "axis": "x", "origin": [1.25, 5, 8]},
			"faces": {
				"north": {"uv": [9.75, 4.5, 9.875, 4.625], "texture": "#0"},
				"east": {"uv": [9.25, 7, 9.625, 7.125], "texture": "#0"},
				"south": {"uv": [4.75, 9.75, 4.875, 9.875], "texture": "#0"},
				"west": {"uv": [9.25, 7.75, 9.625, 7.875], "texture": "#0"},
				"up": {"uv": [7.125, 9.625, 7, 9.25], "texture": "#0"},
				"down": {"uv": [9.375, 8.75, 9.25, 9.125], "texture": "#0"}
			}
		},
		{
			"from": [0.95, 4.7, 12.5],
			"to": [1.55, 5.3, 13.1],
			"rotation": {"angle": 45, "axis": "x", "origin": [1.25, 5, 8]},
			"faces": {
				"north": {"uv": [9.75, 4.75, 9.875, 4.875], "texture": "#0"},
				"east": {"uv": [5, 9.75, 5.125, 9.875], "texture": "#0"},
				"south": {"uv": [9.75, 5, 9.875, 5.125], "texture": "#0"},
				"west": {"uv": [5.25, 9.75, 5.375, 9.875], "texture": "#0"},
				"up": {"uv": [9.875, 5.375, 9.75, 5.25], "texture": "#0"},
				"down": {"uv": [5.625, 9.75, 5.5, 9.875], "texture": "#0"}
			}
		},
		{
			"from": [0.75, 6.5, 7.5],
			"to": [1.75, 8, 8.5],
			"rotation": {"angle": 0, "axis": "x", "origin": [1.25, 5, 8]},
			"faces": {
				"north": {"uv": [1.25, 5, 1.5, 5.375], "texture": "#0"},
				"east": {"uv": [5.25, 9, 5.5, 9.375], "texture": "#0"},
				"south": {"uv": [5.5, 9, 5.75, 9.375], "texture": "#0"},
				"west": {"uv": [5.75, 9, 6, 9.375], "texture": "#0"},
				"up": {"uv": [3.25, 7.75, 3, 7.5], "texture": "#0"},
				"down": {"uv": [5.75, 8.25, 5.5, 8.5], "texture": "#0"}
			}
		},
		{
			"from": [1.1, 8, 7.85],
			"to": [1.4, 9.5, 8.15],
			"rotation": {"angle": 0, "axis": "x", "origin": [1.25, 5, 8]},
			"faces": {
				"north": {"uv": [6, 9.25, 6.125, 9.625], "texture": "#0"},
				"east": {"uv": [9.25, 6, 9.375, 6.375], "texture": "#0"},
				"south": {"uv": [6.25, 9.25, 6.375, 9.625], "texture": "#0"},
				"west": {"uv": [9.25, 6.5, 9.375, 6.875], "texture": "#0"},
				"up": {"uv": [3.375, 9.875, 3.25, 9.75], "texture": "#0"},
				"down": {"uv": [9.875, 3.5, 9.75, 3.625], "texture": "#0"}
			}
		},
		{
			"from": [0.95, 9.5, 7.7],
			"to": [1.55, 10.1, 8.3],
			"rotation": {"angle": 0, "axis": "x", "origin": [1.25, 5, 8]},
			"faces": {
				"north": {"uv": [9.75, 3.75, 9.875, 3.875], "texture": "#0"},
				"east": {"uv": [4, 9.75, 4.125, 9.875], "texture": "#0"},
				"south": {"uv": [9.75, 4, 9.875, 4.125], "texture": "#0"},
				"west": {"uv": [4.25, 9.75, 4.375, 9.875], "texture": "#0"},
				"up": {"uv": [9.875, 4.375, 9.75, 4.25], "texture": "#0"},
				"down": {"uv": [4.625, 9.75, 4.5, 9.875], "texture": "#0"}
			}
		}
	],
	"display": {
		"thirdperson_righthand": {
			"rotation": [-6, -89, -5],
			"translation": [0.25, 5.75, -1.75],
			"scale": [0.8, 0.8, 0.8]
		},
		"thirdperson_lefthand": {
			"rotation": [-6, 89, -5],
			"translation": [0.25, 5.75, -1.75],
			"scale": [0.8, 0.8, 0.8]
		},
		"firstperson_righthand": {
			"rotation": [0, -97, -4],
			"translation": [-1.75, 4.75, 2.75],
			"scale": [0.5, 0.6, 0.6]
		},
		"firstperson_lefthand": {
			"rotation": [0, 99, -4],
			"translation": [-1.75, 4.75, 2.75],
			"scale": [0.5, 0.6, 0.6]
		},
		"ground": {
			"translation": [0, 5.5, 0],
			"scale": [0.8, 0.8, 0.8]
		},
		"gui": {
			"rotation": [24, 40, 0],
			"translation": [0, 2.25, 0],
			"scale": [0.75, 0.9, 0.9]
		},
		"fixed": {
			"rotation": [0, -180, 0],
			"translation": [0, 2.5, -2.25],
			"scale": [0.9, 0.9, 0.9]
		}
	},
	"groups": [
		0,
		1,
		2,
		3,
		4,
		5,
		6,
		7,
		8,
		9,
		10,
		11,
		12,
		13,
		14,
		15,
		16,
		17,
		18,
		19,
		20,
		21,
		22,
		23,
		24,
		25,
		26,
		27,
		28,
		29,
		30,
		31,
		32,
		{
			"name": "group",
			"origin": [0, 0, 0],
			"color": 0,
			"nbt": "{}",
			"children": [
				{
					"name": "group",
					"origin": [0, 0, 0],
					"color": 0,
					"nbt": "{}",
					"children": [33, 34, 35]
				},
				{
					"name": "group",
					"origin": [0, 0, 0],
					"color": 0,
					"nbt": "{}",
					"children": [36, 37, 38]
				},
				{
					"name": "group",
					"origin": [0, 0, 0],
					"color": 0,
					"nbt": "{}",
					"children": [39, 40, 41]
				}
			]
		},
		{
			"name": "group",
			"origin": [8, 8, 8],
			"color": 0,
			"nbt": "{}",
			"children": [
				{
					"name": "group",
					"origin": [0, 0, 0],
					"color": 0,
					"nbt": "{}",
					"children": [42, 43, 44]
				},
				{
					"name": "group",
					"origin": [0, 0, 0],
					"color": 0,
					"nbt": "{}",
					"children": [45, 46, 47]
				},
				{
					"name": "group",
					"origin": [0, 0, 0],
					"color": 0,
					"nbt": "{}",
					"children": [48, 49, 50]
				}
			]
		}
	]
}