{"elements":[{"from":[7.5,7.5,4.875],"to":[8.5,7.875,11.125],"rotation":{"angle":0,"axis":"y","origin":[4,7.5,4]},"faces":{"north":{"uv":[5.5,2.5,6,2.75],"texture":"#3"},"east":{"uv":[5.5,0,8.625,0.25],"texture":"#3"},"south":{"uv":[5.5,2.75,6,3],"texture":"#3"},"west":{"uv":[5.5,0.25,8.625,0.5],"texture":"#3"},"up":{"uv":[5.5,3.125,5,0],"texture":"#3"},"down":{"uv":[5.5,3.25,5,6.375],"texture":"#3"}}}],"textures":{"2":"minecraft:custom/magic_book_pages","3":"minecraft:custom/magic_book_back","4":"minecraft:custom/magic_book_page1","5":"minecraft:custom/magic_book_page2","6":"minecraft:custom/magic_book_page3","9":"minecraft:custom/empty"},"display":{"head":{"translation":[0,-6.4,0],"scale":[3.2,3.2,3.2],"rotation":[0,180,0]}},"texture_size":[64,64]}