{"elements":[{"from":[3.5,8,5],"to":[8,8.025,11],"rotation":{"angle":0,"axis":"y","origin":[8,7.75,4]},"faces":{"north":{"uv":[4.875,0.125,5.375,0.875],"texture":"#5"},"east":{"uv":[4.875,0.125,5.375,0.875],"texture":"#5"},"south":{"uv":[4.875,0.125,5.375,0.875],"texture":"#5"},"west":{"uv":[4.875,0.125,5.375,0.875],"texture":"#5"},"up":{"uv":[4.5,12,0,6],"texture":"#5"},"down":{"uv":[0,0,4.5,6],"texture":"#5"}}}],"textures":{"2":"minecraft:custom/magic_book_pages","3":"minecraft:custom/magic_book_back","4":"minecraft:custom/magic_book_page1","5":"minecraft:custom/magic_book_page2","6":"minecraft:custom/magic_book_page3","9":"minecraft:custom/empty"},"display":{"head":{"translation":[0,-6.4,0],"scale":[3.2,3.2,3.2],"rotation":[0,180,0]}},"texture_size":[64,64]}