{
	"credit": "Made with Blockbench",
	"texture_size": [64, 64],
	"textures": {
		"2": "custom/magic_book_pages",
		"3": "custom/magic_book_back"
	},
	"elements": [
		{
			"name": "book_back",
			"from": [7, 0.25, 2.75],
			"to": [9, 1, 15.25],
			"rotation": {"angle": 0, "axis": "y", "origin": [-8, 0, -8]},
			"faces": {
				"north": {"uv": [5.5, 2.5, 6, 2.75], "texture": "#3"},
				"east": {"uv": [5.5, 0, 8.625, 0.25], "texture": "#3"},
				"south": {"uv": [5.5, 2.75, 6, 3], "texture": "#3"},
				"west": {"uv": [5.5, 0.25, 8.625, 0.5], "texture": "#3"},
				"up": {"uv": [5.5, 3.125, 5, 0], "texture": "#3"},
				"down": {"uv": [5.5, 3.25, 5, 6.375], "texture": "#3"}
			}
		},
		{
			"name": "paper",
			"from": [8, 1, 3],
			"to": [9, 10, 15],
			"rotation": {"angle": 0, "axis": "z", "origin": [8, 1.75, -8]},
			"faces": {
				"north": {"uv": [9, 2, 13.5, 2.5], "rotation": 90, "texture": "#2"},
				"east": {"uv": [9, 0, 4.5, 6], "rotation": 270, "texture": "#2"},
				"south": {"uv": [9, 2.5, 13.5, 3], "rotation": 270, "texture": "#2"},
				"west": {"uv": [4.5, 6, 0, 0], "rotation": 270, "texture": "#2"},
				"up": {"uv": [9, 0, 15, 0.5], "rotation": 270, "texture": "#2"},
				"down": {"uv": [9, 0.5, 15, 1], "rotation": 270, "texture": "#2"}
			}
		},
		{
			"name": "book_back",
			"from": [9, 1, 2.75],
			"to": [9.25, 10.25, 15.25],
			"rotation": {"angle": 0, "axis": "z", "origin": [8, 1.75, -8]},
			"faces": {
				"north": {"uv": [5.5, 1.5, 7.875, 1.625], "rotation": 90, "texture": "#3"},
				"east": {"uv": [4.875, 0, 2.5, 3.125], "rotation": 270, "texture": "#3"},
				"south": {"uv": [5.5, 1.75, 7.875, 1.875], "rotation": 270, "texture": "#3"},
				"west": {"uv": [2.375, 3.125, 0, 0], "rotation": 270, "texture": "#3"},
				"up": {"uv": [5.5, 0.5, 8.625, 0.625], "rotation": 270, "texture": "#3"},
				"down": {"uv": [5.5, 0.75, 8.625, 0.875], "rotation": 270, "texture": "#3"}
			}
		},
		{
			"name": "paper",
			"from": [7, 1, 3],
			"to": [8, 10, 15],
			"rotation": {"angle": 0, "axis": "z", "origin": [8, 1.75, -8]},
			"faces": {
				"north": {"uv": [9, 3, 13.5, 3.5], "rotation": 270, "texture": "#2"},
				"east": {"uv": [4.5, 12, 0, 6], "rotation": 90, "texture": "#2"},
				"south": {"uv": [9, 3.5, 13.5, 4], "rotation": 90, "texture": "#2"},
				"west": {"uv": [9, 6, 4.5, 12], "rotation": 90, "texture": "#2"},
				"up": {"uv": [9, 1.5, 15, 2], "rotation": 90, "texture": "#2"},
				"down": {"uv": [9, 1, 15, 1.5], "rotation": 90, "texture": "#2"}
			}
		},
		{
			"name": "book_back",
			"from": [6.75, 1, 2.75],
			"to": [7, 10.25, 15.25],
			"rotation": {"angle": 0, "axis": "z", "origin": [8, 1.75, -8]},
			"faces": {
				"north": {"uv": [5.5, 2, 7.875, 2.125], "rotation": 270, "texture": "#3"},
				"east": {"uv": [2.375, 6.375, 0, 3.25], "rotation": 90, "texture": "#3"},
				"south": {"uv": [5.5, 2.25, 7.875, 2.375], "rotation": 90, "texture": "#3"},
				"west": {"uv": [4.875, 3.25, 2.5, 6.375], "rotation": 90, "texture": "#3"},
				"up": {"uv": [5.5, 1.25, 8.625, 1.375], "rotation": 90, "texture": "#3"},
				"down": {"uv": [5.5, 1, 8.625, 1.125], "rotation": 90, "texture": "#3"}
			}
		}
	],
	"display": {
		"thirdperson_righthand": {
			"rotation": [31, 5, -25],
			"translation": [0.5, 3.75, -0.25],
			"scale": [0.5, 0.5, 0.5]
		},
		"thirdperson_lefthand": {
			"rotation": [35, 6, -30],
			"translation": [0.5, 3.75, -0.25],
			"scale": [0.5, 0.5, 0.5]
		},
		"firstperson_righthand": {
			"rotation": [59, -16, 78],
			"translation": [2.25, 3, 0],
			"scale": [0.4, 0.4, 0.4]
		},
		"firstperson_lefthand": {
			"rotation": [59, -16, 78],
			"translation": [2.25, 3, 0],
			"scale": [0.4, 0.4, 0.4]
		},
		"ground": {
			"translation": [0, 1.75, 0],
			"scale": [0.7, 0.7, 0.7]
		},
		"gui": {
			"rotation": [111, 0, 51],
			"translation": [-0.75, 0.25, 0],
			"scale": [0.8, 0.8, 0.8]
		},
		"fixed": {
			"rotation": [90, 0, 90],
			"translation": [-2.75, 1.5, -0.25]
		}
	},
	"groups": [
		{
			"name": "root",
			"origin": [0, 0, 0],
			"color": 0,
			"nbt": "{}",
			"children": [
				{
					"name": "book",
					"origin": [0, 1, 0],
					"color": 0,
					"nbt": "{}",
					"children": [
						0,
						{
							"name": "left_half",
							"origin": [0, 1.75, 0],
							"color": 0,
							"nbt": "{}",
							"children": [1, 2]
						},
						{
							"name": "right_half",
							"origin": [0, 1.75, 0],
							"color": 0,
							"nbt": "{}",
							"children": [3, 4]
						}
					]
				}
			]
		}
	]
}