{
	"credit": "Made with Blockbench",
	"texture_size": [64, 64],
	"textures": {
		"2": "custom/magic_book_pages",
		"3": "custom/magic_book_back",
		"4": "custom/magic_book_page1",
		"5": "custom/magic_book_page2",
		"6": "custom/magic_book_page3"
	},
	"elements": [
		{
			"name": "paper",
			"from": [-1, 1.75, 3],
			"to": [8, 1.8, 15],
			"rotation": {"angle": -45, "axis": "z", "origin": [8, 1.75, -8]},
			"faces": {
				"north": {"uv": [4.875, 0.125, 5.375, 0.875], "texture": "#4"},
				"east": {"uv": [4.875, 0.125, 5.375, 0.875], "texture": "#4"},
				"south": {"uv": [4.875, 0.125, 5.375, 0.875], "texture": "#4"},
				"west": {"uv": [4.875, 0.125, 5.375, 0.875], "texture": "#4"},
				"up": {"uv": [4.5, 12, 0, 6], "texture": "#4"},
				"down": {"uv": [0, 0, 4.5, 6], "texture": "#4"}
			}
		},
		{
			"name": "paper",
			"from": [8, 1.75, 3],
			"to": [8.05, 10.75, 15],
			"rotation": {"angle": 0, "axis": "z", "origin": [8, 1.75, -8]},
			"faces": {
				"north": {"uv": [4.875, 0.125, 5.375, 0.875], "rotation": 270, "texture": "#5"},
				"east": {"uv": [4.5, 12, 0, 6], "rotation": 90, "texture": "#5"},
				"south": {"uv": [4.875, 0.125, 5.375, 0.875], "rotation": 90, "texture": "#5"},
				"west": {"uv": [0, 0, 4.5, 6], "rotation": 90, "texture": "#5"},
				"up": {"uv": [4.875, 0.125, 5.375, 0.875], "rotation": 90, "texture": "#5"},
				"down": {"uv": [4.875, 0.125, 5.375, 0.875], "rotation": 90, "texture": "#5"}
			}
		},
		{
			"name": "paper",
			"from": [8, 1.7, 3],
			"to": [17, 1.75, 15],
			"rotation": {"angle": 45, "axis": "z", "origin": [8, 1.75, -8]},
			"faces": {
				"north": {"uv": [4.875, 0.125, 5.375, 0.875], "rotation": 180, "texture": "#6"},
				"east": {"uv": [4.875, 0.125, 5.375, 0.875], "rotation": 180, "texture": "#6"},
				"south": {"uv": [4.875, 0.125, 5.375, 0.875], "rotation": 180, "texture": "#6"},
				"west": {"uv": [4.875, 0.125, 5.375, 0.875], "rotation": 180, "texture": "#6"},
				"up": {"uv": [0, 0, 4.5, 6], "rotation": 180, "texture": "#6"},
				"down": {"uv": [4.5, 12, 0, 6], "rotation": 180, "texture": "#6"}
			}
		},
		{
			"name": "book_back",
			"from": [7, 0.25, 2.75],
			"to": [9, 1, 15.25],
			"rotation": {"angle": 0, "axis": "y", "origin": [-8, 0, -8]},
			"faces": {
				"north": {"uv": [5.5, 2.5, 6, 2.75], "texture": "#3"},
				"east": {"uv": [5.5, 0, 8.625, 0.25], "texture": "#3"},
				"south": {"uv": [5.5, 2.75, 6, 3], "texture": "#3"},
				"west": {"uv": [5.5, 0.25, 8.625, 0.5], "texture": "#3"},
				"up": {"uv": [5.5, 3.125, 5, 0], "texture": "#3"},
				"down": {"uv": [5.5, 3.25, 5, 6.375], "texture": "#3"}
			}
		},
		{
			"name": "paper",
			"from": [8, 0.75, 3],
			"to": [17, 1.75, 15],
			"rotation": {"angle": 22.5, "axis": "z", "origin": [8, 1.75, -8]},
			"faces": {
				"north": {"uv": [9, 2, 13.5, 2.5], "texture": "#2"},
				"east": {"uv": [9, 0, 15, 0.5], "texture": "#2"},
				"south": {"uv": [9, 2.5, 13.5, 3], "texture": "#2"},
				"west": {"uv": [9, 0.5, 15, 1], "texture": "#2"},
				"up": {"uv": [4.5, 6, 0, 0], "texture": "#2"},
				"down": {"uv": [9, 0, 4.5, 6], "texture": "#2"}
			}
		},
		{
			"name": "book_back",
			"from": [8, 0.5, 2.75],
			"to": [17.25, 0.75, 15.25],
			"rotation": {"angle": 22.5, "axis": "z", "origin": [8, 1.75, -8]},
			"faces": {
				"north": {"uv": [5.5, 1.5, 7.875, 1.625], "texture": "#3"},
				"east": {"uv": [5.5, 0.5, 8.625, 0.625], "texture": "#3"},
				"south": {"uv": [5.5, 1.75, 7.875, 1.875], "texture": "#3"},
				"west": {"uv": [5.5, 0.75, 8.625, 0.875], "texture": "#3"},
				"up": {"uv": [2.375, 3.125, 0, 0], "texture": "#3"},
				"down": {"uv": [4.875, 0, 2.5, 3.125], "texture": "#3"}
			}
		},
		{
			"name": "paper",
			"from": [-1, 0.75, 3],
			"to": [8, 1.75, 15],
			"rotation": {"angle": -22.5, "axis": "z", "origin": [8, 1.75, -8]},
			"faces": {
				"north": {"uv": [9, 3, 13.5, 3.5], "texture": "#2"},
				"east": {"uv": [9, 1, 15, 1.5], "texture": "#2"},
				"south": {"uv": [9, 3.5, 13.5, 4], "texture": "#2"},
				"west": {"uv": [9, 1.5, 15, 2], "texture": "#2"},
				"up": {"uv": [4.5, 12, 0, 6], "texture": "#2"},
				"down": {"uv": [9, 6, 4.5, 12], "texture": "#2"}
			}
		},
		{
			"name": "book_back",
			"from": [-1.25, 0.5, 2.75],
			"to": [8, 0.75, 15.25],
			"rotation": {"angle": -22.5, "axis": "z", "origin": [8, 1.75, -8]},
			"faces": {
				"north": {"uv": [5.5, 2, 7.875, 2.125], "texture": "#3"},
				"east": {"uv": [5.5, 1, 8.625, 1.125], "texture": "#3"},
				"south": {"uv": [5.5, 2.25, 7.875, 2.375], "texture": "#3"},
				"west": {"uv": [5.5, 1.25, 8.625, 1.375], "texture": "#3"},
				"up": {"uv": [2.375, 6.375, 0, 3.25], "texture": "#3"},
				"down": {"uv": [4.875, 3.25, 2.5, 6.375], "texture": "#3"}
			}
		}
	],
	"display": {
		"thirdperson_righthand": {
			"rotation": [34, 4, 1],
			"translation": [0, 4.25, -0.25],
			"scale": [0.5, 0.5, 0.5]
		},
		"thirdperson_lefthand": {
			"rotation": [35, 2, -9],
			"translation": [0, 4.25, -0.25],
			"scale": [0.5, 0.5, 0.5]
		},
		"firstperson_righthand": {
			"rotation": [21, -3, 4],
			"translation": [0.75, 4.25, 0],
			"scale": [0.4, 0.4, 0.4]
		},
		"firstperson_lefthand": {
			"rotation": [21, -3, 4],
			"translation": [0.75, 4.25, 0],
			"scale": [0.4, 0.4, 0.4]
		},
		"ground": {
			"scale": [0.3, 0.3, 0.3]
		},
		"gui": {
			"rotation": [34, -30, 0],
			"translation": [0.5, 2.25, 0],
			"scale": [0.7, 0.7, 0.7]
		}
	},
	"groups": [
		{
			"name": "root",
			"origin": [0, 0, 0],
			"color": 0,
			"nbt": "{}",
			"children": [
				{
					"name": "page",
					"origin": [0, 1.75, 0],
					"color": 0,
					"nbt": "{}",
					"children": [0]
				},
				{
					"name": "page2",
					"origin": [0, 1.75, 0],
					"color": 0,
					"nbt": "{}",
					"children": [1]
				},
				{
					"name": "page3",
					"origin": [0, 1.75, 0],
					"color": 0,
					"nbt": "{}",
					"children": [2]
				},
				{
					"name": "book",
					"origin": [0, 1, 0],
					"color": 0,
					"nbt": "{}",
					"children": [3,
						{
							"name": "left_half",
							"origin": [0, 1.75, 0],
							"color": 0,
							"nbt": "{}",
							"children": [4, 5]
						},
						{
							"name": "right_half",
							"origin": [0, 1.75, 0],
							"color": 0,
							"nbt": "{}",
							"children": [6, 7]
						}
					]
				}
			]
		}
	]
}