{"textures":{"0":"minecraft:custom/magic_book_back","4":"minecraft:custom/magic_book_pages"},"elements":[{"from":[8,7,2],"to":[17,8,14],"faces":{"north":{"uv":[9,2,13.5,2.5],"texture":"#4"},"east":{"uv":[9,0,15,0.5],"texture":"#4"},"south":{"uv":[9,2.5,13.5,3],"texture":"#4"},"west":{"uv":[9,0.5,15,1],"texture":"#4"},"up":{"uv":[4.5,6,0,0],"texture":"#4"},"down":{"uv":[9,6,4.5,0],"texture":"#4"}}},{"from":[8,6.75,1.75],"to":[17.25,7,14.25],"faces":{"north":{"uv":[5.5,1.5,7.875,1.625],"texture":"#0"},"east":{"uv":[5.5,0.5,8.625,0.625],"texture":"#0"},"south":{"uv":[5.5,1.75,7.875,1.875],"texture":"#0"},"west":{"uv":[5.5,0.75,8.625,0.875],"texture":"#0"},"up":{"uv":[2.375,0,0,3.125],"texture":"#0"},"down":{"uv":[4.875,0,2.5,3.125],"texture":"#0"}}}]}